window_index,window_score,successor_score,successor_median_score,successor_dispersion,local_score,successor_z,local_z,context_distance,context_ratio,context_ood
0,0.0,0.0,0.0,0.0,0.0,0.0,0.0,0.0,0.0,0.0
1,0.0,0.0,0.0,0.0,0.0,0.0,0.0,5.9604645e-08,0.059604645,0.0
2,0.0,0.0,0.0,0.0,0.0,0.0,0.0,0.0,0.0,0.0
3,0.0,0.0,0.0,0.0,0.0,0.0,0.0,0.0,0.0,0.0
4,0.0,0.0,0.0,0.0,0.0,0.0,0.0,5.9604645e-08,0.059604645,0.0
5,0.0,0.0,0.0,0.0,0.0,0.0,0.0,0.0,0.0,0.0
6,0.0,0.0,0.0,0.0,0.0,0.0,0.0,0.0,0.0,0.0
7,0.0,0.0,0.0,0.0,0.0,0.0,0.0,0.0,0.0,0.0
8,0.0,0.0,0.0,0.0,0.0,0.0,0.0,0.0,0.0,0.0
9,0.0,0.0,0.0,0.0,0.0,0.0,0.0,0.0,0.0,0.0
10,0.0,0.0,0.0,0.0,0.0,0.0,0.0,0.0,0.0,0.0
11,0.0,0.0,0.0,0.0,0.0,0.0,0.0,0.0,0.0,0.0
12,0.0,0.0,0.0,0.0,0.0,0.0,0.0,0.0,0.0,0.0
13,0.0,0.0,0.0,0.0,0.0,0.0,0.0,0.0,0.0,0.0
14,0.0,0.0,0.0,0.0,0.0,0.0,0.0,0.0,0.0,0.0
15,0.0,0.0,0.0,0.0,0.0,0.0,0.0,0.0,0.0,0.0
16,0.0,0.0,0.0,0.0,0.0,0.0,0.0,0.0,0.0,0.0
17,0.0,0.0,0.0,0.0,0.0,0.0,0.0,0.0,0.0,0.0
18,0.0,0.0,0.0,0.0,0.0,0.0,0.0,0.0,0.0,0.0
19,0.0,0.0,0.0,0.0,0.0,0.0,0.0,0.0,0.0,0.0
20,0.0,0.0,0.0,0.0,0.0,0.0,0.0,0.0,0.0,0.0
21,0.0,0.0,0.0,0.0,0.0,0.0,0.0,0.0,0.0,0.0
22,0.0,0.0,0.0,0.0,0.0,0.0,0.0,0.0,0.0,0.0
23,0.0,0.0,0.0,0.0,0.0,0.0,0.0,0.0,0.0,0.0
24,0.0,0.0,0.0,0.0,0.0,0.0,0.0,0.0,0.0,0.0
25,0.0,0.0,0.0,0.0,0.0,0.0,0.0,0.0,0.0,0.0
26,0.0,0.0,0.0,0.0,0.0,0.0,0.0,0.0,0.0,0.0
27,0.0,0.0,0.0,0.0,0.0,0.0,0.0,0.0,0.0,0.0
28,0.0,0.0,0.0,0.0,0.0,0.0,0.0,0.0,0.0,0.0
29,0.0,0.0,0.0,0.0,0.0,0.0,0.0,0.0,0.0,0.0
30,0.0,0.0,0.0,0.0,0.0,0.0,0.0,0.0,0.0,0.0
31,0.0,0.0,0.0,0.0,0.0,0.0,0.0,0.0,0.0,0.0
32,0.0,0.0,0.0,0.0,0.0,0.0,0.0,0.0,0.0,0.0
33,0.0,0.0,0.0,0.0,0.0,0.0,0.0,0.0,0.0,0.0
34,0.0,0.0,0.0,0.0,0.0,0.0,0.0,0.0,0.0,0.0
35,0.0,0.0,0.0,0.0,0.0,0.0,0.0,0.0,0.0,0.0
36,0.0,0.0,0.0,0.0,0.0,0.0,0.0,0.0,0.0,0.0
37,0.0,0.0,0.0,0.0,0.0,0.0,0.0,0.0,0.0,0.0
38,0.0,0.0,0.0,0.0,0.0,0.0,0.0,0.0,0.0,0.0
39,0.0,0.0,0.0,0.0,0.0,0.0,0.0,0.0,0.0,0.0
40,0.0,0.0,0.0,0.0,0.0,0.0,0.0,0.0,0.0,0.0
41,0.0,0.0,0.0,0.0,0.0,0.0,0.0,0.0,0.0,0.0
42,0.0,0.0,0.0,0.0,0.0,0.0,0.0,0.0,0.0,0.0
43,0.0,0.0,0.0,0.0,0.0,0.0,0.0,0.0,0.0,0.0
44,0.0,0.0,0.0,0.0,0.0,0.0,0.0,0.0,0.0,0.0
45,0.0,0.0,0.0,0.0,0.0,0.0,0.0,0.0,0.0,0.0
46,0.0,0.0,0.0,0.0,0.0,0.0,0.0,0.0,0.0,0.0
47,0.0,0.0,0.0,0.0,0.0,0.0,0.0,0.0,0.0,0.0
48,0.0,0.0,0.0,0.0,0.0,0.0,0.0,0.0,0.0,0.0
49,0.0,0.0,0.0,0.0,0.0,0.0,0.0,0.0,0.0,0.0
50,0.0,0.0,0.0,0.0,0.0,0.0,0.0,0.0,0.0,0.0
51,0.0,0.0,0.0,0.0,0.0,0.0,0.0,0.0,0.0,0.0
52,0.0,0.0,0.0,0.0,0.0,0.0,0.0,0.0,0.0,0.0
53,0.0,0.0,0.0,0.0,0.0,0.0,0.0,0.0,0.0,0.0
54,0.0,0.0,0.0,0.0,0.0,0.0,0.0,0.0,0.0,0.0
55,0.0,0.0,0.0,0.0,0.0,0.0,0.0,0.0,0.0,0.0
56,0.0,0.0,0.0,0.0,0.0,0.0,0.0,0.0,0.0,0.0
57,0.0,0.0,0.0,0.0,0.0,0.0,0.0,0.0,0.0,0.0
58,0.0,0.0,0.0,0.0,0.0,0.0,0.0,0.0,0.0,0.0
59,0.0,0.0,0.0,0.0,0.0,0.0,0.0,0.0,0.0,0.0
60,0.0,0.0,0.0,0.0,0.0,0.0,0.0,0.0,0.0,0.0
61,0.0,0.0,0.0,0.0,0.0,0.0,0.0,0.0,0.0,0.0
62,0.0,0.0,0.0,0.0,0.0,0.0,0.0,0.0,0.0,0.0
63,0.0,0.0,0.0,0.0,0.0,0.0,0.0,0.0,0.0,0.0
64,0.0,0.0,0.0,0.0,0.0,0.0,0.0,0.0,0.0,0.0
65,0.0,0.0,0.0,0.0,0.0,0.0,0.0,0.0,0.0,0.0
66,0.0,0.0,0.0,0.0,0.0,0.0,0.0,0.0,0.0,0.0
67,0.0,0.0,0.0,0.0,0.0,0.0,0.0,0.0,0.0,0.0
68,0.0,0.0,0.0,0.0,0.0,0.0,0.0,0.0,0.0,0.0
69,0.0,0.0,0.0,0.0,0.0,0.0,0.0,0.0,0.0,0.0
70,0.0,0.0,0.0,0.0,0.0,0.0,0.0,0.0,0.0,0.0
71,0.0,0.0,0.0,0.0,0.0,0.0,0.0,0.0,0.0,0.0
72,0.0,0.0,0.0,0.0,0.0,0.0,0.0,0.0,0.0,0.0
73,0.0,0.0,0.0,0.0,0.0,0.0,0.0,0.0,0.0,0.0
74,0.0,0.0,0.0,0.0,0.0,0.0,0.0,0.0,0.0,0.0
75,0.0,0.0,0.0,0.0,0.0,0.0,0.0,0.0,0.0,0.0
76,0.0,0.0,0.0,0.0,0.0,0.0,0.0,0.0,0.0,0.0
77,0.0,0.0,0.0,0.0,0.0,0.0,0.0,0.0,0.0,0.0
78,0.0,0.0,0.0,0.0,0.0,0.0,0.0,0.0,0.0,0.0
79,0.0,0.0,0.0,0.0,0.0,0.0,0.0,0.0,0.0,0.0
80,0.0,0.0,0.0,0.0,0.0,0.0,0.0,0.0,0.0,0.0
81,0.0,0.0,0.0,0.0,0.0,0.0,0.0,0.0,0.0,0.0
82,0.0,0.0,0.0,0.0,0.0,0.0,0.0,0.0,0.0,0.0
83,0.0,0.0,0.0,0.0,0.0,0.0,0.0,0.0,0.0,0.0
84,0.0,0.0,0.0,0.0,0.0,0.0,0.0,0.0,0.0,0.0
85,0.0,0.0,0.0,0.0,0.0,0.0,0.0,0.0,0.0,0.0
86,0.0,0.0,0.0,0.0,0.0,0.0,0.0,0.0,0.0,0.0
87,0.0,0.0,0.0,0.0,0.0,0.0,0.0,0.0,0.0,0.0
88,0.0,0.0,0.0,0.0,0.0,0.0,0.0,0.0,0.0,0.0
89,0.0,0.0,0.0,0.0,0.0,0.0,0.0,0.0,0.0,0.0
90,0.0,0.0,0.0,0.0,0.0,0.0,0.0,0.0,0.0,0.0
91,0.0,0.0,0.0,0.0,0.0,0.0,0.0,0.0,0.0,0.0
92,0.0,0.0,0.0,0.0,0.0,0.0,0.0,0.0,0.0,0.0
93,0.0,0.0,0.0,0.0,0.0,0.0,0.0,0.0,0.0,0.0
94,0.0,0.0,0.0,0.0,0.0,0.0,0.0,0.0,0.0,0.0
95,0.0,0.0,0.0,0.0,0.0,0.0,0.0,0.0,0.0,0.0
96,0.0,0.0,0.0,0.0,0.0,0.0,0.0,0.0,0.0,0.0
97,0.0,0.0,0.0,0.0,0.0,0.0,0.0,0.0,0.0,0.0
98,0.0,0.0,0.0,0.0,0.0,0.0,0.0,0.0,0.0,0.0
99,0.0,0.0,0.0,0.0,0.0,0.0,0.0,0.0,0.0,0.0
100,0.0,0.0,0.0,0.0,0.0,0.0,0.0,0.0,0.0,0.0
101,0.0,0.0,0.0,0.0,0.0,0.0,0.0,0.0,0.0,0.0
102,0.0,0.0,0.0,0.0,0.0,0.0,0.0,0.0,0.0,0.0
103,0.0,0.0,0.0,0.0,0.0,0.0,0.0,0.0,0.0,0.0
104,0.0,0.0,0.0,0.0,0.0,0.0,0.0,0.0,0.0,0.0
105,0.0,0.0,0.0,0.0,0.0,0.0,0.0,0.0,0.0,0.0
106,0.0,0.0,0.0,0.0,0.0,0.0,0.0,0.0,0.0,0.0
107,0.0,0.0,0.0,0.0,0.0,0.0,0.0,0.0,0.0,0.0
108,0.0,0.0,0.0,0.0,0.0,0.0,0.0,0.0,0.0,0.0
109,0.0,0.0,0.0,0.0,0.0,0.0,0.0,0.0,0.0,0.0
110,0.0,0.0,0.0,0.0,0.0,0.0,0.0,0.0,0.0,0.0
111,0.0,0.0,0.0,0.0,0.0,0.0,0.0,0.0,0.0,0.0
112,0.0,0.0,0.0,0.0,0.0,0.0,0.0,0.0,0.0,0.0
113,0.0,0.0,0.0,0.0,0.0,0.0,0.0,0.0,0.0,0.0
114,0.0,0.0,0.0,0.0,0.0,0.0,0.0,0.0,0.0,0.0
115,0.0,0.0,0.0,0.0,0.0,0.0,0.0,0.0,0.0,0.0
116,0.0,0.0,0.0,0.0,0.0,0.0,0.0,0.0,0.0,0.0
117,0.0,0.0,0.0,0.0,0.0,0.0,0.0,0.0,0.0,0.0
118,0.0,0.0,0.0,0.0,0.0,0.0,0.0,0.0,0.0,0.0
119,0.0,0.0,0.0,0.0,0.0,0.0,0.0,0.0,0.0,0.0
120,0.0,0.0,0.0,0.0,0.0,0.0,0.0,0.0,0.0,0.0
121,0.0,0.0,0.0,0.0,0.0,0.0,0.0,0.0,0.0,0.0
122,0.0,0.0,0.0,0.0,0.0,0.0,0.0,0.0,0.0,0.0
123,0.0,0.0,0.0,0.0,0.0,0.0,0.0,0.0,0.0,0.0
124,0.0,0.0,0.0,0.0,0.0,0.0,0.0,0.0,0.0,0.0
125,0.0,0.0,0.0,0.0,0.0,0.0,0.0,0.0,0.0,0.0
126,0.0,0.0,0.0,0.0,0.0,0.0,0.0,0.0,0.0,0.0
127,0.0,0.0,0.0,0.0,0.0,0.0,0.0,0.0,0.0,0.0
128,0.0,0.0,0.0,0.0,0.0,0.0,0.0,0.0,0.0,0.0
129,0.0,0.0,0.0,0.0,0.0,0.0,0.0,0.0,0.0,0.0
130,0.0,0.0,0.0,0.0,0.0,0.0,0.0,0.0,0.0,0.0
131,0.0,0.0,0.0,0.0,0.0,0.0,0.0,0.0,0.0,0.0
132,0.0,0.0,0.0,0.0,0.0,0.0,0.0,0.0,0.0,0.0
133,0.0,0.0,0.0,0.0,0.0,0.0,0.0,0.0,0.0,0.0
134,0.0,0.0,0.0,0.0,0.0,0.0,0.0,0.0,0.0,0.0
135,0.0,0.0,0.0,0.0,0.0,0.0,0.0,0.0,0.0,0.0
136,0.0,0.0,0.0,0.0,0.0,0.0,0.0,0.0,0.0,0.0
137,0.0,0.0,0.0,0.0,0.0,0.0,0.0,0.0,0.0,0.0
138,0.0,0.0,0.0,0.0,0.0,0.0,0.0,0.0,0.0,0.0
139,0.0,0.0,0.0,0.0,0.0,0.0,0.0,0.0,0.0,0.0
140,0.0,0.0,0.0,0.0,0.0,0.0,0.0,0.0,0.0,0.0
141,0.0,0.0,0.0,0.0,0.0,0.0,0.0,0.0,0.0,0.0
142,0.0,0.0,0.0,0.0,0.0,0.0,0.0,0.0,0.0,0.0
143,0.0,0.0,0.0,0.0,0.0,0.0,0.0,0.0,0.0,0.0
144,0.0,0.0,0.0,0.0,0.0,0.0,0.0,0.0,0.0,0.0
145,0.0,0.0,0.0,0.0,0.0,0.0,0.0,0.0,0.0,0.0
146,0.0,0.0,0.0,0.0,0.0,0.0,0.0,0.0,0.0,0.0
147,0.0,0.0,0.0,0.0,0.0,0.0,0.0,0.0,0.0,0.0
148,0.0,0.0,0.0,0.0,0.0,0.0,0.0,0.0,0.0,0.0
149,0.0,0.0,0.0,0.0,0.0,0.0,0.0,0.0,0.0,0.0
150,0.0,0.0,0.0,0.0,0.0,0.0,0.0,0.0,0.0,0.0
151,0.0,0.0,0.0,0.0,0.0,0.0,0.0,0.0,0.0,0.0
152,0.0,0.0,0.0,0.0,0.0,0.0,0.0,0.0,0.0,0.0
153,0.0,0.0,0.0,0.0,0.0,0.0,0.0,0.0,0.0,0.0
154,0.0,0.0,0.0,0.0,0.0,0.0,0.0,0.0,0.0,0.0
155,0.0,0.0,0.0,0.0,0.0,0.0,0.0,0.0,0.0,0.0
156,0.0,0.0,0.0,0.0,0.0,0.0,0.0,0.0,0.0,0.0
157,0.0,0.0,0.0,0.0,0.0,0.0,0.0,0.0,0.0,0.0
158,0.0,0.0,0.0,0.0,0.0,0.0,0.0,0.0,0.0,0.0
159,0.0,0.0,0.0,0.0,0.0,0.0,0.0,0.0,0.0,0.0
160,0.0,0.0,0.0,0.0,0.0,0.0,0.0,0.0,0.0,0.0
161,0.0,0.0,0.0,0.0,0.0,0.0,0.0,0.0,0.0,0.0
162,0.0,0.0,0.0,0.0,0.0,0.0,0.0,0.0,0.0,0.0
163,0.0,0.0,0.0,0.0,0.0,0.0,0.0,0.0,0.0,0.0
164,0.0,0.0,0.0,0.0,0.0,0.0,0.0,0.0,0.0,0.0
165,0.0,0.0,0.0,0.0,0.0,0.0,0.0,0.0,0.0,0.0
166,0.0,0.0,0.0,0.0,0.0,0.0,0.0,0.0,0.0,0.0
167,0.0,0.0,0.0,0.0,0.0,0.0,0.0,0.0,0.0,0.0
168,0.0,0.0,0.0,0.0,0.0,0.0,0.0,0.0,0.0,0.0
169,0.0,0.0,0.0,0.0,0.0,0.0,0.0,0.0,0.0,0.0
170,0.0,0.0,0.0,0.0,0.0,0.0,0.0,0.0,0.0,0.0
171,0.0,0.0,0.0,0.0,0.0,0.0,0.0,0.0,0.0,0.0
172,0.0,0.0,0.0,0.0,0.0,0.0,0.0,0.0,0.0,0.0
173,0.0,0.0,0.0,0.0,0.0,0.0,0.0,0.0,0.0,0.0
174,0.0,0.0,0.0,0.0,0.0,0.0,0.0,0.0,0.0,0.0
175,0.0,0.0,0.0,0.0,0.0,0.0,0.0,0.0,0.0,0.0
176,0.0,0.0,0.0,0.0,0.0,0.0,0.0,0.0,0.0,0.0
177,0.0,0.0,0.0,0.0,0.0,0.0,0.0,0.0,0.0,0.0
178,0.0,0.0,0.0,0.0,0.0,0.0,0.0,0.0,0.0,0.0
179,0.0,0.0,0.0,0.0,0.0,0.0,0.0,0.0,0.0,0.0
180,0.0,0.0,0.0,0.0,0.0,0.0,0.0,0.0,0.0,0.0
181,0.0,0.0,0.0,0.0,0.0,0.0,0.0,0.0,0.0,0.0
182,0.0,0.0,0.0,0.0,0.0,0.0,0.0,0.0,0.0,0.0
183,0.0,0.0,0.0,0.0,0.0,0.0,0.0,0.0,0.0,0.0
184,0.0,0.0,0.0,0.0,0.0,0.0,0.0,0.0,0.0,0.0
185,0.0,0.0,0.0,0.0,0.0,0.0,0.0,0.0,0.0,0.0
186,0.0,0.0,0.0,0.0,0.0,0.0,0.0,0.0,0.0,0.0
187,0.0,0.0,0.0,0.0,0.0,0.0,0.0,0.0,0.0,0.0
188,0.0,0.0,0.0,0.0,0.0,0.0,0.0,0.0,0.0,0.0
189,0.0,0.0,0.0,0.0,0.0,0.0,0.0,0.0,0.0,0.0
190,0.0,0.0,0.0,0.0,0.0,0.0,0.0,0.0,0.0,0.0
191,0.0,0.0,0.0,0.0,0.0,0.0,0.0,0.0,0.0,0.0
192,0.0,0.0,0.0,0.0,0.0,0.0,0.0,0.0,0.0,0.0
193,0.0,0.0,0.0,0.0,0.0,0.0,0.0,0.0,0.0,0.0
194,0.0,0.0,0.0,0.0,0.0,0.0,0.0,0.0,0.0,0.0
195,0.0,0.0,0.0,0.0,0.0,0.0,0.0,0.0,0.0,0.0
196,0.0,0.0,0.0,0.0,0.0,0.0,0.0,0.0,0.0,0.0
197,0.0,0.0,0.0,0.0,0.0,0.0,0.0,0.0,0.0,0.0
198,0.0,0.0,0.0,0.0,0.0,0.0,0.0,0.0,0.0,0.0
199,0.0,0.0,0.0,0.0,0.0,0.0,0.0,0.0,0.0,0.0
200,0.0,0.0,0.0,0.0,0.0,0.0,0.0,0.0,0.0,0.0
201,0.0,0.0,0.0,0.0,0.0,0.0,0.0,0.0,0.0,0.0
202,0.0,0.0,0.0,0.0,0.0,0.0,0.0,0.0,0.0,0.0
203,0.0,0.0,0.0,0.0,0.0,0.0,0.0,0.0,0.0,0.0
204,0.0,0.0,0.0,0.0,0.0,0.0,0.0,0.0,0.0,0.0
205,0.0,0.0,0.0,0.0,0.0,0.0,0.0,0.0,0.0,0.0
206,0.0,0.0,0.0,0.0,0.0,0.0,0.0,0.0,0.0,0.0
207,0.0,0.0,0.0,0.0,0.0,0.0,0.0,0.0,0.0,0.0
208,0.0,0.0,0.0,0.0,0.0,0.0,0.0,0.0,0.0,0.0
209,0.0,0.0,0.0,0.0,0.0,0.0,0.0,0.0,0.0,0.0
210,0.0,0.0,0.0,0.0,0.0,0.0,0.0,0.0,0.0,0.0
211,0.0,0.0,0.0,0.0,0.0,0.0,0.0,0.0,0.0,0.0
212,0.0,0.0,0.0,0.0,0.0,0.0,0.0,0.0,0.0,0.0
213,0.0,0.0,0.0,0.0,0.0,0.0,0.0,0.0,0.0,0.0
214,0.0,0.0,0.0,0.0,0.0,0.0,0.0,0.0,0.0,0.0
215,0.0,0.0,0.0,0.0,0.0,0.0,0.0,0.0,0.0,0.0
216,0.0,0.0,0.0,0.0,0.0,0.0,0.0,0.0,0.0,0.0
217,0.0,0.0,0.0,0.0,0.0,0.0,0.0,0.0,0.0,0.0
218,0.0,0.0,0.0,0.0,0.0,0.0,0.0,0.0,0.0,0.0
219,0.0,0.0,0.0,0.0,0.0,0.0,0.0,0.0,0.0,0.0
220,0.0,0.0,0.0,0.0,0.0,0.0,0.0,0.0,0.0,0.0
221,0.0,0.0,0.0,0.0,0.0,0.0,0.0,0.0,0.0,0.0
222,0.0,0.0,0.0,0.0,0.0,0.0,0.0,0.0,0.0,0.0
223,0.0,0.0,0.0,0.0,0.0,0.0,0.0,0.0,0.0,0.0
224,0.0,0.0,0.0,0.0,0.0,0.0,0.0,0.0,0.0,0.0
225,0.0,0.0,0.0,0.0,0.0,0.0,0.0,0.0,0.0,0.0
226,0.0,0.0,0.0,0.0,0.0,0.0,0.0,0.0,0.0,0.0
227,0.0,0.0,0.0,0.0,0.0,0.0,0.0,0.0,0.0,0.0
228,0.0,0.0,0.0,0.0,0.0,0.0,0.0,0.0,0.0,0.0
229,0.0,0.0,0.0,0.0,0.0,0.0,0.0,0.0,0.0,0.0
230,0.0,0.0,0.0,0.0,0.0,0.0,0.0,0.0,0.0,0.0
231,0.0,0.0,0.0,0.0,0.0,0.0,0.0,0.0,0.0,0.0
232,0.0,0.0,0.0,0.0,0.0,0.0,0.0,0.0,0.0,0.0
233,0.0,0.0,0.0,0.0,0.0,0.0,0.0,0.0,0.0,0.0
234,0.0,0.0,0.0,0.0,0.0,0.0,0.0,0.0,0.0,0.0
235,0.0,0.0,0.0,0.0,0.0,0.0,0.0,0.0,0.0,0.0
236,0.0,0.0,0.0,0.0,0.0,0.0,0.0,0.0,0.0,0.0
237,0.0,0.0,0.0,0.0,0.0,0.0,0.0,0.0,0.0,0.0
238,0.0,0.0,0.0,0.0,0.0,0.0,0.0,0.0,0.0,0.0
239,0.0,0.0,0.0,0.0,0.0,0.0,0.0,0.0,0.0,0.0
240,0.0,0.0,0.0,0.0,0.0,0.0,0.0,0.0,0.0,0.0
241,0.0,0.0,0.0,0.0,0.0,0.0,0.0,0.0,0.0,0.0
242,0.0,0.0,0.0,0.0,0.0,0.0,0.0,0.0,0.0,0.0
243,0.0,0.0,0.0,0.0,0.0,0.0,0.0,0.0,0.0,0.0
244,0.0,0.0,0.0,0.0,0.0,0.0,0.0,0.0,0.0,0.0
245,0.0,0.0,0.0,0.0,0.0,0.0,0.0,0.0,0.0,0.0
246,0.0,0.0,0.0,0.0,0.0,0.0,0.0,0.0,0.0,0.0
247,0.0,0.0,0.0,0.0,0.0,0.0,0.0,0.0,0.0,0.0
248,0.0,0.0,0.0,0.0,0.0,0.0,0.0,0.0,0.0,0.0
249,0.0,0.0,0.0,0.0,0.0,0.0,0.0,0.0,0.0,0.0
250,0.0,0.0,0.0,0.0,0.0,0.0,0.0,0.0,0.0,0.0
251,0.0,0.0,0.0,0.0,0.0,0.0,0.0,0.0,0.0,0.0
252,0.0,0.0,0.0,0.0,0.0,0.0,0.0,0.0,0.0,0.0
253,0.0,0.0,0.0,0.0,0.0,0.0,0.0,0.0,0.0,0.0
254,0.0,0.0,0.0,0.0,0.0,0.0,0.0,0.0,0.0,0.0
255,0.0,0.0,0.0,0.0,0.0,0.0,0.0,0.0,0.0,0.0
256,0.0,0.0,0.0,0.0,0.0,0.0,0.0,0.0,0.0,0.0
257,0.0,0.0,0.0,0.0,0.0,0.0,0.0,0.0,0.0,0.0
258,0.0,0.0,0.0,0.0,0.0,0.0,0.0,0.0,0.0,0.0
259,0.0,0.0,0.0,0.0,0.0,0.0,0.0,0.0,0.0,0.0
260,0.0,0.0,0.0,0.0,0.0,0.0,0.0,0.0,0.0,0.0
261,0.0,0.0,0.0,0.0,0.0,0.0,0.0,0.0,0.0,0.0
262,0.0,0.0,0.0,0.0,0.0,0.0,0.0,0.0,0.0,0.0
263,0.0,0.0,0.0,0.0,0.0,0.0,0.0,0.0,0.0,0.0
264,0.0,0.0,0.0,0.0,0.0,0.0,0.0,0.0,0.0,0.0
265,0.0,0.0,0.0,0.0,0.0,0.0,0.0,0.0,0.0,0.0
266,0.0,0.0,0.0,0.0,0.0,0.0,0.0,0.0,0.0,0.0
267,0.0,0.0,0.0,0.0,0.0,0.0,0.0,0.0,0.0,0.0
268,0.0,0.0,0.0,0.0,0.0,0.0,0.0,0.0,0.0,0.0
269,0.0,0.0,0.0,0.0,0.0,0.0,0.0,0.0,0.0,0.0
270,0.0,0.0,0.0,0.0,0.0,0.0,0.0,0.0,0.0,0.0
271,0.0,0.0,0.0,0.0,0.0,0.0,0.0,0.0,0.0,0.0
272,0.0,0.0,0.0,0.0,0.0,0.0,0.0,0.0,0.0,0.0
273,0.0,0.0,0.0,0.0,0.0,0.0,0.0,0.0,0.0,0.0
274,0.0,0.0,0.0,0.0,0.0,0.0,0.0,0.0,0.0,0.0
275,0.0,0.0,0.0,0.0,0.0,0.0,0.0,0.0,0.0,0.0
276,0.0,0.0,0.0,0.0,0.0,0.0,0.0,0.0,0.0,0.0
277,0.0,0.0,0.0,0.0,0.0,0.0,0.0,0.0,0.0,0.0
278,0.0,0.0,0.0,0.0,0.0,0.0,0.0,0.0,0.0,0.0
279,0.0,0.0,0.0,0.0,0.0,0.0,0.0,0.0,0.0,0.0
280,0.0,0.0,0.0,0.0,0.0,0.0,0.0,0.0,0.0,0.0
281,0.0,0.0,0.0,0.0,0.0,0.0,0.0,0.0,0.0,0.0
282,0.0,0.0,0.0,0.0,0.0,0.0,0.0,0.0,0.0,0.0
283,0.0,0.0,0.0,0.0,0.0,0.0,0.0,0.0,0.0,0.0
284,0.0,0.0,0.0,0.0,0.0,0.0,0.0,0.0,0.0,0.0
285,0.0,0.0,0.0,0.0,0.0,0.0,0.0,0.0,0.0,0.0
286,0.0,0.0,0.0,0.0,0.0,0.0,0.0,0.0,0.0,0.0
287,0.0,0.0,0.0,0.0,0.0,0.0,0.0,0.0,0.0,0.0
288,0.0,0.0,0.0,0.0,0.0,0.0,0.0,0.0,0.0,0.0
289,0.0,0.0,0.0,0.0,0.0,0.0,0.0,0.0,0.0,0.0
290,0.0,0.0,0.0,0.0,0.0,0.0,0.0,0.0,0.0,0.0
291,0.0,0.0,0.0,0.0,0.0,0.0,0.0,0.0,0.0,0.0
292,0.0,0.0,0.0,0.0,0.0,0.0,0.0,0.0,0.0,0.0
293,0.0,0.0,0.0,0.0,0.0,0.0,0.0,0.0,0.0,0.0
294,0.0,0.0,0.0,0.0,0.0,0.0,0.0,0.0,0.0,0.0
295,0.0,0.0,0.0,0.0,0.0,0.0,0.0,0.0,0.0,0.0
296,0.0,0.0,0.0,0.0,0.0,0.0,0.0,0.0,0.0,0.0
297,0.0,0.0,0.0,0.0,0.0,0.0,0.0,0.0,0.0,0.0
298,0.0,0.0,0.0,0.0,0.0,0.0,0.0,0.0,0.0,0.0
299,0.0,0.0,0.0,0.0,0.0,0.0,0.0,0.0,0.0,0.0
300,0.0,0.0,0.0,0.0,0.0,0.0,0.0,0.0,0.0,0.0
301,0.0,0.0,0.0,0.0,0.0,0.0,0.0,0.0,0.0,0.0
302,0.0,0.0,0.0,0.0,0.0,0.0,0.0,0.0,0.0,0.0
303,0.0,0.0,0.0,0.0,0.0,0.0,0.0,0.0,0.0,0.0
304,0.0,0.0,0.0,0.0,0.0,0.0,0.0,0.0,0.0,0.0
305,0.0,0.0,0.0,0.0,0.0,0.0,0.0,0.0,0.0,0.0
306,0.0,0.0,0.0,0.0,0.0,0.0,0.0,0.0,0.0,0.0
307,0.0,0.0,0.0,0.0,0.0,0.0,0.0,0.0,0.0,0.0
308,0.0,0.0,0.0,0.0,0.0,0.0,0.0,0.0,0.0,0.0
309,0.0,0.0,0.0,0.0,0.0,0.0,0.0,0.0,0.0,0.0
310,0.0,0.0,0.0,0.0,0.0,0.0,0.0,0.0,0.0,0.0
311,0.0,0.0,0.0,0.0,0.0,0.0,0.0,0.0,0.0,0.0
312,0.0,0.0,0.0,0.0,0.0,0.0,0.0,0.0,0.0,0.0
313,0.0,0.0,0.0,0.0,0.0,0.0,0.0,0.0,0.0,0.0
314,0.0,0.0,0.0,0.0,0.0,0.0,0.0,0.0,0.0,0.0
315,0.0,0.0,0.0,0.0,0.0,0.0,0.0,0.0,0.0,0.0
316,0.0,0.0,0.0,0.0,0.0,0.0,0.0,0.0,0.0,0.0
317,0.0,0.0,0.0,0.0,0.0,0.0,0.0,0.0,0.0,0.0
318,0.0,0.0,0.0,0.0,0.0,0.0,0.0,0.0,0.0,0.0
319,0.0,0.0,0.0,0.0,0.0,0.0,0.0,0.0,0.0,0.0
320,0.0,0.0,0.0,0.0,0.0,0.0,0.0,0.0,0.0,0.0
321,0.0,0.0,0.0,0.0,0.0,0.0,0.0,0.0,0.0,0.0
322,0.0,0.0,0.0,0.0,0.0,0.0,0.0,0.0,0.0,0.0
323,0.0,0.0,0.0,0.0,0.0,0.0,0.0,0.0,0.0,0.0
324,0.0,0.0,0.0,0.0,0.0,0.0,0.0,0.0,0.0,0.0
325,0.0,0.0,0.0,0.0,0.0,0.0,0.0,0.0,0.0,0.0
326,0.0,0.0,0.0,0.0,0.0,0.0,0.0,0.0,0.0,0.0
327,0.0,0.0,0.0,0.0,0.0,0.0,0.0,0.0,0.0,0.0
328,0.0,0.0,0.0,0.0,0.0,0.0,0.0,0.0,0.0,0.0
329,0.0,0.0,0.0,0.0,0.0,0.0,0.0,0.0,0.0,0.0
330,0.0,0.0,0.0,0.0,0.0,0.0,0.0,0.0,0.0,0.0
331,0.0,0.0,0.0,0.0,0.0,0.0,0.0,0.0,0.0,0.0
332,0.0,0.0,0.0,0.0,0.0,0.0,0.0,0.0,0.0,0.0
333,0.0,0.0,0.0,0.0,0.0,0.0,0.0,0.0,0.0,0.0
334,0.0,0.0,0.0,0.0,0.0,0.0,0.0,0.0,0.0,0.0
335,0.0,0.0,0.0,0.0,0.0,0.0,0.0,0.0,0.0,0.0
336,0.0,0.0,0.0,0.0,0.0,0.0,0.0,0.0,0.0,0.0
337,0.0,0.0,0.0,0.0,0.0,0.0,0.0,0.0,0.0,0.0
338,0.0,0.0,0.0,0.0,0.0,0.0,0.0,0.0,0.0,0.0
339,0.0,0.0,0.0,0.0,0.0,0.0,0.0,0.0,0.0,0.0
340,0.0,0.0,0.0,0.0,0.0,0.0,0.0,0.0,0.0,0.0
341,0.0,0.0,0.0,0.0,0.0,0.0,0.0,0.0,0.0,0.0
342,0.0,0.0,0.0,0.0,0.0,0.0,0.0,0.0,0.0,0.0
343,0.0,0.0,0.0,0.0,0.0,0.0,0.0,0.0,0.0,0.0
344,0.0,0.0,0.0,0.0,0.0,0.0,0.0,0.0,0.0,0.0
345,0.0,0.0,0.0,0.0,0.0,0.0,0.0,0.0,0.0,0.0
346,0.0,0.0,0.0,0.0,0.0,0.0,0.0,0.0,0.0,0.0
347,0.0,0.0,0.0,0.0,0.0,0.0,0.0,0.0,0.0,0.0
348,0.0,0.0,0.0,0.0,0.0,0.0,0.0,0.0,0.0,0.0
349,0.0,0.0,0.0,0.0,0.0,0.0,0.0,0.0,0.0,0.0
350,0.0,0.0,0.0,0.0,0.0,0.0,0.0,0.0,0.0,0.0
351,0.0,0.0,0.0,0.0,0.0,0.0,0.0,0.0,0.0,0.0
352,0.0,0.0,0.0,0.0,0.0,0.0,0.0,0.0,0.0,0.0
353,0.0,0.0,0.0,0.0,0.0,0.0,0.0,0.0,0.0,0.0
354,0.0,0.0,0.0,0.0,0.0,0.0,0.0,0.0,0.0,0.0
355,0.0,0.0,0.0,0.0,0.0,0.0,0.0,0.0,0.0,0.0
356,0.0,0.0,0.0,0.0,0.0,0.0,0.0,0.0,0.0,0.0
357,0.0,0.0,0.0,0.0,0.0,0.0,0.0,0.0,0.0,0.0
358,0.0,0.0,0.0,0.0,0.0,0.0,0.0,0.0,0.0,0.0
359,0.0,0.0,0.0,0.0,0.0,0.0,0.0,0.0,0.0,0.0
360,0.0,0.0,0.0,0.0,0.0,0.0,0.0,0.0,0.0,0.0
361,0.0,0.0,0.0,0.0,0.0,0.0,0.0,0.0,0.0,0.0
362,0.0,0.0,0.0,0.0,0.0,0.0,0.0,0.0,0.0,0.0
363,0.0,0.0,0.0,0.0,0.0,0.0,0.0,0.0,0.0,0.0
364,0.0,0.0,0.0,0.0,0.0,0.0,0.0,0.0,0.0,0.0
365,0.0,0.0,0.0,0.0,0.0,0.0,0.0,0.0,0.0,0.0
366,0.0,0.0,0.0,0.0,0.0,0.0,0.0,0.0,0.0,0.0
367,0.0,0.0,0.0,0.0,0.0,0.0,0.0,0.0,0.0,0.0
368,0.0,0.0,0.0,0.0,0.0,0.0,0.0,0.0,0.0,0.0
369,0.0,0.0,0.0,0.0,0.0,0.0,0.0,0.0,0.0,0.0
370,0.0,0.0,0.0,0.0,0.0,0.0,0.0,0.0,0.0,0.0
371,0.0,0.0,0.0,0.0,0.0,0.0,0.0,0.0,0.0,0.0
372,0.0,0.0,0.0,0.0,0.0,0.0,0.0,0.0,0.0,0.0
373,0.0,0.0,0.0,0.0,0.0,0.0,0.0,0.0,0.0,0.0
374,0.0,0.0,0.0,0.0,0.0,0.0,0.0,0.0,0.0,0.0
375,0.0,0.0,0.0,0.0,0.0,0.0,0.0,0.0,0.0,0.0
376,0.0,0.0,0.0,0.0,0.0,0.0,0.0,0.0,0.0,0.0
377,0.0,0.0,0.0,0.0,0.0,0.0,0.0,0.0,0.0,0.0
378,0.0,0.0,0.0,0.0,0.0,0.0,0.0,0.0,0.0,0.0
379,0.0,0.0,0.0,0.0,0.0,0.0,0.0,0.0,0.0,0.0
380,0.0,0.0,0.0,0.0,0.0,0.0,0.0,0.0,0.0,0.0
381,0.0,0.0,0.0,0.0,0.0,0.0,0.0,0.0,0.0,0.0
382,0.0,0.0,0.0,0.0,0.0,0.0,0.0,0.0,0.0,0.0
383,0.0,0.0,0.0,0.0,0.0,0.0,0.0,0.0,0.0,0.0
384,0.0,0.0,0.0,0.0,0.0,0.0,0.0,0.0,0.0,0.0
385,0.0,0.0,0.0,0.0,0.0,0.0,0.0,0.0,0.0,0.0
386,0.0,0.0,0.0,0.0,0.0,0.0,0.0,0.0,0.0,0.0
387,0.0,0.0,0.0,0.0,0.0,0.0,0.0,0.0,0.0,0.0
388,0.0,0.0,0.0,0.0,0.0,0.0,0.0,0.0,0.0,0.0
389,0.0,0.0,0.0,0.0,0.0,0.0,0.0,0.0,0.0,0.0
390,0.0,0.0,0.0,0.0,0.0,0.0,0.0,0.0,0.0,0.0
391,0.0,0.0,0.0,0.0,0.0,0.0,0.0,0.0,0.0,0.0
392,0.0,0.0,0.0,0.0,0.0,0.0,0.0,0.0,0.0,0.0
393,0.0,0.0,0.0,0.0,0.0,0.0,0.0,0.0,0.0,0.0
394,0.0,0.0,0.0,0.0,0.0,0.0,0.0,0.0,0.0,0.0
395,0.0,0.0,0.0,0.0,0.0,0.0,0.0,0.0,0.0,0.0
396,0.0,0.0,0.0,0.0,0.0,0.0,0.0,0.0,0.0,0.0
397,0.0,0.0,0.0,0.0,0.0,0.0,0.0,0.0,0.0,0.0
398,0.0,0.0,0.0,0.0,0.0,0.0,0.0,0.0,0.0,0.0
399,0.0,0.0,0.0,0.0,0.0,0.0,0.0,0.0,0.0,0.0
400,0.0,0.0,0.0,0.0,0.0,0.0,0.0,0.0,0.0,0.0
401,0.0,0.0,0.0,0.0,0.0,0.0,0.0,0.0,0.0,0.0
402,0.0,0.0,0.0,0.0,0.0,0.0,0.0,0.0,0.0,0.0
403,0.0,0.0,0.0,0.0,0.0,0.0,0.0,0.0,0.0,0.0
404,0.0,0.0,0.0,0.0,0.0,0.0,0.0,0.0,0.0,0.0
405,0.0,0.0,0.0,0.0,0.0,0.0,0.0,0.0,0.0,0.0
406,0.0,0.0,0.0,0.0,0.0,0.0,0.0,0.0,0.0,0.0
407,0.0,0.0,0.0,0.0,0.0,0.0,0.0,0.0,0.0,0.0
408,0.0,0.0,0.0,0.0,0.0,0.0,0.0,0.0,0.0,0.0
409,0.0,0.0,0.0,0.0,0.0,0.0,0.0,0.0,0.0,0.0
410,0.0,0.0,0.0,0.0,0.0,0.0,0.0,0.0,0.0,0.0
411,0.0,0.0,0.0,0.0,0.0,0.0,0.0,0.0,0.0,0.0
412,0.0,0.0,0.0,0.0,0.0,0.0,0.0,0.0,0.0,0.0
413,0.0,0.0,0.0,0.0,0.0,0.0,0.0,0.0,0.0,0.0
414,0.0,0.0,0.0,0.0,0.0,0.0,0.0,0.0,0.0,0.0
415,0.0,0.0,0.0,0.0,0.0,0.0,0.0,0.0,0.0,0.0
416,0.0,0.0,0.0,0.0,0.0,0.0,0.0,0.0,0.0,0.0
417,0.0,0.0,0.0,0.0,0.0,0.0,0.0,0.0,0.0,0.0
418,0.0,0.0,0.0,0.0,0.0,0.0,0.0,0.0,0.0,0.0
419,0.0,0.0,0.0,0.0,0.0,0.0,0.0,0.0,0.0,0.0
420,0.0,0.0,0.0,0.0,0.0,0.0,0.0,0.0,0.0,0.0
421,0.0,0.0,0.0,0.0,0.0,0.0,0.0,0.0,0.0,0.0
422,0.0,0.0,0.0,0.0,0.0,0.0,0.0,0.0,0.0,0.0
423,0.0,0.0,0.0,0.0,0.0,0.0,0.0,0.0,0.0,0.0
424,0.0,0.0,0.0,0.0,0.0,0.0,0.0,0.0,0.0,0.0
425,0.0,0.0,0.0,0.0,0.0,0.0,0.0,0.0,0.0,0.0
426,0.0,0.0,0.0,0.0,0.0,0.0,0.0,0.0,0.0,0.0
427,0.0,0.0,0.0,0.0,0.0,0.0,0.0,0.0,0.0,0.0
428,0.0,0.0,0.0,0.0,0.0,0.0,0.0,0.0,0.0,0.0
429,0.0,0.0,0.0,0.0,0.0,0.0,0.0,0.0,0.0,0.0
430,0.0,0.0,0.0,0.0,0.0,0.0,0.0,0.0,0.0,0.0
431,0.0,0.0,0.0,0.0,0.0,0.0,0.0,0.0,0.0,0.0
432,0.0,0.0,0.0,0.0,0.0,0.0,0.0,0.0,0.0,0.0
433,0.0,0.0,0.0,0.0,0.0,0.0,0.0,0.0,0.0,0.0
434,0.0,0.0,0.0,0.0,0.0,0.0,0.0,0.0,0.0,0.0
435,0.0,0.0,0.0,0.0,0.0,0.0,0.0,0.0,0.0,0.0
436,0.0,0.0,0.0,0.0,0.0,0.0,0.0,0.0,0.0,0.0
437,0.0,0.0,0.0,0.0,0.0,0.0,0.0,0.0,0.0,0.0
438,0.0,0.0,0.0,0.0,0.0,0.0,0.0,0.0,0.0,0.0
439,0.0,0.0,0.0,0.0,0.0,0.0,0.0,0.0,0.0,0.0
440,0.0,0.0,0.0,0.0,0.0,0.0,0.0,0.0,0.0,0.0
441,0.0,0.0,0.0,0.0,0.0,0.0,0.0,0.0,0.0,0.0
442,0.0,0.0,0.0,0.0,0.0,0.0,0.0,0.0,0.0,0.0
443,0.0,0.0,0.0,0.0,0.0,0.0,0.0,0.0,0.0,0.0
444,0.0,0.0,0.0,0.0,0.0,0.0,0.0,0.0,0.0,0.0
445,0.0,0.0,0.0,0.0,0.0,0.0,0.0,0.0,0.0,0.0
446,0.0,0.0,0.0,0.0,0.0,0.0,0.0,0.0,0.0,0.0
447,0.0,0.0,0.0,0.0,0.0,0.0,0.0,0.0,0.0,0.0
448,0.0,0.0,0.0,0.0,0.0,0.0,0.0,0.0,0.0,0.0
449,0.0,0.0,0.0,0.0,0.0,0.0,0.0,0.0,0.0,0.0
450,0.0,0.0,0.0,0.0,0.0,0.0,0.0,0.0,0.0,0.0
451,0.0,0.0,0.0,0.0,0.0,0.0,0.0,0.0,0.0,0.0
452,0.0,0.0,0.0,0.0,0.0,0.0,0.0,0.0,0.0,0.0
453,0.0,0.0,0.0,0.0,0.0,0.0,0.0,0.0,0.0,0.0
454,0.0,0.0,0.0,0.0,0.0,0.0,0.0,0.0,0.0,0.0
455,0.0,0.0,0.0,0.0,0.0,0.0,0.0,0.0,0.0,0.0
456,0.0,0.0,0.0,0.0,0.0,0.0,0.0,0.0,0.0,0.0
457,0.0,0.0,0.0,0.0,0.0,0.0,0.0,0.0,0.0,0.0
458,0.0,0.0,0.0,0.0,0.0,0.0,0.0,0.0,0.0,0.0
459,0.0,0.0,0.0,0.0,0.0,0.0,0.0,0.0,0.0,0.0
460,0.0,0.0,0.0,0.0,0.0,0.0,0.0,0.0,0.0,0.0
461,0.0,0.0,0.0,0.0,0.0,0.0,0.0,0.0,0.0,0.0
462,0.0,0.0,0.0,0.0,0.0,0.0,0.0,0.0,0.0,0.0
463,0.0,0.0,0.0,0.0,0.0,0.0,0.0,0.0,0.0,0.0
464,0.0,0.0,0.0,0.0,0.0,0.0,0.0,0.0,0.0,0.0
465,0.0,0.0,0.0,0.0,0.0,0.0,0.0,0.0,0.0,0.0
466,0.0,0.0,0.0,0.0,0.0,0.0,0.0,0.0,0.0,0.0
467,0.0,0.0,0.0,0.0,0.0,0.0,0.0,0.0,0.0,0.0
468,0.0,0.0,0.0,0.0,0.0,0.0,0.0,0.0,0.0,0.0
469,0.0,0.0,0.0,0.0,0.0,0.0,0.0,0.0,0.0,0.0
470,0.0,0.0,0.0,0.0,0.0,0.0,0.0,0.0,0.0,0.0
471,0.0,0.0,0.0,0.0,0.0,0.0,0.0,0.0,0.0,0.0
472,0.0,0.0,0.0,0.0,0.0,0.0,0.0,0.0,0.0,0.0
473,0.0,0.0,0.0,0.0,0.0,0.0,0.0,0.0,0.0,0.0
474,0.0,0.0,0.0,0.0,0.0,0.0,0.0,0.0,0.0,0.0
475,0.0,0.0,0.0,0.0,0.0,0.0,0.0,0.0,0.0,0.0
476,0.0,0.0,0.0,0.0,0.0,0.0,0.0,0.0,0.0,0.0
477,0.0,0.0,0.0,0.0,0.0,0.0,0.0,0.0,0.0,0.0
478,0.0,0.0,0.0,0.0,0.0,0.0,0.0,0.0,0.0,0.0
479,0.0,0.0,0.0,0.0,0.0,0.0,0.0,0.0,0.0,0.0
480,0.0,0.0,0.0,0.0,0.0,0.0,0.0,0.0,0.0,0.0
481,0.0,0.0,0.0,0.0,0.0,0.0,0.0,0.0,0.0,0.0
482,0.0,0.0,0.0,0.0,0.0,0.0,0.0,0.0,0.0,0.0
483,0.0,0.0,0.0,0.0,0.0,0.0,0.0,0.0,0.0,0.0
484,0.0,0.0,0.0,0.0,0.0,0.0,0.0,0.0,0.0,0.0
485,0.0,0.0,0.0,0.0,0.0,0.0,0.0,0.0,0.0,0.0
486,0.0,0.0,0.0,0.0,0.0,0.0,0.0,0.0,0.0,0.0
487,0.0,0.0,0.0,0.0,0.0,0.0,0.0,0.0,0.0,0.0
488,0.0,0.0,0.0,0.0,0.0,0.0,0.0,0.0,0.0,0.0
489,0.0,0.0,0.0,0.0,0.0,0.0,0.0,0.0,0.0,0.0
490,0.0,0.0,0.0,0.0,0.0,0.0,0.0,0.0,0.0,0.0
491,0.0,0.0,0.0,0.0,0.0,0.0,0.0,0.0,0.0,0.0
492,0.0,0.0,0.0,0.0,0.0,0.0,0.0,0.0,0.0,0.0
493,0.0,0.0,0.0,0.0,0.0,0.0,0.0,0.0,0.0,0.0
494,0.0,0.0,0.0,0.0,0.0,0.0,0.0,0.0,0.0,0.0
495,0.0,0.0,0.0,0.0,0.0,0.0,0.0,0.0,0.0,0.0
496,0.0,0.0,0.0,0.0,0.0,0.0,0.0,0.0,0.0,0.0
497,0.0,0.0,0.0,0.0,0.0,0.0,0.0,0.0,0.0,0.0
498,0.0,0.0,0.0,0.0,0.0,0.0,0.0,0.0,0.0,0.0
499,0.0,0.0,0.0,0.0,0.0,0.0,0.0,0.0,0.0,0.0
500,0.0,0.0,0.0,0.0,0.0,0.0,0.0,0.0,0.0,0.0
501,0.0,0.0,0.0,0.0,0.0,0.0,0.0,0.0,0.0,0.0
502,0.0,0.0,0.0,0.0,0.0,0.0,0.0,0.0,0.0,0.0
503,0.0,0.0,0.0,0.0,0.0,0.0,0.0,0.0,0.0,0.0
504,0.0,0.0,0.0,0.0,0.0,0.0,0.0,0.0,0.0,0.0
505,0.0,0.0,0.0,0.0,0.0,0.0,0.0,0.0,0.0,0.0
506,0.0,0.0,0.0,0.0,0.0,0.0,0.0,0.0,0.0,0.0
507,0.0,0.0,0.0,0.0,0.0,0.0,0.0,0.0,0.0,0.0
508,0.0,0.0,0.0,0.0,0.0,0.0,0.0,0.0,0.0,0.0
509,0.0,0.0,0.0,0.0,0.0,0.0,0.0,0.0,0.0,0.0
510,0.0,0.0,0.0,0.0,0.0,0.0,0.0,0.0,0.0,0.0
511,0.0,0.0,0.0,0.0,0.0,0.0,0.0,0.0,0.0,0.0
512,0.0,0.0,0.0,0.0,0.0,0.0,0.0,0.0,0.0,0.0
513,0.0,0.0,0.0,0.0,0.0,0.0,0.0,0.0,0.0,0.0
514,0.0,0.0,0.0,0.0,0.0,0.0,0.0,0.0,0.0,0.0
515,0.0,0.0,0.0,0.0,0.0,0.0,0.0,0.0,0.0,0.0
516,0.0,0.0,0.0,0.0,0.0,0.0,0.0,0.0,0.0,0.0
517,0.0,0.0,0.0,0.0,0.0,0.0,0.0,0.0,0.0,0.0
518,0.0,0.0,0.0,0.0,0.0,0.0,0.0,0.0,0.0,0.0
519,0.0,0.0,0.0,0.0,0.0,0.0,0.0,0.0,0.0,0.0
520,0.0,0.0,0.0,0.0,0.0,0.0,0.0,0.0,0.0,0.0
521,0.0,0.0,0.0,0.0,0.0,0.0,0.0,0.0,0.0,0.0
522,0.0,0.0,0.0,0.0,0.0,0.0,0.0,0.0,0.0,0.0
523,0.0,0.0,0.0,0.0,0.0,0.0,0.0,0.0,0.0,0.0
524,0.0,0.0,0.0,0.0,0.0,0.0,0.0,0.0,0.0,0.0
525,0.0,0.0,0.0,0.0,0.0,0.0,0.0,0.0,0.0,0.0
526,0.0,0.0,0.0,0.0,0.0,0.0,0.0,0.0,0.0,0.0
527,0.0,0.0,0.0,0.0,0.0,0.0,0.0,0.0,0.0,0.0
528,0.0,0.0,0.0,0.0,0.0,0.0,0.0,0.0,0.0,0.0
529,0.0,0.0,0.0,0.0,0.0,0.0,0.0,0.0,0.0,0.0
530,0.0,0.0,0.0,0.0,0.0,0.0,0.0,0.0,0.0,0.0
531,0.0,0.0,0.0,0.0,0.0,0.0,0.0,0.0,0.0,0.0
532,0.0,0.0,0.0,0.0,0.0,0.0,0.0,0.0,0.0,0.0
533,0.0,0.0,0.0,0.0,0.0,0.0,0.0,0.0,0.0,0.0
534,0.0,0.0,0.0,0.0,0.0,0.0,0.0,0.0,0.0,0.0
535,0.0,0.0,0.0,0.0,0.0,0.0,0.0,0.0,0.0,0.0
536,0.0,0.0,0.0,0.0,0.0,0.0,0.0,0.0,0.0,0.0
537,0.0,0.0,0.0,0.0,0.0,0.0,0.0,0.0,0.0,0.0
538,0.0,0.0,0.0,0.0,0.0,0.0,0.0,0.0,0.0,0.0
539,0.0,0.0,0.0,0.0,0.0,0.0,0.0,0.0,0.0,0.0
540,0.0,0.0,0.0,0.0,0.0,0.0,0.0,0.0,0.0,0.0
541,0.0,0.0,0.0,0.0,0.0,0.0,0.0,0.0,0.0,0.0
542,0.0,0.0,0.0,0.0,0.0,0.0,0.0,0.0,0.0,0.0
543,0.0,0.0,0.0,0.0,0.0,0.0,0.0,0.0,0.0,0.0
544,0.0,0.0,0.0,0.0,0.0,0.0,0.0,0.0,0.0,0.0
545,0.0,0.0,0.0,0.0,0.0,0.0,0.0,0.0,0.0,0.0
546,0.0,0.0,0.0,0.0,0.0,0.0,0.0,0.0,0.0,0.0
547,0.0,0.0,0.0,0.0,0.0,0.0,0.0,0.0,0.0,0.0
548,0.0,0.0,0.0,0.0,0.0,0.0,0.0,0.0,0.0,0.0
549,0.0,0.0,0.0,0.0,0.0,0.0,0.0,0.0,0.0,0.0
550,0.0,0.0,0.0,0.0,0.0,0.0,0.0,0.0,0.0,0.0
551,0.0,0.0,0.0,0.0,0.0,0.0,0.0,0.0,0.0,0.0
552,0.0,0.0,0.0,0.0,0.0,0.0,0.0,0.0,0.0,0.0
553,0.0,0.0,0.0,0.0,0.0,0.0,0.0,0.0,0.0,0.0
554,0.0,0.0,0.0,0.0,0.0,0.0,0.0,0.0,0.0,0.0
555,0.0,0.0,0.0,0.0,0.0,0.0,0.0,0.0,0.0,0.0
556,0.0,0.0,0.0,0.0,0.0,0.0,0.0,0.0,0.0,0.0
557,0.0,0.0,0.0,0.0,0.0,0.0,0.0,0.0,0.0,0.0
558,0.0,0.0,0.0,0.0,0.0,0.0,0.0,0.0,0.0,0.0
559,0.0,0.0,0.0,0.0,0.0,0.0,0.0,0.0,0.0,0.0
560,0.0,0.0,0.0,0.0,0.0,0.0,0.0,0.0,0.0,0.0
561,0.0,0.0,0.0,0.0,0.0,0.0,0.0,0.0,0.0,0.0
562,0.0,0.0,0.0,0.0,0.0,0.0,0.0,0.0,0.0,0.0
563,0.0,0.0,0.0,0.0,0.0,0.0,0.0,0.0,0.0,0.0
564,0.0,0.0,0.0,0.0,0.0,0.0,0.0,0.0,0.0,0.0
565,0.0,0.0,0.0,0.0,0.0,0.0,0.0,0.0,0.0,0.0
566,0.0,0.0,0.0,0.0,0.0,0.0,0.0,0.0,0.0,0.0
567,0.0,0.0,0.0,0.0,0.0,0.0,0.0,0.0,0.0,0.0
568,0.0,0.0,0.0,0.0,0.0,0.0,0.0,0.0,0.0,0.0
569,0.0,0.0,0.0,0.0,0.0,0.0,0.0,0.0,0.0,0.0
570,0.0,0.0,0.0,0.0,0.0,0.0,0.0,0.0,0.0,0.0
571,0.0,0.0,0.0,0.0,0.0,0.0,0.0,0.0,0.0,0.0
572,0.0,0.0,0.0,0.0,0.0,0.0,0.0,0.0,0.0,0.0
573,0.0,0.0,0.0,0.0,0.0,0.0,0.0,0.0,0.0,0.0
574,0.0,0.0,0.0,0.0,0.0,0.0,0.0,0.0,0.0,0.0
575,0.0,0.0,0.0,0.0,0.0,0.0,0.0,0.0,0.0,0.0
576,0.0,0.0,0.0,0.0,0.0,0.0,0.0,0.0,0.0,0.0
577,0.0,0.0,0.0,0.0,0.0,0.0,0.0,0.0,0.0,0.0
578,0.0,0.0,0.0,0.0,0.0,0.0,0.0,0.0,0.0,0.0
579,0.0,0.0,0.0,0.0,0.0,0.0,0.0,0.0,0.0,0.0
580,0.0,0.0,0.0,0.0,0.0,0.0,0.0,0.0,0.0,0.0
581,0.0,0.0,0.0,0.0,0.0,0.0,0.0,0.0,0.0,0.0
582,0.0,0.0,0.0,0.0,0.0,0.0,0.0,0.0,0.0,0.0
583,0.0,0.0,0.0,0.0,0.0,0.0,0.0,0.0,0.0,0.0
584,0.0,0.0,0.0,0.0,0.0,0.0,0.0,0.0,0.0,0.0
585,0.0,0.0,0.0,0.0,0.0,0.0,0.0,0.0,0.0,0.0
586,0.0,0.0,0.0,0.0,0.0,0.0,0.0,0.0,0.0,0.0
587,0.0,0.0,0.0,0.0,0.0,0.0,0.0,0.0,0.0,0.0
588,0.0,0.0,0.0,0.0,0.0,0.0,0.0,0.0,0.0,0.0
589,0.0,0.0,0.0,0.0,0.0,0.0,0.0,0.0,0.0,0.0
590,0.0,0.0,0.0,0.0,0.0,0.0,0.0,0.0,0.0,0.0
591,0.0,0.0,0.0,0.0,0.0,0.0,0.0,0.0,0.0,0.0
592,0.0,0.0,0.0,0.0,0.0,0.0,0.0,0.0,0.0,0.0
593,0.0,0.0,0.0,0.0,0.0,0.0,0.0,0.0,0.0,0.0
594,0.0,0.0,0.0,0.0,0.0,0.0,0.0,0.0,0.0,0.0
595,0.0,0.0,0.0,0.0,0.0,0.0,0.0,0.0,0.0,0.0
596,0.0,0.0,0.0,0.0,0.0,0.0,0.0,0.0,0.0,0.0
597,0.0,0.0,0.0,0.0,0.0,0.0,0.0,0.0,0.0,0.0
598,0.0,0.0,0.0,0.0,0.0,0.0,0.0,0.0,0.0,0.0
599,0.0,0.0,0.0,0.0,0.0,0.0,0.0,0.0,0.0,0.0
600,0.0,0.0,0.0,0.0,0.0,0.0,0.0,0.0,0.0,0.0
601,0.0,0.0,0.0,0.0,0.0,0.0,0.0,0.0,0.0,0.0
602,0.0,0.0,0.0,0.0,0.0,0.0,0.0,0.0,0.0,0.0
603,0.0,0.0,0.0,0.0,0.0,0.0,0.0,0.0,0.0,0.0
604,0.0,0.0,0.0,0.0,0.0,0.0,0.0,0.0,0.0,0.0
605,0.0,0.0,0.0,0.0,0.0,0.0,0.0,0.0,0.0,0.0
606,0.0,0.0,0.0,0.0,0.0,0.0,0.0,0.0,0.0,0.0
607,0.0,0.0,0.0,0.0,0.0,0.0,0.0,0.0,0.0,0.0
608,0.0,0.0,0.0,0.0,0.0,0.0,0.0,0.0,0.0,0.0
609,0.0,0.0,0.0,0.0,0.0,0.0,0.0,0.0,0.0,0.0
610,0.0,0.0,0.0,0.0,0.0,0.0,0.0,0.0,0.0,0.0
611,0.0,0.0,0.0,0.0,0.0,0.0,0.0,0.0,0.0,0.0
612,0.0,0.0,0.0,0.0,0.0,0.0,0.0,0.0,0.0,0.0
613,0.0,0.0,0.0,0.0,0.0,0.0,0.0,0.0,0.0,0.0
614,0.0,0.0,0.0,0.0,0.0,0.0,0.0,0.0,0.0,0.0
615,0.0,0.0,0.0,0.0,0.0,0.0,0.0,0.0,0.0,0.0
616,0.0,0.0,0.0,0.0,0.0,0.0,0.0,0.0,0.0,0.0
617,0.0,0.0,0.0,0.0,0.0,0.0,0.0,0.0,0.0,0.0
618,0.0,0.0,0.0,0.0,0.0,0.0,0.0,0.0,0.0,0.0
619,0.0,0.0,0.0,0.0,0.0,0.0,0.0,0.0,0.0,0.0
620,0.0,0.0,0.0,0.0,0.0,0.0,0.0,0.0,0.0,0.0
621,0.0,0.0,0.0,0.0,0.0,0.0,0.0,0.0,0.0,0.0
622,0.0,0.0,0.0,0.0,0.0,0.0,0.0,0.0,0.0,0.0
623,0.0,0.0,0.0,0.0,0.0,0.0,0.0,0.0,0.0,0.0
624,0.0,0.0,0.0,0.0,0.0,0.0,0.0,0.0,0.0,0.0
625,0.0,0.0,0.0,0.0,0.0,0.0,0.0,0.0,0.0,0.0
626,0.0,0.0,0.0,0.0,0.0,0.0,0.0,0.0,0.0,0.0
627,0.0,0.0,0.0,0.0,0.0,0.0,0.0,0.0,0.0,0.0
628,0.0,0.0,0.0,0.0,0.0,0.0,0.0,0.0,0.0,0.0
629,0.0,0.0,0.0,0.0,0.0,0.0,0.0,0.0,0.0,0.0
630,0.0,0.0,0.0,0.0,0.0,0.0,0.0,0.0,0.0,0.0
631,0.0,0.0,0.0,0.0,0.0,0.0,0.0,0.0,0.0,0.0
632,0.0,0.0,0.0,0.0,0.0,0.0,0.0,0.0,0.0,0.0
633,0.0,0.0,0.0,0.0,0.0,0.0,0.0,0.0,0.0,0.0
634,0.0,0.0,0.0,0.0,0.0,0.0,0.0,0.0,0.0,0.0
635,0.0,0.0,0.0,0.0,0.0,0.0,0.0,0.0,0.0,0.0
636,0.0,0.0,0.0,0.0,0.0,0.0,0.0,0.0,0.0,0.0
637,0.0,0.0,0.0,0.0,0.0,0.0,0.0,0.0,0.0,0.0
638,0.0,0.0,0.0,0.0,0.0,0.0,0.0,0.0,0.0,0.0
639,0.0,0.0,0.0,0.0,0.0,0.0,0.0,0.0,0.0,0.0
640,0.0,0.0,0.0,0.0,0.0,0.0,0.0,0.0,0.0,0.0
641,0.0,0.0,0.0,0.0,0.0,0.0,0.0,0.0,0.0,0.0
642,0.0,0.0,0.0,0.0,0.0,0.0,0.0,0.0,0.0,0.0
643,0.0,0.0,0.0,0.0,0.0,0.0,0.0,0.0,0.0,0.0
644,0.0,0.0,0.0,0.0,0.0,0.0,0.0,0.0,0.0,0.0
645,0.0,0.0,0.0,0.0,0.0,0.0,0.0,0.0,0.0,0.0
646,0.0,0.0,0.0,0.0,0.0,0.0,0.0,0.0,0.0,0.0
647,0.0,0.0,0.0,0.0,0.0,0.0,0.0,0.0,0.0,0.0
648,0.0,0.0,0.0,0.0,0.0,0.0,0.0,0.0,0.0,0.0
649,0.0,0.0,0.0,0.0,0.0,0.0,0.0,0.0,0.0,0.0
650,0.0,0.0,0.0,0.0,0.0,0.0,0.0,0.0,0.0,0.0
651,0.0,0.0,0.0,0.0,0.0,0.0,0.0,0.0,0.0,0.0
652,0.0,0.0,0.0,0.0,0.0,0.0,0.0,0.0,0.0,0.0
653,0.0,0.0,0.0,0.0,0.0,0.0,0.0,0.0,0.0,0.0
654,0.0,0.0,0.0,0.0,0.0,0.0,0.0,0.0,0.0,0.0
655,0.0,0.0,0.0,0.0,0.0,0.0,0.0,0.0,0.0,0.0
656,0.0,0.0,0.0,0.0,0.0,0.0,0.0,0.0,0.0,0.0
657,0.0,0.0,0.0,0.0,0.0,0.0,0.0,0.0,0.0,0.0
658,0.0,0.0,0.0,0.0,0.0,0.0,0.0,0.0,0.0,0.0
659,0.0,0.0,0.0,0.0,0.0,0.0,0.0,0.0,0.0,0.0
660,0.0,0.0,0.0,0.0,0.0,0.0,0.0,0.0,0.0,0.0
661,0.0,0.0,0.0,0.0,0.0,0.0,0.0,0.0,0.0,0.0
662,0.0,0.0,0.0,0.0,0.0,0.0,0.0,0.0,0.0,0.0
663,0.0,0.0,0.0,0.0,0.0,0.0,0.0,0.0,0.0,0.0
664,0.0,0.0,0.0,0.0,0.0,0.0,0.0,0.0,0.0,0.0
665,0.0,0.0,0.0,0.0,0.0,0.0,0.0,0.0,0.0,0.0
666,0.0,0.0,0.0,0.0,0.0,0.0,0.0,0.0,0.0,0.0
667,0.0,0.0,0.0,0.0,0.0,0.0,0.0,0.0,0.0,0.0
668,0.0,0.0,0.0,0.0,0.0,0.0,0.0,0.0,0.0,0.0
669,0.0,0.0,0.0,0.0,0.0,0.0,0.0,0.0,0.0,0.0
670,0.0,0.0,0.0,0.0,0.0,0.0,0.0,0.0,0.0,0.0
671,0.0,0.0,0.0,0.0,0.0,0.0,0.0,0.0,0.0,0.0
672,0.0,0.0,0.0,0.0,0.0,0.0,0.0,0.0,0.0,0.0
673,0.0,0.0,0.0,0.0,0.0,0.0,0.0,0.0,0.0,0.0
674,0.0,0.0,0.0,0.0,0.0,0.0,0.0,0.0,0.0,0.0
675,0.0,0.0,0.0,0.0,0.0,0.0,0.0,0.0,0.0,0.0
676,0.0,0.0,0.0,0.0,0.0,0.0,0.0,0.0,0.0,0.0
677,0.0,0.0,0.0,0.0,0.0,0.0,0.0,0.0,0.0,0.0
678,0.0,0.0,0.0,0.0,0.0,0.0,0.0,0.0,0.0,0.0
679,0.0,0.0,0.0,0.0,0.0,0.0,0.0,0.0,0.0,0.0
680,0.0,0.0,0.0,0.0,0.0,0.0,0.0,0.0,0.0,0.0
681,0.0,0.0,0.0,0.0,0.0,0.0,0.0,0.0,0.0,0.0
682,0.0,0.0,0.0,0.0,0.0,0.0,0.0,0.0,0.0,0.0
683,0.0,0.0,0.0,0.0,0.0,0.0,0.0,0.0,0.0,0.0
684,0.0,0.0,0.0,0.0,0.0,0.0,0.0,0.0,0.0,0.0
685,0.0,0.0,0.0,0.0,0.0,0.0,0.0,0.0,0.0,0.0
686,0.0,0.0,0.0,0.0,0.0,0.0,0.0,0.0,0.0,0.0
687,0.0,0.0,0.0,0.0,0.0,0.0,0.0,0.0,0.0,0.0
688,0.0,0.0,0.0,0.0,0.0,0.0,0.0,0.0,0.0,0.0
689,0.0,0.0,0.0,0.0,0.0,0.0,0.0,0.0,0.0,0.0
690,0.0,0.0,0.0,0.0,0.0,0.0,0.0,0.0,0.0,0.0
691,0.0,0.0,0.0,0.0,0.0,0.0,0.0,0.0,0.0,0.0
692,0.0,0.0,0.0,0.0,0.0,0.0,0.0,0.0,0.0,0.0
693,0.0,0.0,0.0,0.0,0.0,0.0,0.0,0.0,0.0,0.0
694,0.0,0.0,0.0,0.0,0.0,0.0,0.0,0.0,0.0,0.0
695,0.0,0.0,0.0,0.0,0.0,0.0,0.0,0.0,0.0,0.0
696,0.0,0.0,0.0,0.0,0.0,0.0,0.0,0.0,0.0,0.0
697,0.0,0.0,0.0,0.0,0.0,0.0,0.0,0.0,0.0,0.0
698,0.0,0.0,0.0,0.0,0.0,0.0,0.0,0.0,0.0,0.0
699,0.0,0.0,0.0,0.0,0.0,0.0,0.0,0.0,0.0,0.0
700,0.0,0.0,0.0,0.0,0.0,0.0,0.0,0.0,0.0,0.0
701,0.0,0.0,0.0,0.0,0.0,0.0,0.0,0.0,0.0,0.0
702,0.0,0.0,0.0,0.0,0.0,0.0,0.0,0.0,0.0,0.0
703,0.0,0.0,0.0,0.0,0.0,0.0,0.0,0.0,0.0,0.0
704,0.0,0.0,0.0,0.0,0.0,0.0,0.0,0.0,0.0,0.0
705,0.0,0.0,0.0,0.0,0.0,0.0,0.0,0.0,0.0,0.0
706,0.0,0.0,0.0,0.0,0.0,0.0,0.0,0.0,0.0,0.0
707,0.0,0.0,0.0,0.0,0.0,0.0,0.0,0.0,0.0,0.0
708,0.0,0.0,0.0,0.0,0.0,0.0,0.0,0.0,0.0,0.0
709,0.0,0.0,0.0,0.0,0.0,0.0,0.0,0.0,0.0,0.0
710,0.0,0.0,0.0,0.0,0.0,0.0,0.0,0.0,0.0,0.0
711,0.0,0.0,0.0,0.0,0.0,0.0,0.0,0.0,0.0,0.0
712,0.0,0.0,0.0,0.0,0.0,0.0,0.0,0.0,0.0,0.0
713,0.0,0.0,0.0,0.0,0.0,0.0,0.0,0.0,0.0,0.0
714,0.0,0.0,0.0,0.0,0.0,0.0,0.0,0.0,0.0,0.0
715,0.0,0.0,0.0,0.0,0.0,0.0,0.0,0.0,0.0,0.0
716,0.0,0.0,0.0,0.0,0.0,0.0,0.0,0.0,0.0,0.0
717,0.0,0.0,0.0,0.0,0.0,0.0,0.0,0.0,0.0,0.0
718,0.0,0.0,0.0,0.0,0.0,0.0,0.0,0.0,0.0,0.0
719,0.0,0.0,0.0,0.0,0.0,0.0,0.0,0.0,0.0,0.0
720,0.0,0.0,0.0,0.0,0.0,0.0,0.0,0.0,0.0,0.0
721,0.0,0.0,0.0,0.0,0.0,0.0,0.0,0.0,0.0,0.0
722,0.0,0.0,0.0,0.0,0.0,0.0,0.0,0.0,0.0,0.0
723,0.0,0.0,0.0,0.0,0.0,0.0,0.0,0.0,0.0,0.0
724,0.0,0.0,0.0,0.0,0.0,0.0,0.0,0.0,0.0,0.0
725,0.0,0.0,0.0,0.0,0.0,0.0,0.0,0.0,0.0,0.0
726,0.0,0.0,0.0,0.0,0.0,0.0,0.0,0.0,0.0,0.0
727,0.0,0.0,0.0,0.0,0.0,0.0,0.0,0.0,0.0,0.0
728,0.0,0.0,0.0,0.0,0.0,0.0,0.0,0.0,0.0,0.0
729,0.0,0.0,0.0,0.0,0.0,0.0,0.0,0.0,0.0,0.0
730,0.0,0.0,0.0,0.0,0.0,0.0,0.0,0.0,0.0,0.0
731,0.0,0.0,0.0,0.0,0.0,0.0,0.0,0.0,0.0,0.0
732,0.0,0.0,0.0,0.0,0.0,0.0,0.0,0.0,0.0,0.0
733,0.0,0.0,0.0,0.0,0.0,0.0,0.0,0.0,0.0,0.0
734,0.0,0.0,0.0,0.0,0.0,0.0,0.0,0.0,0.0,0.0
735,0.0,0.0,0.0,0.0,0.0,0.0,0.0,0.0,0.0,0.0
736,0.0,0.0,0.0,0.0,0.0,0.0,0.0,0.0,0.0,0.0
737,0.0,0.0,0.0,0.0,0.0,0.0,0.0,0.0,0.0,0.0
738,0.0,0.0,0.0,0.0,0.0,0.0,0.0,0.0,0.0,0.0
739,0.0,0.0,0.0,0.0,0.0,0.0,0.0,0.0,0.0,0.0
740,0.0,0.0,0.0,0.0,0.0,0.0,0.0,0.0,0.0,0.0
741,0.0,0.0,0.0,0.0,0.0,0.0,0.0,0.0,0.0,0.0
742,0.0,0.0,0.0,0.0,0.0,0.0,0.0,0.0,0.0,0.0
743,0.0,0.0,0.0,0.0,0.0,0.0,0.0,0.0,0.0,0.0
744,0.0,0.0,0.0,0.0,0.0,0.0,0.0,0.0,0.0,0.0
745,0.0,0.0,0.0,0.0,0.0,0.0,0.0,0.0,0.0,0.0
746,0.0,0.0,0.0,0.0,0.0,0.0,0.0,0.0,0.0,0.0
747,0.0,0.0,0.0,0.0,0.0,0.0,0.0,0.0,0.0,0.0
748,0.0,0.0,0.0,0.0,0.0,0.0,0.0,0.0,0.0,0.0
749,0.0,0.0,0.0,0.0,0.0,0.0,0.0,0.0,0.0,0.0
750,0.0,0.0,0.0,0.0,0.0,0.0,0.0,0.0,0.0,0.0
751,0.0,0.0,0.0,0.0,0.0,0.0,0.0,0.0,0.0,0.0
752,0.0,0.0,0.0,0.0,0.0,0.0,0.0,0.0,0.0,0.0
753,0.0,0.0,0.0,0.0,0.0,0.0,0.0,0.0,0.0,0.0
754,0.0,0.0,0.0,0.0,0.0,0.0,0.0,0.0,0.0,0.0
755,0.0,0.0,0.0,0.0,0.0,0.0,0.0,0.0,0.0,0.0
756,0.0,0.0,0.0,0.0,0.0,0.0,0.0,0.0,0.0,0.0
757,0.0,0.0,0.0,0.0,0.0,0.0,0.0,0.0,0.0,0.0
758,0.0,0.0,0.0,0.0,0.0,0.0,0.0,0.0,0.0,0.0
759,0.0,0.0,0.0,0.0,0.0,0.0,0.0,0.0,0.0,0.0
760,0.0,0.0,0.0,0.0,0.0,0.0,0.0,0.0,0.0,0.0
761,0.0,0.0,0.0,0.0,0.0,0.0,0.0,0.0,0.0,0.0
762,0.0,0.0,0.0,0.0,0.0,0.0,0.0,0.0,0.0,0.0
763,0.0,0.0,0.0,0.0,0.0,0.0,0.0,0.0,0.0,0.0
764,0.0,0.0,0.0,0.0,0.0,0.0,0.0,0.0,0.0,0.0
765,0.0,0.0,0.0,0.0,0.0,0.0,0.0,0.0,0.0,0.0
766,0.0,0.0,0.0,0.0,0.0,0.0,0.0,0.0,0.0,0.0
767,0.0,0.0,0.0,0.0,0.0,0.0,0.0,0.0,0.0,0.0
768,0.0,0.0,0.0,0.0,0.0,0.0,0.0,0.0,0.0,0.0
769,0.0,0.0,0.0,0.0,0.0,0.0,0.0,0.0,0.0,0.0
770,0.0,0.0,0.0,0.0,0.0,0.0,0.0,0.0,0.0,0.0
771,0.0,0.0,0.0,0.0,0.0,0.0,0.0,0.0,0.0,0.0
772,0.0,0.0,0.0,0.0,0.0,0.0,0.0,0.0,0.0,0.0
773,0.0,0.0,0.0,0.0,0.0,0.0,0.0,0.0,0.0,0.0
774,0.0,0.0,0.0,0.0,0.0,0.0,0.0,0.0,0.0,0.0
775,0.0,0.0,0.0,0.0,0.0,0.0,0.0,0.0,0.0,0.0
776,0.0,0.0,0.0,0.0,0.0,0.0,0.0,0.0,0.0,0.0
777,0.0,0.0,0.0,0.0,0.0,0.0,0.0,0.0,0.0,0.0
778,0.0,0.0,0.0,0.0,0.0,0.0,0.0,0.0,0.0,0.0
779,0.0,0.0,0.0,0.0,0.0,0.0,0.0,0.0,0.0,0.0
780,0.0,0.0,0.0,0.0,0.0,0.0,0.0,0.0,0.0,0.0
781,0.0,0.0,0.0,0.0,0.0,0.0,0.0,0.0,0.0,0.0
782,0.0,0.0,0.0,0.0,0.0,0.0,0.0,0.0,0.0,0.0
783,0.0,0.0,0.0,0.0,0.0,0.0,0.0,0.0,0.0,0.0
784,0.0,0.0,0.0,0.0,0.0,0.0,0.0,0.0,0.0,0.0
785,0.0,0.0,0.0,0.0,0.0,0.0,0.0,0.0,0.0,0.0
786,0.0,0.0,0.0,0.0,0.0,0.0,0.0,0.0,0.0,0.0
787,0.0,0.0,0.0,0.0,0.0,0.0,0.0,0.0,0.0,0.0
788,0.0,0.0,0.0,0.0,0.0,0.0,0.0,0.0,0.0,0.0
789,0.0,0.0,0.0,0.0,0.0,0.0,0.0,0.0,0.0,0.0
790,20.0,0.6384424,0.6384424,0.0,0.0,20.0,0.0,0.0,0.0,0.0
791,20.0,0.9028939,0.9028939,0.0,0.0,20.0,0.0,0.0,0.0,0.0
792,20.0,1.1058147,1.1058147,0.0,0.0,20.0,0.0,0.0,0.0,0.0
793,20.0,1.2768849,1.2768849,0.0,0.0,20.0,0.0,0.0,0.0,0.0
794,20.0,1.4276007,1.4276007,0.0,0.0,20.0,0.0,0.0,0.0,0.0
795,20.0,1.5638583,1.5638583,0.0,0.0,20.0,0.0,0.0,0.0,0.0
796,20.0,1.68916,1.68916,0.0,0.0,20.0,0.0,0.0,0.0,0.0
797,20.0,1.8057882,1.8057882,0.0,0.0,20.0,0.0,0.0,0.0,0.0
798,20.0,1.9153275,1.9153275,0.0,0.0,20.0,0.0,0.0,0.0,0.0
799,20.0,2.0189326,2.0189326,0.0,0.0,20.0,0.0,0.0,0.0,0.0
800,20.0,2.1174743,2.1174743,0.0,0.0,20.0,0.0,0.0,0.0,0.0
801,20.0,2.21163,2.21163,0.0,0.0,20.0,0.0,0.0,0.0,0.0
802,20.0,2.3019376,2.3019376,0.0,0.0,20.0,0.0,0.0,0.0,0.0
803,20.0,2.3888338,2.3888338,0.0,0.0,20.0,0.0,0.0,0.0,0.0
804,20.0,2.472678,2.472678,0.0,0.0,20.0,0.0,0.0,0.0,0.0
805,20.0,2.553771,2.553771,0.0,0.0,20.0,0.0,0.0,0.0,0.0
806,34.0,2.5537713,2.5537713,0.0,0.0,20.0,0.0,0.070826896,70826.9,1.0
807,34.0,2.5537717,2.5537717,0.0,0.0,20.0,0.0,0.07516288,75162.88,1.0
808,34.0,2.553772,2.553772,0.0,0.0,20.0,0.0,0.09082825,90828.25,1.0
809,34.0,2.5537722,2.5537722,0.0,0.0,20.0,0.0,0.10644332,106443.32,1.0
810,34.0,2.5537727,2.5537727,0.0,0.0,20.0,0.0,0.10074802,100748.016,1.0
811,34.0,2.553773,2.553773,0.0,0.0,20.0,0.0,0.11079833,110798.33,1.0
812,34.0,2.5537734,2.5537734,0.0,0.0,20.0,0.0,0.11461073,114610.734,1.0
813,34.0,2.553774,2.553774,0.0,0.0,20.0,0.0,0.116372876,116372.875,1.0
814,34.0,2.5537746,2.5537746,0.0,0.0,20.0,0.0,0.121421404,121421.41,1.0
815,34.0,2.553775,2.553775,0.0,0.0,20.0,0.0,0.119026795,119026.8,1.0
816,34.0,2.5537755,2.5537755,0.0,0.0,20.0,0.0,0.12986188,129861.875,1.0
817,34.0,2.5537763,2.5537763,0.0,0.0,20.0,0.0,0.13190745,131907.45,1.0
818,34.0,2.5537767,2.5537767,0.0,0.0,20.0,0.0,0.1316002,131600.2,1.0
819,34.0,2.5537775,2.5537775,0.0,0.0,20.0,0.0,0.12948804,129488.04,1.0
820,34.0,2.5537782,2.5537782,0.0,0.0,20.0,0.0,0.11949611,119496.11,1.0
821,34.0,2.553779,2.553779,0.0,0.0,20.0,0.0,0.1182023,118202.3,1.0
822,34.0,2.5537796,2.5537796,0.0,0.0,20.0,0.0,0.12671508,126715.08,1.0
823,34.0,2.5537806,2.5537806,0.0,0.0,20.0,0.0,0.12220432,122204.32,1.0
824,34.0,2.5537813,2.5537813,0.0,0.0,20.0,0.0,0.12341146,123411.46,1.0
825,34.0,2.553782,2.553782,0.0,0.0,20.0,0.0,0.12822597,128225.97,1.0
826,34.0,2.553783,2.553783,0.0,0.0,20.0,0.0,0.13390003,133900.03,1.0
827,34.0,2.553784,2.553784,0.0,0.0,20.0,0.0,0.13266264,132662.64,1.0
828,34.0,2.5537848,2.5537848,0.0,0.0,20.0,0.0,0.12902424,129024.234,1.0
829,34.0,2.5537858,2.5537858,0.0,0.0,20.0,0.0,0.12815197,128151.97,1.0
830,34.0,2.5537868,2.5537868,0.0,0.0,20.0,0.0,0.12624523,126245.234,1.0
831,34.0,2.5537877,2.5537877,0.0,0.0,20.0,0.0,0.12577525,125775.25,1.0
832,34.0,2.553789,2.553789,0.0,0.0,20.0,0.0,0.12260565,122605.65,1.0
833,34.0,2.5537899,2.5537899,0.0,0.0,20.0,0.0,0.11945652,119456.52,1.0
834,34.0,2.5537908,2.5537908,0.0,0.0,20.0,0.0,0.118724294,118724.3,1.0
835,34.0,2.553792,2.553792,0.0,0.0,20.0,0.0,0.11690589,116905.89,1.0
836,34.0,2.5537932,2.5537932,0.0,0.0,20.0,0.0,0.11721696,117216.96,1.0
837,34.0,2.5537944,2.5537944,0.0,0.0,20.0,0.0,0.11651745,116517.445,1.0
838,34.0,2.5537956,2.5537956,0.0,0.0,20.0,0.0,0.11904344,119043.44,1.0
839,34.0,2.553797,2.553797,0.0,0.0,20.0,0.0,0.12144975,121449.76,1.0
840,34.0,2.5537982,2.5537982,0.0,0.0,20.0,0.0,0.12295305,122953.05,1.0
841,34.0,2.5537996,2.5537996,0.0,0.0,20.0,0.0,0.12168198,121681.984,1.0
842,34.0,2.5538008,2.5538008,0.0,0.0,20.0,0.0,0.1221966,122196.6,1.0
843,34.0,2.5538023,2.5538023,0.0,0.0,20.0,0.0,0.12318405,123184.05,1.0
844,34.0,2.5538037,2.5538037,0.0,0.0,20.0,0.0,0.122852586,122852.586,1.0
845,34.0,2.553805,2.553805,0.0,0.0,20.0,0.0,0.12406706,124067.06,1.0
846,34.0,2.5538065,2.5538065,0.0,0.0,20.0,0.0,0.12590735,125907.34,1.0
847,34.0,2.553808,2.553808,0.0,0.0,20.0,0.0,0.12610906,126109.06,1.0
848,34.0,2.5538094,2.5538094,0.0,0.0,20.0,0.0,0.12555172,125551.72,1.0
849,34.0,2.553811,2.553811,0.0,0.0,20.0,0.0,0.1253996,125399.6,1.0
850,34.0,2.5538125,2.5538125,0.0,0.0,20.0,0.0,0.12601261,126012.61,1.0
851,34.0,2.5538142,2.5538142,0.0,0.0,20.0,0.0,0.12574638,125746.38,1.0
852,34.0,2.553816,2.553816,0.0,0.0,20.0,0.0,0.12517034,125170.336,1.0
853,34.0,2.5538177,2.5538177,0.0,0.0,20.0,0.0,0.12491357,124913.57,1.0
854,34.0,2.553819,2.553819,0.0,0.0,20.0,0.0,0.12757047,127570.47,1.0
855,34.0,2.5538206,2.5538206,0.0,0.0,20.0,0.0,0.12803274,128032.74,1.0
856,34.0,2.5538216,2.5538216,0.0,0.0,20.0,0.0,0.1277987,127798.7,1.0
857,34.0,2.553823,2.553823,0.0,0.0,20.0,0.0,0.12821011,128210.11,1.0
858,34.0,2.5538237,2.5538237,0.0,0.0,20.0,0.0,0.12697238,126972.375,1.0
859,34.0,2.5538247,2.5538247,0.0,0.0,20.0,0.0,0.12560803,125608.02,1.0
860,34.0,2.5538254,2.5538254,0.0,0.0,20.0,0.0,0.12890685,128906.84,1.0
861,34.0,2.5538259,2.5538259,0.0,0.0,20.0,0.0,0.13019693,130196.93,1.0
862,34.0,2.5538263,2.5538263,0.0,0.0,20.0,0.0,0.130555,130555.01,1.0
863,34.0,2.5538263,2.5538263,0.0,0.0,20.0,0.0,0.13088773,130887.734,1.0
864,34.0,2.5538266,2.5538266,0.0,0.0,20.0,0.0,0.13061495,130614.95,1.0
865,34.0,2.5538266,2.5538266,0.0,0.0,20.0,0.0,0.13108465,131084.66,1.0
866,34.0,2.5538263,2.5538263,0.0,0.0,20.0,0.0,0.13124864,131248.64,1.0
867,34.0,2.5538256,2.5538256,0.0,0.0,20.0,0.0,0.1315731,131573.1,1.0
868,34.0,2.5538251,2.5538251,0.0,0.0,20.0,0.0,0.1313525,131352.5,1.0
869,34.0,2.5538247,2.5538247,0.0,0.0,20.0,0.0,0.13174634,131746.34,1.0
870,34.0,2.5538237,2.5538237,0.0,0.0,20.0,0.0,0.13386957,133869.58,1.0
871,34.0,2.553823,2.553823,0.0,0.0,20.0,0.0,0.1333724,133372.39,1.0
872,34.0,2.5538223,2.5538223,0.0,0.0,20.0,0.0,0.13375998,133759.97,1.0
873,34.0,2.5538218,2.5538218,0.0,0.0,20.0,0.0,0.13475576,134755.77,1.0
874,34.0,2.553821,2.553821,0.0,0.0,20.0,0.0,0.13643786,136437.86,1.0
875,34.0,2.5538204,2.5538204,0.0,0.0,20.0,0.0,0.13652585,136525.86,1.0
876,34.0,2.5538197,2.5538197,0.0,0.0,20.0,0.0,0.13692309,136923.1,1.0
877,34.0,2.553819,2.553819,0.0,0.0,20.0,0.0,0.13712741,137127.42,1.0
878,34.0,2.5538182,2.5538182,0.0,0.0,20.0,0.0,0.13693163,136931.62,1.0
879,34.0,2.5538175,2.5538175,0.0,0.0,20.0,0.0,0.13702175,137021.75,1.0
880,34.0,2.5538168,2.5538168,0.0,0.0,20.0,0.0,0.13735306,137353.06,1.0
881,34.0,2.5538163,2.5538163,0.0,0.0,20.0,0.0,0.13780804,137808.05,1.0
882,34.0,2.5538156,2.5538156,0.0,0.0,20.0,0.0,0.13932975,139329.75,1.0
883,34.0,2.5538146,2.5538146,0.0,0.0,20.0,0.0,0.13979058,139790.58,1.0
884,34.0,2.5538142,2.5538142,0.0,0.0,20.0,0.0,0.13952938,139529.38,1.0
885,34.0,2.5538135,2.5538135,0.0,0.0,20.0,0.0,0.13999586,139995.86,1.0
886,34.0,2.553813,2.553813,0.0,0.0,20.0,0.0,0.1399711,139971.11,1.0
887,34.0,2.5538123,2.5538123,0.0,0.0,20.0,0.0,0.1402322,140232.2,1.0
888,34.0,2.5538118,2.5538118,0.0,0.0,20.0,0.0,0.140588,140588.0,1.0
889,34.0,2.553811,2.553811,0.0,0.0,20.0,0.0,0.14124304,141243.05,1.0
890,34.0,2.5538104,2.5538104,0.0,0.0,20.0,0.0,0.14174566,141745.66,1.0
891,34.0,2.55381,2.55381,0.0,0.0,20.0,0.0,0.1419516,141951.61,1.0
892,34.0,2.5538092,2.5538092,0.0,0.0,20.0,0.0,0.14200883,142008.83,1.0
893,34.0,2.5538087,2.5538087,0.0,0.0,20.0,0.0,0.14205293,142052.94,1.0
894,34.0,2.554074,2.554074,0.0,0.0,20.0,0.0,0.14281991,142819.9,1.0
895,34.0,2.5543394,2.5543394,0.0,0.0,20.0,0.0,0.14316563,143165.64,1.0
896,34.0,2.5546045,2.5546045,0.0,0.0,20.0,0.0,0.14320691,143206.9,1.0
897,34.0,2.5548701,2.5548701,0.0,0.0,20.0,0.0,0.14363904,143639.05,1.0
898,34.0,2.5551353,2.5551353,0.0,0.0,20.0,0.0,0.14393081,143930.81,1.0
899,34.0,2.5554006,2.5554006,0.0,0.0,20.0,0.0,0.14409304,144093.03,1.0
900,34.0,2.5556657,2.5556657,0.0,0.0,20.0,0.0,0.14434685,144346.84,1.0
901,34.0,2.555931,2.555931,0.0,0.0,20.0,0.0,0.14465667,144656.67,1.0
902,34.0,2.5561965,2.5561965,0.0,0.0,20.0,0.0,0.14483696,144836.97,1.0
903,34.0,2.5564616,2.5564616,0.0,0.0,20.0,0.0,0.14501984,145019.84,1.0
904,34.0,2.5567267,2.5567267,0.0,0.0,20.0,0.0,0.14539604,145396.05,1.0
905,34.0,2.5569918,2.5569918,0.0,0.0,20.0,0.0,0.14572261,145722.61,1.0
906,34.0,2.5571299,2.5571299,0.0,0.0,20.0,0.0,0.14588773,145887.73,1.0
907,34.0,2.5573208,2.5573208,0.0,0.0,20.0,0.0,0.14621995,146219.95,1.0
908,34.0,2.5575466,2.5575466,0.0,0.0,20.0,0.0,0.1464892,146489.2,1.0
909,34.0,2.557799,2.557799,0.0,0.0,20.0,0.0,0.14673458,146734.58,1.0
910,34.0,2.557754,2.557754,0.0,0.0,20.0,0.0,0.14486487,144864.88,1.0
911,34.0,2.5577154,2.5577154,0.0,0.0,20.0,0.0,0.14526126,145261.27,1.0
912,34.0,2.5576766,2.5576766,0.0,0.0,20.0,0.0,0.14537776,145377.75,1.0
913,34.0,3.1364193,3.1364193,0.0,100000.0,20.0,20.0,0.1455974,145597.4,1.0
914,34.0,3.588691,3.588691,0.0,100000.0,20.0,20.0,0.14643146,146431.47,1.0
915,34.0,3.9643354,3.9643354,0.0,100000.0,20.0,20.0,0.147329,147329.0,1.0
916,34.0,4.284677,4.284677,0.0,100000.0,20.0,20.0,0.14729916,147299.16,1.0
917,34.0,4.587301,4.587301,0.0,100000.0,20.0,20.0,0.14750485,147504.86,1.0
918,34.0,4.8821907,4.8821907,0.0,100000.0,20.0,20.0,0.14791156,147911.56,1.0
919,34.0,5.1470695,5.1470695,0.0,100000.0,20.0,20.0,0.14812021,148120.2,1.0
920,34.0,5.38643,5.38643,0.0,100000.0,20.0,20.0,0.14798294,147982.94,1.0
921,34.0,5.6155415,5.6155415,0.0,100000.0,20.0,20.0,0.14813429,148134.3,1.0
922,34.0,5.8357244,5.8357244,0.0,100000.0,20.0,20.0,0.14987198,149871.97,1.0
923,34.0,6.038614,6.038614,0.0,100000.0,20.0,20.0,0.15204139,152041.39,1.0
924,34.0,6.2411556,6.2411556,0.0,100000.0,20.0,20.0,0.15311414,153114.14,1.0
925,34.0,6.437519,6.437519,0.0,100000.0,20.0,20.0,0.153885,153885.0,1.0
926,34.0,6.6287665,6.6287665,0.0,100000.0,20.0,20.0,0.1534743,153474.3,1.0
927,34.0,6.7735662,6.7735662,0.0,100000.0,20.0,20.0,0.15321662,153216.61,1.0
928,34.0,6.915334,6.915334,0.0,100000.0,20.0,20.0,0.150338,150338.0,1.0
929,34.0,6.8166633,6.8166633,0.0,100000.0,20.0,20.0,0.2013364,201336.4,1.0
930,34.0,6.735412,6.735412,0.0,100000.0,20.0,20.0,0.17874216,178742.16,1.0
931,34.0,6.6685066,6.6685066,0.0,100000.0,20.0,20.0,0.19920708,199207.08,1.0
932,34.0,6.615556,6.615556,0.0,100000.0,20.0,20.0,0.195387,195387.0,1.0
933,34.0,6.5485826,6.5485826,0.0,0.0,20.0,0.0,0.18139695,181396.95,1.0
934,34.0,6.472612,6.472612,0.0,0.0,20.0,0.0,0.19403917,194039.17,1.0
935,34.0,6.406356,6.406356,0.0,0.0,20.0,0.0,0.20183243,201832.42,1.0
936,34.0,6.3500648,6.3500648,0.0,0.0,20.0,0.0,0.19314833,193148.33,1.0
937,34.0,6.2933197,6.2933197,0.0,0.0,20.0,0.0,0.19412327,194123.27,1.0
938,34.0,6.236054,6.236054,0.0,0.0,20.0,0.0,0.19316587,193165.88,1.0
939,34.0,6.18731,6.18731,0.0,0.0,20.0,0.0,0.19023456,190234.56,1.0
940,34.0,6.131808,6.131808,0.0,0.0,20.0,0.0,0.18578233,185782.33,1.0
941,34.0,6.075585,6.075585,0.0,0.0,20.0,0.0,0.18649493,186494.94,1.0
942,34.0,6.0180807,6.0180807,0.0,0.0,20.0,0.0,0.18964513,189645.12,1.0
943,34.0,6.0068183,6.0068183,0.0,0.0,20.0,0.0,0.19709088,197090.88,1.0
944,34.0,5.995839,5.995839,0.0,0.0,20.0,0.0,0.19288623,192886.23,1.0
945,34.0,5.9854593,5.9854593,0.0,0.0,20.0,0.0,0.19961913,199619.12,1.0
946,34.0,5.976945,5.976945,0.0,0.0,20.0,0.0,0.19889775,198897.75,1.0
947,34.0,5.919184,5.919184,0.0,0.0,20.0,0.0,0.19581416,195814.16,1.0
948,34.0,5.860971,5.860971,0.0,0.0,20.0,0.0,0.19324687,193246.88,1.0
949,34.0,5.81387,5.81387,0.0,0.0,20.0,0.0,0.20356205,203562.05,1.0
950,34.0,5.754591,5.754591,0.0,0.0,20.0,0.0,0.20005412,200054.12,1.0
951,34.0,5.694695,5.694695,0.0,0.0,20.0,0.0,0.21400686,214006.86,1.0
952,34.0,5.634162,5.634162,0.0,0.0,20.0,0.0,0.21595307,215953.06,1.0
953,34.0,5.572972,5.572972,0.0,0.0,20.0,0.0,0.21394901,213949.02,1.0
954,34.0,5.511102,5.511102,0.0,0.0,20.0,0.0,0.21390691,213906.92,1.0
955,34.0,5.4485297,5.4485297,0.0,0.0,20.0,0.0,0.2146465,214646.5,1.0
956,34.0,5.385231,5.385231,0.0,0.0,20.0,0.0,0.21631505,216315.05,1.0
957,34.0,5.3211784,5.3211784,0.0,0.0,20.0,0.0,0.21861508,218615.08,1.0
958,34.0,5.256346,5.256346,0.0,0.0,20.0,0.0,0.22127484,221274.84,1.0
959,34.0,5.190531,5.190531,0.0,0.0,20.0,0.0,0.22690621,226906.2,1.0
960,34.0,5.1235137,5.1235137,0.0,0.0,20.0,0.0,0.2294828,229482.8,1.0
961,34.0,5.0548744,5.0548744,0.0,0.0,20.0,0.0,0.23051809,230518.1,1.0
962,34.0,4.983032,4.983032,0.0,0.0,20.0,0.0,0.23074819,230748.19,1.0
963,34.0,4.96938,4.96938,0.0,0.0,20.0,0.0,0.22308235,223082.34,1.0
964,34.0,4.95569,4.95569,0.0,0.0,20.0,0.0,0.22557247,225572.47,1.0
965,34.0,4.9419622,4.9419622,0.0,0.0,20.0,0.0,0.2275659,227565.9,1.0
966,34.0,4.9419622,4.9419622,0.0,0.0,20.0,0.0,0.22914782,229147.83,1.0
967,34.0,4.9419622,4.9419622,0.0,0.0,20.0,0.0,0.23339158,233391.58,1.0
968,34.0,4.941962,4.941962,0.0,0.0,20.0,0.0,0.23806982,238069.81,1.0
969,34.0,4.941962,4.941962,0.0,0.0,20.0,0.0,0.23674634,236746.34,1.0
970,34.0,4.941962,4.941962,0.0,0.0,20.0,0.0,0.2347528,234752.8,1.0
971,34.0,4.941962,4.941962,0.0,0.0,20.0,0.0,0.22839685,228396.84,1.0
972,34.0,4.941962,4.941962,0.0,0.0,20.0,0.0,0.22583733,225837.33,1.0
973,34.0,4.9423246,4.9423246,0.0,0.0,20.0,0.0,0.22147168,221471.69,1.0
974,34.0,4.943405,4.943405,0.0,0.0,20.0,0.0,0.21890226,218902.27,1.0
975,34.0,4.945926,4.945926,0.0,0.0,20.0,0.0,0.21543877,215438.77,1.0
976,34.0,4.952773,4.952773,0.0,0.0,20.0,0.0,0.21484551,214845.52,1.0
977,34.0,4.89639,4.89639,0.0,0.0,20.0,0.0,0.2110269,211026.9,1.0
978,34.0,4.839722,4.839722,0.0,0.0,20.0,0.0,0.21495995,214959.95,1.0
979,34.0,4.7828274,4.7828274,0.0,0.0,20.0,0.0,0.20956229,209562.28,1.0
980,34.0,4.725892,4.725892,0.0,0.0,20.0,0.0,0.207754,207754.0,1.0
981,34.0,4.5912266,4.5912266,0.0,0.0,20.0,0.0,0.20841855,208418.55,1.0
982,34.0,4.4524894,4.4524894,0.0,0.0,20.0,0.0,0.21217753,212177.53,1.0
983,34.0,4.3092885,4.3092885,0.0,0.0,20.0,0.0,0.20886293,208862.94,1.0
984,34.0,4.161162,4.161162,0.0,0.0,20.0,0.0,0.20933983,209339.83,1.0
985,34.0,4.0075645,4.0075645,0.0,0.0,20.0,0.0,0.21096201,210962.02,1.0
986,34.0,3.84784,3.84784,0.0,0.0,20.0,0.0,0.20985581,209855.81,1.0
987,34.0,3.6811924,3.6811924,0.0,0.0,20.0,0.0,0.21325445,213254.45,1.0
988,34.0,3.5066335,3.5066335,0.0,0.0,20.0,0.0,0.2139686,213968.61,1.0
989,34.0,3.322378,3.322378,0.0,0.0,20.0,0.0,0.2147746,214774.6,1.0
990,34.0,3.1261501,3.1261501,0.0,0.0,20.0,0.0,0.21747114,217471.14,1.0
991,34.0,2.914307,2.914307,0.0,0.0,20.0,0.0,0.21868731,218687.31,1.0
992,34.0,2.6778188,2.6778188,0.0,0.0,20.0,0.0,0.21891598,218915.98,1.0
993,34.0,2.5438824,2.5438824,0.0,0.0,20.0,0.0,0.19158886,191588.86,1.0
994,34.0,2.4017425,2.4017425,0.0,0.0,20.0,0.0,0.19191551,191915.52,1.0
995,34.0,2.2496984,2.2496984,0.0,0.0,20.0,0.0,0.19147073,191470.73,1.0
996,34.0,2.085144,2.085144,0.0,0.0,20.0,0.0,0.1919595,191959.5,1.0
997,34.0,2.085144,2.085144,0.0,0.0,20.0,0.0,0.19939123,199391.23,1.0
998,34.0,2.085144,2.085144,0.0,0.0,20.0,0.0,0.19745107,197451.08,1.0
999,34.0,2.085144,2.085144,0.0,0.0,20.0,0.0,0.19126868,191268.69,1.0
1000,34.0,2.085144,2.085144,0.0,0.0,20.0,0.0,0.19327849,193278.48,1.0
1001,34.0,2.085144,2.085144,0.0,0.0,20.0,0.0,0.19244353,192443.53,1.0
1002,34.0,2.085144,2.085144,0.0,0.0,20.0,0.0,0.18786892,187868.92,1.0
1003,34.0,2.085144,2.085144,0.0,0.0,20.0,0.0,0.18471111,184711.11,1.0
1004,34.0,2.085144,2.085144,0.0,0.0,20.0,0.0,0.18594062,185940.62,1.0
1005,34.0,2.085144,2.085144,0.0,0.0,20.0,0.0,0.19271027,192710.27,1.0
1006,34.0,2.085144,2.085144,0.0,0.0,20.0,0.0,0.19212095,192120.95,1.0
1007,34.0,2.085144,2.085144,0.0,0.0,20.0,0.0,0.19438429,194384.3,1.0
1008,34.0,2.085144,2.085144,0.0,0.0,20.0,0.0,0.1935854,193585.39,1.0
1009,34.0,2.085144,2.085144,0.0,0.0,20.0,0.0,0.19790398,197903.97,1.0
1010,34.0,2.085144,2.085144,0.0,0.0,20.0,0.0,0.19395106,193951.06,1.0
1011,34.0,2.085144,2.085144,0.0,0.0,20.0,0.0,0.19314249,193142.48,1.0
1012,34.0,2.085144,2.085144,0.0,0.0,20.0,0.0,0.18727782,187277.83,1.0
1013,34.0,2.085144,2.085144,0.0,0.0,20.0,0.0,0.2030778,203077.8,1.0
1014,34.0,2.085144,2.085144,0.0,0.0,20.0,0.0,0.1987738,198773.8,1.0
1015,34.0,2.085144,2.085144,0.0,0.0,20.0,0.0,0.20313503,203135.03,1.0
1016,34.0,2.085144,2.085144,0.0,0.0,20.0,0.0,0.1993812,199381.2,1.0
1017,34.0,2.085144,2.085144,0.0,0.0,20.0,0.0,0.19871585,198715.84,1.0
1018,34.0,2.085144,2.085144,0.0,0.0,20.0,0.0,0.19806784,198067.84,1.0
1019,34.0,2.085144,2.085144,0.0,0.0,20.0,0.0,0.19583942,195839.42,1.0
1020,34.0,2.085144,2.085144,0.0,0.0,20.0,0.0,0.19467583,194675.83,1.0
1021,34.0,2.085144,2.085144,0.0,0.0,20.0,0.0,0.19565374,195653.73,1.0
1022,34.0,2.085144,2.085144,0.0,0.0,20.0,0.0,0.19624043,196240.42,1.0
1023,34.0,2.085144,2.085144,0.0,0.0,20.0,0.0,0.19527961,195279.61,1.0
1024,34.0,2.085144,2.085144,0.0,0.0,20.0,0.0,0.1973755,197375.5,1.0
1025,34.0,2.085144,2.085144,0.0,0.0,20.0,0.0,0.1962937,196293.7,1.0
1026,34.0,2.085144,2.085144,0.0,0.0,20.0,0.0,0.19865091,198650.9,1.0
1027,34.0,2.085144,2.085144,0.0,0.0,20.0,0.0,0.19834185,198341.84,1.0
1028,34.0,2.085144,2.085144,0.0,0.0,20.0,0.0,0.197668,197668.0,1.0
1029,34.0,2.085144,2.085144,0.0,0.0,20.0,0.0,0.1968477,196847.7,1.0
1030,34.0,2.085144,2.085144,0.0,0.0,20.0,0.0,0.1965229,196522.9,1.0
1031,34.0,2.085144,2.085144,0.0,0.0,20.0,0.0,0.19585997,195859.97,1.0
1032,34.0,2.085144,2.085144,0.0,0.0,20.0,0.0,0.19685635,196856.34,1.0
1033,34.0,2.085144,2.085144,0.0,0.0,20.0,0.0,0.2001362,200136.2,1.0
1034,34.0,2.085144,2.085144,0.0,0.0,20.0,0.0,0.20136155,201361.55,1.0
1035,34.0,2.085144,2.085144,0.0,0.0,20.0,0.0,0.1992354,199235.39,1.0
1036,34.0,2.085144,2.085144,0.0,0.0,20.0,0.0,0.19949701,199497.02,1.0
1037,34.0,2.085144,2.085144,0.0,0.0,20.0,0.0,0.20322618,203226.17,1.0
1038,34.0,2.085144,2.085144,0.0,0.0,20.0,0.0,0.2014404,201440.39,1.0
1039,34.0,2.085144,2.085144,0.0,0.0,20.0,0.0,0.1988724,198872.4,1.0
1040,34.0,2.085144,2.085144,0.0,0.0,20.0,0.0,0.20033212,200332.12,1.0
1041,34.0,2.085144,2.085144,0.0,0.0,20.0,0.0,0.2019602,201960.2,1.0
1042,34.0,2.085144,2.085144,0.0,0.0,20.0,0.0,0.20081587,200815.88,1.0
1043,34.0,2.085144,2.085144,0.0,0.0,20.0,0.0,0.20317426,203174.27,1.0
1044,34.0,2.085144,2.085144,0.0,0.0,20.0,0.0,0.2047349,204734.9,1.0
1045,34.0,2.085144,2.085144,0.0,0.0,20.0,0.0,0.2056406,205640.6,1.0
1046,34.0,2.085144,2.085144,0.0,0.0,20.0,0.0,0.20624489,206244.89,1.0
1047,34.0,2.085144,2.085144,0.0,0.0,20.0,0.0,0.20544899,205448.98,1.0
1048,34.0,2.085144,2.085144,0.0,0.0,20.0,0.0,0.20570898,205708.98,1.0
1049,34.0,2.085144,2.085144,0.0,0.0,20.0,0.0,0.20422189,204221.89,1.0
1050,34.0,2.085144,2.085144,0.0,0.0,20.0,0.0,0.20335613,203356.12,1.0
1051,34.0,2.085144,2.085144,0.0,0.0,20.0,0.0,0.2050106,205010.6,1.0
1052,34.0,2.085144,2.085144,0.0,0.0,20.0,0.0,0.20386462,203864.62,1.0
1053,34.0,2.085144,2.085144,0.0,0.0,20.0,0.0,0.2035154,203515.39,1.0
1054,34.0,2.085144,2.085144,0.0,0.0,20.0,0.0,0.20652631,206526.31,1.0
1055,34.0,2.085144,2.085144,0.0,0.0,20.0,0.0,0.20494778,204947.78,1.0
1056,34.0,2.085144,2.085144,0.0,0.0,20.0,0.0,0.20657068,206570.69,1.0
1057,34.0,2.085144,2.085144,0.0,0.0,20.0,0.0,0.20987812,209878.12,1.0
1058,34.0,2.085144,2.085144,0.0,0.0,20.0,0.0,0.21525986,215259.86,1.0
1059,34.0,2.085144,2.085144,0.0,0.0,20.0,0.0,0.2179708,217970.8,1.0
1060,34.0,2.085144,2.085144,0.0,0.0,20.0,0.0,0.21981998,219819.98,1.0
1061,34.0,2.085144,2.085144,0.0,0.0,20.0,0.0,0.2254287,225428.7,1.0
1062,34.0,2.085144,2.085144,0.0,0.0,20.0,0.0,0.22323108,223231.08,1.0
1063,34.0,2.085144,2.085144,0.0,0.0,20.0,0.0,0.22668906,226689.06,1.0
1064,34.0,2.085144,2.085144,0.0,0.0,20.0,0.0,0.23212028,232120.28,1.0
1065,34.0,2.085144,2.085144,0.0,0.0,20.0,0.0,0.23115718,231157.19,1.0
1066,34.0,2.085144,2.085144,0.0,0.0,20.0,0.0,0.23422578,234225.78,1.0
1067,34.0,2.018932,2.018932,0.0,0.0,20.0,0.0,0.2325,232500.0,1.0
1068,34.0,1.9504737,1.9504737,0.0,0.0,20.0,0.0,0.23654148,236541.48,1.0
1069,34.0,1.8795235,1.8795235,0.0,0.0,20.0,0.0,0.23732077,237320.77,1.0
1070,34.0,1.8057878,1.8057878,0.0,0.0,20.0,0.0,0.23917778,239177.78,1.0
1071,34.0,1.7289102,1.7289102,0.0,0.0,20.0,0.0,0.24122764,241227.64,1.0
1072,34.0,1.6484512,1.6484512,0.0,0.0,20.0,0.0,0.24313793,243137.92,1.0
1073,34.0,1.5638582,1.5638582,0.0,0.0,20.0,0.0,0.24145178,241451.78,1.0
1074,34.0,1.4744196,1.4744196,0.0,0.0,20.0,0.0,0.24018823,240188.23,1.0
1075,34.0,1.3791932,1.3791932,0.0,0.0,20.0,0.0,0.23951831,239518.31,1.0
1076,34.0,1.2768848,1.2768848,0.0,0.0,20.0,0.0,0.24175481,241754.81,1.0
1077,34.0,1.165631,1.165631,0.0,0.0,20.0,0.0,0.2353544,235354.39,1.0
1078,34.0,1.042572,1.042572,0.0,0.0,20.0,0.0,0.23807867,238078.67,1.0
1079,34.0,0.9028939,0.9028939,0.0,0.0,20.0,0.0,0.23852019,238520.19,1.0
1080,34.0,0.7372098,0.7372098,0.0,0.0,20.0,0.0,0.25095296,250952.95,1.0
1081,34.0,0.521286,0.521286,0.0,0.0,20.0,0.0,0.25679561,256795.61,1.0
1082,0.0,0.0,0.0,0.0,0.0,0.0,0.0,0.25701866,257018.66,1.0
1083,0.0,0.0,0.0,0.0,0.0,0.0,0.0,0.24493228,244932.28,1.0
1084,0.0,0.0,0.0,0.0,0.0,0.0,0.0,0.24398379,243983.8,1.0
1085,0.0,0.0,0.0,0.0,0.0,0.0,0.0,0.25069317,250693.17,1.0
1086,0.0,0.0,0.0,0.0,0.0,0.0,0.0,0.2335293,233529.3,1.0
1087,0.0,0.0,0.0,0.0,0.0,0.0,0.0,0.22565195,225651.95,1.0
1088,0.0,0.0,0.0,0.0,0.0,0.0,0.0,0.19394884,193948.83,1.0
1089,0.0,0.0,0.0,0.0,0.0,0.0,0.0,0.19800195,198001.95,1.0
1090,0.0,0.0,0.0,0.0,0.0,0.0,0.0,0.1958366,195836.61,1.0
1091,0.0,0.0,0.0,0.0,0.0,0.0,0.0,0.20662484,206624.84,1.0
1092,0.0,0.0,0.0,0.0,0.0,0.0,0.0,0.20149499,201495.0,1.0
1093,0.0,0.0,0.0,0.0,0.0,0.0,0.0,0.20015715,200157.16,1.0
1094,0.0,0.0,0.0,0.0,0.0,0.0,0.0,0.19992425,199924.25,1.0
1095,0.0,0.0,0.0,0.0,0.0,0.0,0.0,0.20115343,201153.42,1.0
1096,0.0,0.0,0.0,0.0,0.0,0.0,0.0,0.19562104,195621.05,1.0
1097,0.0,0.0,0.0,0.0,0.0,0.0,0.0,0.20479599,204795.98,1.0
1098,0.0,0.0,0.0,0.0,0.0,0.0,0.0,0.20037553,200375.53,1.0
1099,0.0,0.0,0.0,0.0,0.0,0.0,0.0,0.20209715,202097.14,1.0
1100,0.0,0.0,0.0,0.0,0.0,0.0,0.0,0.2039148,203914.81,1.0
1101,0.0,0.0,0.0,0.0,0.0,0.0,0.0,0.20155892,201558.92,1.0
1102,0.0,0.0,0.0,0.0,0.0,0.0,0.0,0.19574976,195749.77,1.0
1103,0.0,0.0,0.0,0.0,0.0,0.0,0.0,0.19961517,199615.17,1.0
1104,0.0,0.0,0.0,0.0,0.0,0.0,0.0,0.20234317,202343.17,1.0
1105,0.0,0.0,0.0,0.0,0.0,0.0,0.0,0.19787392,197873.92,1.0
1106,0.0,0.0,0.0,0.0,0.0,0.0,0.0,0.20069776,200697.77,1.0
1107,0.0,0.0,0.0,0.0,0.0,0.0,0.0,0.20330556,203305.56,1.0
1108,0.0,0.0,0.0,0.0,0.0,0.0,0.0,0.20018269,200182.69,1.0
1109,0.0,0.0,0.0,0.0,0.0,0.0,0.0,0.19797711,197977.11,1.0
1110,0.0,0.0,0.0,0.0,0.0,0.0,0.0,0.19688046,196880.45,1.0
1111,0.0,0.0,0.0,0.0,0.0,0.0,0.0,0.19242275,192422.75,1.0
1112,0.0,0.0,0.0,0.0,0.0,0.0,0.0,0.19488977,194889.77,1.0
1113,0.0,0.0,0.0,0.0,0.0,0.0,0.0,0.19211271,192112.72,1.0
1114,0.0,0.0,0.0,0.0,0.0,0.0,0.0,0.19218081,192180.81,1.0
1115,0.0,0.0,0.0,0.0,0.0,0.0,0.0,0.19272646,192726.47,1.0
1116,0.0,0.0,0.0,0.0,0.0,0.0,0.0,0.19231638,192316.39,1.0
1117,0.0,0.0,0.0,0.0,0.0,0.0,0.0,0.18994914,189949.14,1.0
1118,0.0,0.0,0.0,0.0,0.0,0.0,0.0,0.19143075,191430.75,1.0
1119,0.0,0.0,0.0,0.0,0.0,0.0,0.0,0.19396791,193967.9,1.0
1120,0.0,0.0,0.0,0.0,0.0,0.0,0.0,0.19551666,195516.66,1.0
1121,0.0,0.0,0.0,0.0,0.0,0.0,0.0,0.19294935,192949.36,1.0
1122,0.0,0.0,0.0,0.0,0.0,0.0,0.0,0.19090447,190904.47,1.0
1123,0.0,0.0,0.0,0.0,0.0,0.0,0.0,0.19315535,193155.34,1.0
1124,0.0,0.0,0.0,0.0,0.0,0.0,0.0,0.1919013,191901.3,1.0
1125,0.0,0.0,0.0,0.0,0.0,0.0,0.0,0.1909918,190991.8,1.0
1126,0.0,0.0,0.0,0.0,0.0,0.0,0.0,0.19114016,191140.16,1.0
1127,0.0,0.0,0.0,0.0,0.0,0.0,0.0,0.19020773,190207.73,1.0
1128,0.0,0.0,0.0,0.0,0.0,0.0,0.0,0.18927132,189271.31,1.0
1129,0.0,0.0,0.0,0.0,0.0,0.0,0.0,0.19142893,191428.94,1.0
1130,0.0,0.0,0.0,0.0,0.0,0.0,0.0,0.1899181,189918.1,1.0
1131,0.0,0.0,0.0,0.0,0.0,0.0,0.0,0.18795332,187953.33,1.0
1132,0.0,0.0,0.0,0.0,0.0,0.0,0.0,0.18842328,188423.28,1.0
1133,0.0,0.0,0.0,0.0,0.0,0.0,0.0,0.18808259,188082.6,1.0
1134,0.0,0.0,0.0,0.0,0.0,0.0,0.0,0.18828784,188287.84,1.0
1135,0.0,0.0,0.0,0.0,0.0,0.0,0.0,0.1886363,188636.3,1.0
1136,0.0,0.0,0.0,0.0,0.0,0.0,0.0,0.189477,189477.0,1.0
1137,0.0,0.0,0.0,0.0,0.0,0.0,0.0,0.19033076,190330.77,1.0
1138,0.0,0.0,0.0,0.0,0.0,0.0,0.0,0.19078726,190787.25,1.0
1139,0.0,0.0,0.0,0.0,0.0,0.0,0.0,0.19101262,191012.62,1.0
1140,0.0,0.0,0.0,0.0,0.0,0.0,0.0,0.19157103,191571.03,1.0
1141,0.0,0.0,0.0,0.0,0.0,0.0,0.0,0.19296865,192968.66,1.0
1142,0.0,0.0,0.0,0.0,0.0,0.0,0.0,0.19462276,194622.75,1.0
1143,0.0,0.0,0.0,0.0,0.0,0.0,0.0,0.19328114,193281.14,1.0
1144,0.0,0.0,0.0,0.0,0.0,0.0,0.0,0.19375113,193751.12,1.0
1145,0.0,0.0,0.0,0.0,0.0,0.0,0.0,0.19379614,193796.14,1.0
1146,0.0,0.0,0.0,0.0,0.0,0.0,0.0,0.19477397,194773.97,1.0
1147,0.0,0.0,0.0,0.0,0.0,0.0,0.0,0.19420387,194203.88,1.0
1148,0.0,0.0,0.0,0.0,0.0,0.0,0.0,0.1944711,194471.11,1.0
1149,0.0,0.0,0.0,0.0,0.0,0.0,0.0,0.19726866,197268.67,1.0
1150,0.0,0.0,0.0,0.0,0.0,0.0,0.0,0.19623539,196235.39,1.0
1151,0.0,0.0,0.0,0.0,0.0,0.0,0.0,0.19836481,198364.81,1.0
1152,0.0,0.0,0.0,0.0,0.0,0.0,0.0,0.19950546,199505.47,1.0
1153,0.0,0.0,0.0,0.0,0.0,0.0,0.0,0.1974576,197457.6,1.0
1154,0.0,0.0,0.0,0.0,0.0,0.0,0.0,0.19861576,198615.77,1.0
1155,0.0,0.0,0.0,0.0,0.0,0.0,0.0,0.19784443,197844.44,1.0
1156,0.0,0.0,0.0,0.0,0.0,0.0,0.0,0.20008767,200087.67,1.0
1157,0.0,0.0,0.0,0.0,0.0,0.0,0.0,0.199955,199955.0,1.0
1158,0.0,0.0,0.0,0.0,0.0,0.0,0.0,0.19716479,197164.8,1.0
1159,0.0,0.0,0.0,0.0,0.0,0.0,0.0,0.19656767,196567.67,1.0
1160,0.0,0.0,0.0,0.0,0.0,0.0,0.0,0.20087047,200870.47,1.0
1161,0.0,0.0,0.0,0.0,0.0,0.0,0.0,0.1989939,198993.9,1.0
1162,0.0,0.0,0.0,0.0,0.0,0.0,0.0,0.19887064,198870.64,1.0
1163,0.0,0.0,0.0,0.0,0.0,0.0,0.0,0.2004526,200452.6,1.0
1164,0.0,0.0,0.0,0.0,0.0,0.0,0.0,0.1988481,198848.1,1.0
1165,0.0,0.0,0.0,0.0,0.0,0.0,0.0,0.1997586,199758.61,1.0
1166,0.0,0.0,0.0,0.0,0.0,0.0,0.0,0.20016861,200168.61,1.0
1167,0.0,0.0,0.0,0.0,0.0,0.0,0.0,0.20336172,203361.72,1.0
1168,0.0,0.0,0.0,0.0,0.0,0.0,0.0,0.20653477,206534.78,1.0
1169,0.0,0.0,0.0,0.0,0.0,0.0,0.0,0.20253707,202537.08,1.0
1170,0.0,0.0,0.0,0.0,0.0,0.0,0.0,0.20067218,200672.19,1.0
1171,0.0,0.0,0.0,0.0,0.0,0.0,0.0,0.20452376,204523.75,1.0
1172,0.0,0.0,0.0,0.0,0.0,0.0,0.0,0.20107974,201079.73,1.0
1173,0.0,0.0,0.0,0.0,0.0,0.0,0.0,0.20408662,204086.61,1.0
1174,0.0,0.0,0.0,0.0,0.0,0.0,0.0,0.20444869,204448.69,1.0
1175,0.0,0.0,0.0,0.0,0.0,0.0,0.0,0.20404132,204041.31,1.0
1176,0.0,0.0,0.0,0.0,0.0,0.0,0.0,0.20638382,206383.83,1.0
1177,0.0,0.0,0.0,0.0,0.0,0.0,0.0,0.2063389,206338.89,1.0
1178,0.0,0.0,0.0,0.0,0.0,0.0,0.0,0.21071199,210711.98,1.0
1179,0.0,0.0,0.0,0.0,0.0,0.0,0.0,0.2073098,207309.8,1.0
1180,0.0,0.0,0.0,0.0,0.0,0.0,0.0,0.21419607,214196.08,1.0
1181,0.0,0.0,0.0,0.0,0.0,0.0,0.0,0.20049343,200493.42,1.0
1182,0.0,0.0,0.0,0.0,0.0,0.0,0.0,0.1979009,197900.9,1.0
1183,0.0,0.0,0.0,0.0,0.0,0.0,0.0,0.20684154,206841.55,1.0
1184,0.0,0.0,0.0,0.0,0.0,0.0,0.0,0.20139569,201395.69,1.0
1185,0.0,0.0,0.0,0.0,0.0,0.0,0.0,0.21065567,210655.67,1.0
1186,0.0,0.0,0.0,0.0,0.0,0.0,0.0,0.19881102,198811.03,1.0
1187,0.0,0.0,0.0,0.0,0.0,0.0,0.0,0.21343519,213435.19,1.0
1188,0.0,0.0,0.0,0.0,0.0,0.0,0.0,0.21303648,213036.48,1.0
1189,0.0,0.0,0.0,0.0,0.0,0.0,0.0,0.21582247,215822.47,1.0
1190,0.0,0.0,0.0,0.0,0.0,0.0,0.0,0.21785957,217859.56,1.0
1191,0.0,0.0,0.0,0.0,0.0,0.0,0.0,0.22031163,220311.62,1.0
1192,0.0,0.0,0.0,0.0,0.0,0.0,0.0,0.23302759,233027.6,1.0
1193,0.0,0.0,0.0,0.0,0.0,0.0,0.0,0.22854969,228549.69,1.0
1194,0.0,0.0,0.0,0.0,0.0,0.0,0.0,0.22713709,227137.1,1.0
1195,0.0,0.0,0.0,0.0,0.0,0.0,0.0,0.22741812,227418.12,1.0
1196,0.0,0.0,0.0,0.0,0.0,0.0,0.0,0.22107045,221070.45,1.0
1197,0.0,0.0,0.0,0.0,0.0,0.0,0.0,0.21083194,210831.94,1.0
1198,0.0,0.0,0.0,0.0,0.0,0.0,0.0,0.19793816,197938.16,1.0
1199,0.0,0.0,0.0,0.0,0.0,0.0,0.0,0.21148363,211483.62,1.0
1200,0.0,0.0,0.0,0.0,0.0,0.0,0.0,0.21819307,218193.06,1.0
1201,0.0,0.0,0.0,0.0,0.0,0.0,0.0,0.22802074,228020.75,1.0
1202,0.0,0.0,0.0,0.0,0.0,0.0,0.0,0.22831486,228314.86,1.0
1203,0.0,0.0,0.0,0.0,0.0,0.0,0.0,0.20713347,207133.47,1.0
1204,0.0,0.0,0.0,0.0,0.0,0.0,0.0,0.23067375,230673.75,1.0
1205,0.0,0.0,0.0,0.0,0.0,0.0,0.0,0.22629607,226296.06,1.0
1206,0.0,0.0,0.0,0.0,0.0,0.0,0.0,0.21739021,217390.2,1.0
1207,0.0,0.0,0.0,0.0,0.0,0.0,0.0,0.21080922,210809.22,1.0
1208,0.0,0.0,0.0,0.0,0.0,0.0,0.0,0.20686905,206869.05,1.0
1209,0.0,0.0,0.0,0.0,0.0,0.0,0.0,0.20612861,206128.61,1.0
1210,0.0,0.0,0.0,0.0,0.0,0.0,0.0,0.24717863,247178.62,1.0
1211,0.0,0.0,0.0,0.0,0.0,0.0,0.0,0.20656107,206561.08,1.0
1212,0.0,0.0,0.0,0.0,0.0,0.0,0.0,0.23373117,233731.17,1.0
1213,0.0,0.0,0.0,0.0,0.0,0.0,0.0,0.2407335,240733.5,1.0
1214,0.0,0.0,0.0,0.0,0.0,0.0,0.0,0.26622248,266222.47,1.0
1215,0.0,0.0,0.0,0.0,0.0,0.0,0.0,0.2598128,259812.8,1.0
1216,0.0,0.0,0.0,0.0,0.0,0.0,0.0,0.24372134,243721.34,1.0
1217,0.0,0.0,0.0,0.0,0.0,0.0,0.0,0.2267121,226712.1,1.0
1218,0.0,0.0,0.0,0.0,0.0,0.0,0.0,0.26698273,266982.75,1.0
1219,0.0,0.0,0.0,0.0,0.0,0.0,0.0,0.24381898,243818.98,1.0
1220,0.0,0.0,0.0,0.0,0.0,0.0,0.0,0.25027004,250270.05,1.0
1221,0.0,0.0,0.0,0.0,0.0,0.0,0.0,0.2551397,255139.7,1.0
1222,0.0,0.0,0.0,0.0,0.0,0.0,0.0,0.32502946,325029.47,1.0
1223,0.0,0.0,0.0,0.0,0.0,0.0,0.0,0.37428063,374280.62,1.0
1224,0.0,0.0,0.0,0.0,0.0,0.0,0.0,0.39402217,394022.16,1.0
1225,0.0,0.0,0.0,0.0,0.0,0.0,0.0,0.3746412,374641.22,1.0
1226,0.0,0.0,0.0,0.0,0.0,0.0,0.0,0.37281847,372818.47,1.0
1227,0.0,0.0,0.0,0.0,0.0,0.0,0.0,0.37002632,370026.3,1.0
1228,0.0,0.0,0.0,0.0,0.0,0.0,0.0,0.3401866,340186.6,1.0
1229,0.0,0.0,0.0,0.0,0.0,0.0,0.0,0.3679331,367933.1,1.0
1230,0.0,0.0,0.0,0.0,0.0,0.0,0.0,0.39079043,390790.44,1.0
1231,0.0,0.0,0.0,0.0,0.0,0.0,0.0,0.40688133,406881.34,1.0
1232,0.0,0.0,0.0,0.0,0.0,0.0,0.0,0.31437203,314372.03,1.0
1233,0.0,0.0,0.0,0.0,0.0,0.0,0.0,0.32726386,327263.88,1.0
1234,0.0,0.0,0.0,0.0,0.0,0.0,0.0,0.32454944,324549.44,1.0
1235,0.0,0.0,0.0,0.0,0.0,0.0,0.0,0.3167742,316774.2,1.0
1236,0.0,0.0,0.0,0.0,0.0,0.0,0.0,0.33141652,331416.53,1.0
1237,0.0,0.0,0.0,0.0,0.0,0.0,0.0,0.36712572,367125.72,1.0
1238,0.0,0.0,0.0,0.0,0.0,0.0,0.0,0.35455385,354553.84,1.0
1239,0.0,0.0,0.0,0.0,0.0,0.0,0.0,0.3081663,308166.28,1.0
1240,0.0,0.0,0.0,0.0,0.0,0.0,0.0,0.2714731,271473.12,1.0
1241,0.0,0.0,0.0,0.0,0.0,0.0,0.0,0.26745316,267453.16,1.0
1242,0.0,0.0,0.0,0.0,0.0,0.0,0.0,0.20864087,208640.88,1.0
1243,0.0,0.0,0.0,0.0,0.0,0.0,0.0,0.3135697,313569.7,1.0
1244,0.0,0.0,0.0,0.0,0.0,0.0,0.0,0.32219562,322195.62,1.0
1245,0.0,0.0,0.0,0.0,0.0,0.0,0.0,0.25011626,250116.27,1.0
1246,0.0,0.0,0.0,0.0,0.0,0.0,0.0,0.31312224,313122.25,1.0
1247,0.0,0.0,0.0,0.0,0.0,0.0,0.0,0.29155648,291556.47,1.0
1248,0.0,0.0,0.0,0.0,0.0,0.0,0.0,0.31356305,313563.06,1.0
1249,0.0,0.0,0.0,0.0,0.0,0.0,0.0,0.29965153,299651.53,1.0
1250,0.0,0.0,0.0,0.0,0.0,0.0,0.0,0.3004683,300468.28,1.0
1251,0.0,0.0,0.0,0.0,0.0,0.0,0.0,0.2998634,299863.4,1.0
1252,0.0,0.0,0.0,0.0,0.0,0.0,0.0,0.29754642,297546.4,1.0
1253,0.0,0.0,0.0,0.0,0.0,0.0,0.0,0.29513475,295134.75,1.0
1254,0.0,0.0,0.0,0.0,0.0,0.0,0.0,0.2951998,295199.8,1.0
1255,0.0,0.0,0.0,0.0,0.0,0.0,0.0,0.29705673,297056.75,1.0
1256,0.0,0.0,0.0,0.0,0.0,0.0,0.0,0.296705,296705.0,1.0
1257,0.0,0.0,0.0,0.0,0.0,0.0,0.0,0.29536083,295360.84,1.0
1258,0.0,0.0,0.0,0.0,0.0,0.0,0.0,0.29547983,295479.84,1.0
1259,0.0,0.0,0.0,0.0,0.0,0.0,0.0,0.29577506,295775.06,1.0
1260,0.0,0.0,0.0,0.0,0.0,0.0,0.0,0.2860638,286063.78,1.0
1261,0.0,0.0,0.0,0.0,0.0,0.0,0.0,0.27955642,279556.44,1.0
1262,0.0,0.0,0.0,0.0,0.0,0.0,0.0,0.28298348,282983.47,1.0
1263,0.0,0.0,0.0,0.0,0.0,0.0,0.0,0.21325561,213255.61,1.0
1264,0.0,0.0,0.0,0.0,0.0,0.0,0.0,0.21423516,214235.16,1.0
1265,0.0,0.0,0.0,0.0,0.0,0.0,0.0,0.22199354,221993.53,1.0
1266,0.0,0.0,0.0,0.0,0.0,0.0,0.0,0.22517648,225176.48,1.0
1267,0.0,0.0,0.0,0.0,0.0,0.0,0.0,0.24488111,244881.11,1.0
1268,0.0,0.0,0.0,0.0,0.0,0.0,0.0,0.24112305,241123.05,1.0
1269,0.0,0.0,0.0,0.0,0.0,0.0,0.0,0.24913639,249136.39,1.0
1270,0.0,0.0,0.0,0.0,0.0,0.0,0.0,0.25187904,251879.03,1.0
1271,0.0,0.0,0.0,0.0,0.0,0.0,0.0,0.26347706,263477.06,1.0
1272,0.0,0.0,0.0,0.0,0.0,0.0,0.0,0.1955613,195561.31,1.0
1273,0.0,0.0,0.0,0.0,0.0,0.0,0.0,0.1809059,180905.89,1.0
1274,0.0,0.0,0.0,0.0,0.0,0.0,0.0,0.17300329,173003.28,1.0
1275,0.0,0.0,0.0,0.0,0.0,0.0,0.0,0.22839074,228390.73,1.0
1276,0.0,0.0,0.0,0.0,0.0,0.0,0.0,0.20661014,206610.14,1.0
1277,0.0,0.0,0.0,0.0,0.0,0.0,0.0,0.24367443,243674.42,1.0
1278,0.0,0.0,0.0,0.0,0.0,0.0,0.0,0.26292136,262921.38,1.0
1279,0.0,0.0,0.0,0.0,0.0,0.0,0.0,0.24233393,242333.94,1.0
1280,0.0,0.0,0.0,0.0,0.0,0.0,0.0,0.32757232,327572.3,1.0
1281,0.0,0.0,0.0,0.0,0.0,0.0,0.0,0.32745194,327451.94,1.0
1282,0.0,0.0,0.0,0.0,0.0,0.0,0.0,0.32725012,327250.12,1.0
1283,0.0,0.0,0.0,0.0,0.0,0.0,0.0,0.3272388,327238.8,1.0
1284,0.0,0.0,0.0,0.0,0.0,0.0,0.0,0.32746002,327460.03,1.0
1285,0.0,0.0,0.0,0.0,0.0,0.0,0.0,0.32747763,327477.62,1.0
1286,0.0,0.0,0.0,0.0,0.0,0.0,0.0,0.32698914,326989.16,1.0
1287,0.0,0.0,0.0,0.0,0.0,0.0,0.0,0.32731992,327319.9,1.0
1288,0.0,0.0,0.0,0.0,0.0,0.0,0.0,0.3269668,326966.78,1.0
1289,0.0,0.0,0.0,0.0,0.0,0.0,0.0,0.3262889,326288.9,1.0
1290,0.0,0.0,0.0,0.0,0.0,0.0,0.0,0.32671887,326718.88,1.0
1291,0.0,0.0,0.0,0.0,0.0,0.0,0.0,0.32630762,326307.62,1.0
1292,0.0,0.0,0.0,0.0,0.0,0.0,0.0,0.3261567,326156.72,1.0
1293,0.0,0.0,0.0,0.0,0.0,0.0,0.0,0.32619387,326193.88,1.0
1294,0.0,0.0,0.0,0.0,0.0,0.0,0.0,0.3261675,326167.5,1.0
1295,0.0,0.0,0.0,0.0,0.0,0.0,0.0,0.32573217,325732.2,1.0
1296,0.0,0.0,0.0,0.0,0.0,0.0,0.0,0.32600763,326007.62,1.0
1297,0.0,0.0,0.0,0.0,0.0,0.0,0.0,0.32619762,326197.62,1.0
1298,0.0,0.0,0.0,0.0,0.0,0.0,0.0,0.32519162,325191.62,1.0
1299,0.0,0.0,0.0,0.0,0.0,0.0,0.0,0.32528213,325282.12,1.0
1300,0.0,0.0,0.0,0.0,0.0,0.0,0.0,0.3248708,324870.78,1.0
1301,0.0,0.0,0.0,0.0,0.0,0.0,0.0,0.32415923,324159.25,1.0
1302,0.0,0.0,0.0,0.0,0.0,0.0,0.0,0.32421276,324212.75,1.0
1303,0.0,0.0,0.0,0.0,0.0,0.0,0.0,0.32431215,324312.16,1.0
1304,0.0,0.0,0.0,0.0,0.0,0.0,0.0,0.32327458,323274.6,1.0
1305,0.0,0.0,0.0,0.0,0.0,0.0,0.0,0.32390174,323901.75,1.0
1306,0.0,0.0,0.0,0.0,0.0,0.0,0.0,0.32318613,323186.12,1.0
1307,0.0,0.0,0.0,0.0,0.0,0.0,0.0,0.32318467,323184.66,1.0
1308,0.0,0.0,0.0,0.0,0.0,0.0,0.0,0.3230585,323058.5,1.0
1309,0.0,0.0,0.0,0.0,0.0,0.0,0.0,0.32189575,321895.75,1.0
1310,0.0,0.0,0.0,0.0,0.0,0.0,0.0,0.32190052,321900.53,1.0
1311,0.0,0.0,0.0,0.0,0.0,0.0,0.0,0.32191357,321913.56,1.0
1312,0.0,0.0,0.0,0.0,0.0,0.0,0.0,0.32242584,322425.84,1.0
1313,0.0,0.0,0.0,0.0,0.0,0.0,0.0,0.32158172,321581.72,1.0
1314,0.0,0.0,0.0,0.0,0.0,0.0,0.0,0.32355115,323551.16,1.0
1315,0.0,0.0,0.0,0.0,0.0,0.0,0.0,0.321415,321415.0,1.0
1316,0.0,0.0,0.0,0.0,0.0,0.0,0.0,0.32081947,320819.47,1.0
1317,0.0,0.0,0.0,0.0,0.0,0.0,0.0,0.31770176,317701.75,1.0
1318,0.0,0.0,0.0,0.0,0.0,0.0,0.0,0.31798336,317983.38,1.0
1319,0.0,0.0,0.0,0.0,0.0,0.0,0.0,0.31747395,317473.94,1.0
1320,0.0,0.0,0.0,0.0,0.0,0.0,0.0,0.31665754,316657.53,1.0
1321,0.0,0.0,0.0,0.0,0.0,0.0,0.0,0.31483153,314831.53,1.0
1322,0.0,0.0,0.0,0.0,0.0,0.0,0.0,0.314521,314521.0,1.0
1323,0.0,0.0,0.0,0.0,0.0,0.0,0.0,0.3145576,314557.62,1.0
1324,0.0,0.0,0.0,0.0,0.0,0.0,0.0,0.31511125,315111.25,1.0
1325,0.0,0.0,0.0,0.0,0.0,0.0,0.0,0.31460643,314606.44,1.0
1326,0.0,0.0,0.0,0.0,0.0,0.0,0.0,0.3111319,311131.9,1.0
1327,0.0,0.0,0.0,0.0,0.0,0.0,0.0,0.3060745,306074.5,1.0
1328,0.0,0.0,0.0,0.0,0.0,0.0,0.0,0.30182463,301824.62,1.0
1329,0.0,0.0,0.0,0.0,0.0,0.0,0.0,0.29994044,299940.44,1.0
1330,0.0,0.0,0.0,0.0,0.0,0.0,0.0,0.2967107,296710.7,1.0
1331,0.0,0.0,0.0,0.0,0.0,0.0,0.0,0.2971004,297100.4,1.0
1332,0.0,0.0,0.0,0.0,0.0,0.0,0.0,0.29410985,294109.84,1.0
1333,0.0,0.0,0.0,0.0,0.0,0.0,0.0,0.29500693,295006.94,1.0
1334,0.0,0.0,0.0,0.0,0.0,0.0,0.0,0.30085832,300858.3,1.0
1335,0.0,0.0,0.0,0.0,0.0,0.0,0.0,0.29783025,297830.25,1.0
1336,0.0,0.0,0.0,0.0,0.0,0.0,0.0,0.29667008,296670.1,1.0
1337,0.0,0.0,0.0,0.0,0.0,0.0,0.0,0.2922017,292201.7,1.0
1338,0.0,0.0,0.0,0.0,0.0,0.0,0.0,0.28933874,289338.75,1.0
1339,0.0,0.0,0.0,0.0,0.0,0.0,0.0,0.28272256,282722.56,1.0
1340,0.0,0.0,0.0,0.0,0.0,0.0,0.0,0.28172347,281723.47,1.0
1341,0.0,0.0,0.0,0.0,0.0,0.0,0.0,0.2636229,263622.9,1.0
1342,0.0,0.0,0.0,0.0,0.0,0.0,0.0,0.27301183,273011.84,1.0
1343,0.0,0.0,0.0,0.0,0.0,0.0,0.0,0.2620682,262068.22,1.0
1344,0.0,0.0,0.0,0.0,0.0,0.0,0.0,0.26353225,263532.25,1.0
1345,0.0,0.0,0.0,0.0,0.0,0.0,0.0,0.2704249,270424.9,1.0
1346,0.0,0.0,0.0,0.0,0.0,0.0,0.0,0.26853377,268533.78,1.0
1347,0.0,0.0,0.0,0.0,0.0,0.0,0.0,0.26203984,262039.84,1.0
1348,0.0,0.0,0.0,0.0,0.0,0.0,0.0,0.2676064,267606.4,1.0
1349,0.0,0.0,0.0,0.0,0.0,0.0,0.0,0.25993857,259938.56,1.0
1350,0.0,0.0,0.0,0.0,0.0,0.0,0.0,0.26123938,261239.38,1.0
1351,0.0,0.0,0.0,0.0,0.0,0.0,0.0,0.2556074,255607.39,1.0
1352,0.0,0.0,0.0,0.0,0.0,0.0,0.0,0.22043765,220437.64,1.0
1353,0.0,0.0,0.0,0.0,0.0,0.0,0.0,0.2441611,244161.1,1.0
1354,0.0,0.0,0.0,0.0,0.0,0.0,0.0,0.22381236,223812.36,1.0
1355,0.0,0.0,0.0,0.0,0.0,0.0,0.0,0.21319382,213193.81,1.0
1356,0.0,0.0,0.0,0.0,0.0,0.0,0.0,0.22935775,229357.75,1.0
1357,0.0,0.0,0.0,0.0,0.0,0.0,0.0,0.22225858,222258.58,1.0
1358,0.0,0.0,0.0,0.0,0.0,0.0,0.0,0.22250181,222501.81,1.0
1359,0.0,0.0,0.0,0.0,0.0,0.0,0.0,0.2205091,220509.1,1.0
1360,0.0,0.0,0.0,0.0,0.0,0.0,0.0,0.217293,217293.0,1.0
1361,0.0,0.0,0.0,0.0,0.0,0.0,0.0,0.21884197,218841.97,1.0
1362,0.0,0.0,0.0,0.0,0.0,0.0,0.0,0.19528057,195280.56,1.0
1363,0.0,0.0,0.0,0.0,0.0,0.0,0.0,0.23970072,239700.72,1.0
1364,0.0,0.0,0.0,0.0,0.0,0.0,0.0,0.33492786,334927.84,1.0
1365,0.0,0.0,0.0,0.0,0.0,0.0,0.0,0.23089133,230891.33,1.0
1366,0.0,0.0,0.0,0.0,0.0,0.0,0.0,0.0,0.0,0.0
1367,0.0,0.0,0.0,0.0,0.0,0.0,0.0,0.0,0.0,0.0
1368,0.0,0.0,0.0,0.0,0.0,0.0,0.0,0.0,0.0,0.0
1369,0.0,0.0,0.0,0.0,0.0,0.0,0.0,0.0,0.0,0.0
1370,0.0,0.0,0.0,0.0,0.0,0.0,0.0,0.0,0.0,0.0
1371,0.0,0.0,0.0,0.0,0.0,0.0,0.0,0.0,0.0,0.0
1372,0.0,0.0,0.0,0.0,0.0,0.0,0.0,0.0,0.0,0.0
1373,0.0,0.0,0.0,0.0,0.0,0.0,0.0,0.0,0.0,0.0
1374,0.0,0.0,0.0,0.0,0.0,0.0,0.0,0.0,0.0,0.0
1375,0.0,0.0,0.0,0.0,0.0,0.0,0.0,0.0,0.0,0.0
1376,0.0,0.0,0.0,0.0,0.0,0.0,0.0,0.0,0.0,0.0
1377,0.0,0.0,0.0,0.0,0.0,0.0,0.0,0.0,0.0,0.0
1378,0.0,0.0,0.0,0.0,0.0,0.0,0.0,0.0,0.0,0.0
1379,0.0,0.0,0.0,0.0,0.0,0.0,0.0,0.0,0.0,0.0
1380,0.0,0.0,0.0,0.0,0.0,0.0,0.0,0.0,0.0,0.0
1381,0.0,0.0,0.0,0.0,0.0,0.0,0.0,0.0,0.0,0.0
1382,0.0,0.0,0.0,0.0,0.0,0.0,0.0,0.0,0.0,0.0
1383,0.0,0.0,0.0,0.0,0.0,0.0,0.0,0.0,0.0,0.0
1384,0.0,0.0,0.0,0.0,0.0,0.0,0.0,0.0,0.0,0.0
1385,0.0,0.0,0.0,0.0,0.0,0.0,0.0,0.0,0.0,0.0
1386,0.0,0.0,0.0,0.0,0.0,0.0,0.0,0.0,0.0,0.0
1387,0.0,0.0,0.0,0.0,0.0,0.0,0.0,0.0,0.0,0.0
1388,0.0,0.0,0.0,0.0,0.0,0.0,0.0,0.0,0.0,0.0
1389,0.0,0.0,0.0,0.0,0.0,0.0,0.0,0.0,0.0,0.0
1390,0.0,0.0,0.0,0.0,0.0,0.0,0.0,0.0,0.0,0.0
1391,0.0,0.0,0.0,0.0,0.0,0.0,0.0,0.0,0.0,0.0
1392,0.0,0.0,0.0,0.0,0.0,0.0,0.0,0.0,0.0,0.0
1393,0.0,0.0,0.0,0.0,0.0,0.0,0.0,0.0,0.0,0.0
1394,0.0,0.0,0.0,0.0,0.0,0.0,0.0,0.0,0.0,0.0
1395,0.0,0.0,0.0,0.0,0.0,0.0,0.0,0.0,0.0,0.0
1396,0.0,0.0,0.0,0.0,0.0,0.0,0.0,0.0,0.0,0.0
1397,0.0,0.0,0.0,0.0,0.0,0.0,0.0,0.0,0.0,0.0
1398,0.0,0.0,0.0,0.0,0.0,0.0,0.0,0.0,0.0,0.0
1399,0.0,0.0,0.0,0.0,0.0,0.0,0.0,0.0,0.0,0.0
1400,0.0,0.0,0.0,0.0,0.0,0.0,0.0,0.0,0.0,0.0
1401,0.0,0.0,0.0,0.0,0.0,0.0,0.0,0.0,0.0,0.0
1402,0.0,0.0,0.0,0.0,0.0,0.0,0.0,0.0,0.0,0.0
1403,0.0,0.0,0.0,0.0,0.0,0.0,0.0,0.0,0.0,0.0
1404,0.0,0.0,0.0,0.0,0.0,0.0,0.0,0.0,0.0,0.0
1405,0.0,0.0,0.0,0.0,0.0,0.0,0.0,0.0,0.0,0.0
1406,0.0,0.0,0.0,0.0,0.0,0.0,0.0,0.0,0.0,0.0
1407,0.0,0.0,0.0,0.0,0.0,0.0,0.0,0.0,0.0,0.0
1408,0.0,0.0,0.0,0.0,0.0,0.0,0.0,0.0,0.0,0.0
1409,0.0,0.0,0.0,0.0,0.0,0.0,0.0,0.0,0.0,0.0
1410,0.0,0.0,0.0,0.0,0.0,0.0,0.0,0.0,0.0,0.0
1411,0.0,0.0,0.0,0.0,0.0,0.0,0.0,0.0,0.0,0.0
1412,0.0,0.0,0.0,0.0,0.0,0.0,0.0,0.0,0.0,0.0
1413,0.0,0.0,0.0,0.0,0.0,0.0,0.0,0.0,0.0,0.0
1414,0.0,0.0,0.0,0.0,0.0,0.0,0.0,0.0,0.0,0.0
1415,0.0,0.0,0.0,0.0,0.0,0.0,0.0,0.0,0.0,0.0
1416,0.0,0.0,0.0,0.0,0.0,0.0,0.0,0.0,0.0,0.0
1417,0.0,0.0,0.0,0.0,0.0,0.0,0.0,0.0,0.0,0.0
1418,0.0,0.0,0.0,0.0,0.0,0.0,0.0,0.0,0.0,0.0
1419,0.0,0.0,0.0,0.0,0.0,0.0,0.0,0.0,0.0,0.0
1420,0.0,0.0,0.0,0.0,0.0,0.0,0.0,0.0,0.0,0.0
1421,0.0,0.0,0.0,0.0,0.0,0.0,0.0,0.0,0.0,0.0
1422,0.0,0.0,0.0,0.0,0.0,0.0,0.0,0.0,0.0,0.0
1423,0.0,0.0,0.0,0.0,0.0,0.0,0.0,0.0,0.0,0.0
1424,0.0,0.0,0.0,0.0,0.0,0.0,0.0,0.0,0.0,0.0
1425,0.0,0.0,0.0,0.0,0.0,0.0,0.0,0.0,0.0,0.0
1426,0.0,0.0,0.0,0.0,0.0,0.0,0.0,0.0,0.0,0.0
1427,0.0,0.0,0.0,0.0,0.0,0.0,0.0,0.0,0.0,0.0
1428,0.0,0.0,0.0,0.0,0.0,0.0,0.0,0.0,0.0,0.0
1429,0.0,0.0,0.0,0.0,0.0,0.0,0.0,0.0,0.0,0.0
1430,0.0,0.0,0.0,0.0,0.0,0.0,0.0,0.0,0.0,0.0
1431,0.0,0.0,0.0,0.0,0.0,0.0,0.0,0.0,0.0,0.0
1432,0.0,0.0,0.0,0.0,0.0,0.0,0.0,0.0,0.0,0.0
1433,0.0,0.0,0.0,0.0,0.0,0.0,0.0,0.0,0.0,0.0
1434,0.0,0.0,0.0,0.0,0.0,0.0,0.0,0.0,0.0,0.0
1435,0.0,0.0,0.0,0.0,0.0,0.0,0.0,0.0,0.0,0.0
1436,0.0,0.0,0.0,0.0,0.0,0.0,0.0,0.0,0.0,0.0
1437,0.0,0.0,0.0,0.0,0.0,0.0,0.0,0.0,0.0,0.0
1438,0.0,0.0,0.0,0.0,0.0,0.0,0.0,0.0,0.0,0.0
1439,0.0,0.0,0.0,0.0,0.0,0.0,0.0,0.0,0.0,0.0
1440,0.0,0.0,0.0,0.0,0.0,0.0,0.0,0.0,0.0,0.0
1441,0.0,0.0,0.0,0.0,0.0,0.0,0.0,0.0,0.0,0.0
1442,0.0,0.0,0.0,0.0,0.0,0.0,0.0,0.0,0.0,0.0
1443,0.0,0.0,0.0,0.0,0.0,0.0,0.0,0.0,0.0,0.0
1444,0.0,0.0,0.0,0.0,0.0,0.0,0.0,0.0,0.0,0.0
1445,0.0,0.0,0.0,0.0,0.0,0.0,0.0,0.0,0.0,0.0
1446,0.0,0.0,0.0,0.0,0.0,0.0,0.0,0.0,0.0,0.0
1447,0.0,0.0,0.0,0.0,0.0,0.0,0.0,0.0,0.0,0.0
1448,0.0,0.0,0.0,0.0,0.0,0.0,0.0,0.0,0.0,0.0
1449,0.0,0.0,0.0,0.0,0.0,0.0,0.0,0.0,0.0,0.0
1450,0.0,0.0,0.0,0.0,0.0,0.0,0.0,0.0,0.0,0.0
1451,0.0,0.0,0.0,0.0,0.0,0.0,0.0,0.0,0.0,0.0
1452,0.0,0.0,0.0,0.0,0.0,0.0,0.0,0.0,0.0,0.0
1453,0.0,0.0,0.0,0.0,0.0,0.0,0.0,0.0,0.0,0.0
1454,0.0,0.0,0.0,0.0,0.0,0.0,0.0,0.0,0.0,0.0
1455,0.0,0.0,0.0,0.0,0.0,0.0,0.0,0.0,0.0,0.0
1456,0.0,0.0,0.0,0.0,0.0,0.0,0.0,0.0,0.0,0.0
1457,0.0,0.0,0.0,0.0,0.0,0.0,0.0,0.0,0.0,0.0
1458,0.0,0.0,0.0,0.0,0.0,0.0,0.0,0.0,0.0,0.0
1459,0.0,0.0,0.0,0.0,0.0,0.0,0.0,0.0,0.0,0.0
1460,0.0,0.0,0.0,0.0,0.0,0.0,0.0,0.0,0.0,0.0
1461,0.0,0.0,0.0,0.0,0.0,0.0,0.0,0.0,0.0,0.0
1462,0.0,0.0,0.0,0.0,0.0,0.0,0.0,0.0,0.0,0.0
1463,0.0,0.0,0.0,0.0,0.0,0.0,0.0,0.0,0.0,0.0
1464,0.0,0.0,0.0,0.0,0.0,0.0,0.0,0.0,0.0,0.0
1465,0.0,0.0,0.0,0.0,0.0,0.0,0.0,0.0,0.0,0.0
1466,0.0,0.0,0.0,0.0,0.0,0.0,0.0,0.0,0.0,0.0
1467,0.0,0.0,0.0,0.0,0.0,0.0,0.0,0.0,0.0,0.0
1468,0.0,0.0,0.0,0.0,0.0,0.0,0.0,0.0,0.0,0.0
1469,0.0,0.0,0.0,0.0,0.0,0.0,0.0,0.0,0.0,0.0
1470,0.0,0.0,0.0,0.0,0.0,0.0,0.0,0.0,0.0,0.0
1471,0.0,0.0,0.0,0.0,0.0,0.0,0.0,0.0,0.0,0.0
1472,0.0,0.0,0.0,0.0,0.0,0.0,0.0,0.0,0.0,0.0
1473,0.0,0.0,0.0,0.0,0.0,0.0,0.0,0.0,0.0,0.0
1474,0.0,0.0,0.0,0.0,0.0,0.0,0.0,0.0,0.0,0.0
1475,0.0,0.0,0.0,0.0,0.0,0.0,0.0,0.0,0.0,0.0
1476,0.0,0.0,0.0,0.0,0.0,0.0,0.0,0.0,0.0,0.0
1477,0.0,0.0,0.0,0.0,0.0,0.0,0.0,0.0,0.0,0.0
1478,0.0,0.0,0.0,0.0,0.0,0.0,0.0,0.0,0.0,0.0
1479,0.0,0.0,0.0,0.0,0.0,0.0,0.0,0.0,0.0,0.0
1480,0.0,0.0,0.0,0.0,0.0,0.0,0.0,0.0,0.0,0.0
1481,0.0,0.0,0.0,0.0,0.0,0.0,0.0,0.0,0.0,0.0
1482,0.0,0.0,0.0,0.0,0.0,0.0,0.0,0.0,0.0,0.0
1483,0.0,0.0,0.0,0.0,0.0,0.0,0.0,0.0,0.0,0.0
1484,0.0,0.0,0.0,0.0,0.0,0.0,0.0,0.0,0.0,0.0
1485,0.0,0.0,0.0,0.0,0.0,0.0,0.0,0.0,0.0,0.0
1486,0.0,0.0,0.0,0.0,0.0,0.0,0.0,0.0,0.0,0.0
1487,0.0,0.0,0.0,0.0,0.0,0.0,0.0,0.0,0.0,0.0
1488,0.0,0.0,0.0,0.0,0.0,0.0,0.0,0.0,0.0,0.0
1489,0.0,0.0,0.0,0.0,0.0,0.0,0.0,0.0,0.0,0.0
1490,0.0,0.0,0.0,0.0,0.0,0.0,0.0,0.0,0.0,0.0
1491,0.0,0.0,0.0,0.0,0.0,0.0,0.0,0.0,0.0,0.0
1492,0.0,0.0,0.0,0.0,0.0,0.0,0.0,0.0,0.0,0.0
1493,0.0,0.0,0.0,0.0,0.0,0.0,0.0,0.0,0.0,0.0
1494,0.0,0.0,0.0,0.0,0.0,0.0,0.0,0.0,0.0,0.0
1495,0.0,0.0,0.0,0.0,0.0,0.0,0.0,0.0,0.0,0.0
1496,0.0,0.0,0.0,0.0,0.0,0.0,0.0,0.0,0.0,0.0
1497,0.0,0.0,0.0,0.0,0.0,0.0,0.0,0.0,0.0,0.0
1498,0.0,0.0,0.0,0.0,0.0,0.0,0.0,0.0,0.0,0.0
1499,0.0,0.0,0.0,0.0,0.0,0.0,0.0,0.0,0.0,0.0
1500,0.0,0.0,0.0,0.0,0.0,0.0,0.0,0.0,0.0,0.0
1501,0.0,0.0,0.0,0.0,0.0,0.0,0.0,0.0,0.0,0.0
1502,0.0,0.0,0.0,0.0,0.0,0.0,0.0,0.0,0.0,0.0
1503,0.0,0.0,0.0,0.0,0.0,0.0,0.0,0.0,0.0,0.0
1504,0.0,0.0,0.0,0.0,0.0,0.0,0.0,0.0,0.0,0.0
1505,0.0,0.0,0.0,0.0,0.0,0.0,0.0,0.0,0.0,0.0
1506,0.0,0.0,0.0,0.0,0.0,0.0,0.0,0.0,0.0,0.0
1507,0.0,0.0,0.0,0.0,0.0,0.0,0.0,0.0,0.0,0.0
1508,0.0,0.0,0.0,0.0,0.0,0.0,0.0,0.0,0.0,0.0
1509,0.0,0.0,0.0,0.0,0.0,0.0,0.0,0.0,0.0,0.0
1510,0.0,0.0,0.0,0.0,0.0,0.0,0.0,0.0,0.0,0.0
1511,0.0,0.0,0.0,0.0,0.0,0.0,0.0,0.0,0.0,0.0
1512,0.0,0.0,0.0,0.0,0.0,0.0,0.0,0.0,0.0,0.0
1513,0.0,0.0,0.0,0.0,0.0,0.0,0.0,0.0,0.0,0.0
1514,0.0,0.0,0.0,0.0,0.0,0.0,0.0,0.0,0.0,0.0
1515,0.0,0.0,0.0,0.0,0.0,0.0,0.0,0.0,0.0,0.0
1516,0.0,0.0,0.0,0.0,0.0,0.0,0.0,0.0,0.0,0.0
1517,0.0,0.0,0.0,0.0,0.0,0.0,0.0,0.0,0.0,0.0
1518,0.0,0.0,0.0,0.0,0.0,0.0,0.0,0.0,0.0,0.0
1519,0.0,0.0,0.0,0.0,0.0,0.0,0.0,0.0,0.0,0.0
1520,0.0,0.0,0.0,0.0,0.0,0.0,0.0,0.0,0.0,0.0
1521,0.0,0.0,0.0,0.0,0.0,0.0,0.0,0.0,0.0,0.0
1522,0.0,0.0,0.0,0.0,0.0,0.0,0.0,0.0,0.0,0.0
1523,0.0,0.0,0.0,0.0,0.0,0.0,0.0,0.0,0.0,0.0
1524,0.0,0.0,0.0,0.0,0.0,0.0,0.0,0.0,0.0,0.0
1525,0.0,0.0,0.0,0.0,0.0,0.0,0.0,0.0,0.0,0.0
1526,0.0,0.0,0.0,0.0,0.0,0.0,0.0,0.0,0.0,0.0
1527,0.0,0.0,0.0,0.0,0.0,0.0,0.0,0.0,0.0,0.0
1528,0.0,0.0,0.0,0.0,0.0,0.0,0.0,0.0,0.0,0.0
1529,0.0,0.0,0.0,0.0,0.0,0.0,0.0,0.0,0.0,0.0
1530,0.0,0.0,0.0,0.0,0.0,0.0,0.0,0.0,0.0,0.0
1531,0.0,0.0,0.0,0.0,0.0,0.0,0.0,0.0,0.0,0.0
1532,0.0,0.0,0.0,0.0,0.0,0.0,0.0,0.0,0.0,0.0
1533,0.0,0.0,0.0,0.0,0.0,0.0,0.0,0.0,0.0,0.0
1534,0.0,0.0,0.0,0.0,0.0,0.0,0.0,0.0,0.0,0.0
1535,0.0,0.0,0.0,0.0,0.0,0.0,0.0,0.0,0.0,0.0
1536,0.0,0.0,0.0,0.0,0.0,0.0,0.0,0.0,0.0,0.0
1537,0.0,0.0,0.0,0.0,0.0,0.0,0.0,0.0,0.0,0.0
1538,0.0,0.0,0.0,0.0,0.0,0.0,0.0,0.0,0.0,0.0
1539,0.0,0.0,0.0,0.0,0.0,0.0,0.0,0.0,0.0,0.0
1540,0.0,0.0,0.0,0.0,0.0,0.0,0.0,0.0,0.0,0.0
1541,0.0,0.0,0.0,0.0,0.0,0.0,0.0,0.0,0.0,0.0
1542,0.0,0.0,0.0,0.0,0.0,0.0,0.0,0.0,0.0,0.0
1543,0.0,0.0,0.0,0.0,0.0,0.0,0.0,0.0,0.0,0.0
1544,0.0,0.0,0.0,0.0,0.0,0.0,0.0,0.0,0.0,0.0
1545,0.0,0.0,0.0,0.0,0.0,0.0,0.0,0.0,0.0,0.0
1546,0.0,0.0,0.0,0.0,0.0,0.0,0.0,0.0,0.0,0.0
1547,0.0,0.0,0.0,0.0,0.0,0.0,0.0,0.0,0.0,0.0
1548,0.0,0.0,0.0,0.0,0.0,0.0,0.0,0.0,0.0,0.0
1549,0.0,0.0,0.0,0.0,0.0,0.0,0.0,0.0,0.0,0.0
1550,0.0,0.0,0.0,0.0,0.0,0.0,0.0,0.0,0.0,0.0
1551,0.0,0.0,0.0,0.0,0.0,0.0,0.0,0.0,0.0,0.0
1552,0.0,0.0,0.0,0.0,0.0,0.0,0.0,0.0,0.0,0.0
1553,0.0,0.0,0.0,0.0,0.0,0.0,0.0,0.0,0.0,0.0
1554,0.0,0.0,0.0,0.0,0.0,0.0,0.0,0.0,0.0,0.0
1555,0.0,0.0,0.0,0.0,0.0,0.0,0.0,0.0,0.0,0.0
1556,0.0,0.0,0.0,0.0,0.0,0.0,0.0,0.0,0.0,0.0
1557,0.0,0.0,0.0,0.0,0.0,0.0,0.0,0.0,0.0,0.0
1558,0.0,0.0,0.0,0.0,0.0,0.0,0.0,0.0,0.0,0.0
1559,0.0,0.0,0.0,0.0,0.0,0.0,0.0,0.0,0.0,0.0
1560,0.0,0.0,0.0,0.0,0.0,0.0,0.0,0.0,0.0,0.0
1561,0.0,0.0,0.0,0.0,0.0,0.0,0.0,0.0,0.0,0.0
1562,0.0,0.0,0.0,0.0,0.0,0.0,0.0,0.0,0.0,0.0
1563,0.0,0.0,0.0,0.0,0.0,0.0,0.0,0.0,0.0,0.0
1564,0.0,0.0,0.0,0.0,0.0,0.0,0.0,0.0,0.0,0.0
1565,0.0,0.0,0.0,0.0,0.0,0.0,0.0,0.0,0.0,0.0
1566,0.0,0.0,0.0,0.0,0.0,0.0,0.0,0.0,0.0,0.0
1567,0.0,0.0,0.0,0.0,0.0,0.0,0.0,0.0,0.0,0.0
1568,0.0,0.0,0.0,0.0,0.0,0.0,0.0,0.0,0.0,0.0
1569,0.0,0.0,0.0,0.0,0.0,0.0,0.0,0.0,0.0,0.0
1570,0.0,0.0,0.0,0.0,0.0,0.0,0.0,0.0,0.0,0.0
1571,0.0,0.0,0.0,0.0,0.0,0.0,0.0,0.0,0.0,0.0
1572,0.0,0.0,0.0,0.0,0.0,0.0,0.0,0.0,0.0,0.0
1573,0.0,0.0,0.0,0.0,0.0,0.0,0.0,0.0,0.0,0.0
1574,0.0,0.0,0.0,0.0,0.0,0.0,0.0,0.0,0.0,0.0
1575,0.0,0.0,0.0,0.0,0.0,0.0,0.0,0.0,0.0,0.0
1576,0.0,0.0,0.0,0.0,0.0,0.0,0.0,0.0,0.0,0.0
1577,0.0,0.0,0.0,0.0,0.0,0.0,0.0,0.0,0.0,0.0
1578,0.0,0.0,0.0,0.0,0.0,0.0,0.0,0.0,0.0,0.0
1579,0.0,0.0,0.0,0.0,0.0,0.0,0.0,0.0,0.0,0.0
1580,0.0,0.0,0.0,0.0,0.0,0.0,0.0,0.0,0.0,0.0
1581,0.0,0.0,0.0,0.0,0.0,0.0,0.0,0.0,0.0,0.0
1582,0.0,0.0,0.0,0.0,0.0,0.0,0.0,0.0,0.0,0.0
1583,0.0,0.0,0.0,0.0,0.0,0.0,0.0,0.0,0.0,0.0
1584,0.0,0.0,0.0,0.0,0.0,0.0,0.0,0.0,0.0,0.0
1585,0.0,0.0,0.0,0.0,0.0,0.0,0.0,0.0,0.0,0.0
1586,0.0,0.0,0.0,0.0,0.0,0.0,0.0,0.0,0.0,0.0
1587,0.0,0.0,0.0,0.0,0.0,0.0,0.0,0.0,0.0,0.0
1588,0.0,0.0,0.0,0.0,0.0,0.0,0.0,0.0,0.0,0.0
1589,0.0,0.0,0.0,0.0,0.0,0.0,0.0,0.0,0.0,0.0
1590,0.0,0.0,0.0,0.0,0.0,0.0,0.0,0.0,0.0,0.0
1591,0.0,0.0,0.0,0.0,0.0,0.0,0.0,0.0,0.0,0.0
1592,0.0,0.0,0.0,0.0,0.0,0.0,0.0,0.0,0.0,0.0
1593,0.0,0.0,0.0,0.0,0.0,0.0,0.0,0.0,0.0,0.0
1594,0.0,0.0,0.0,0.0,0.0,0.0,0.0,0.0,0.0,0.0
1595,0.0,0.0,0.0,0.0,0.0,0.0,0.0,0.0,0.0,0.0
1596,0.0,0.0,0.0,0.0,0.0,0.0,0.0,0.0,0.0,0.0
1597,0.0,0.0,0.0,0.0,0.0,0.0,0.0,0.0,0.0,0.0
1598,0.0,0.0,0.0,0.0,0.0,0.0,0.0,0.0,0.0,0.0
1599,0.0,0.0,0.0,0.0,0.0,0.0,0.0,0.0,0.0,0.0
1600,0.0,0.0,0.0,0.0,0.0,0.0,0.0,0.0,0.0,0.0
1601,0.0,0.0,0.0,0.0,0.0,0.0,0.0,0.0,0.0,0.0
1602,0.0,0.0,0.0,0.0,0.0,0.0,0.0,0.0,0.0,0.0
1603,0.0,0.0,0.0,0.0,0.0,0.0,0.0,0.0,0.0,0.0
1604,0.0,0.0,0.0,0.0,0.0,0.0,0.0,0.0,0.0,0.0
1605,0.0,0.0,0.0,0.0,0.0,0.0,0.0,0.0,0.0,0.0
1606,0.0,0.0,0.0,0.0,0.0,0.0,0.0,0.0,0.0,0.0
1607,0.0,0.0,0.0,0.0,0.0,0.0,0.0,0.0,0.0,0.0
1608,0.0,0.0,0.0,0.0,0.0,0.0,0.0,0.0,0.0,0.0
1609,0.0,0.0,0.0,0.0,0.0,0.0,0.0,0.0,0.0,0.0
1610,0.0,0.0,0.0,0.0,0.0,0.0,0.0,0.0,0.0,0.0
1611,0.0,0.0,0.0,0.0,0.0,0.0,0.0,0.0,0.0,0.0
1612,0.0,0.0,0.0,0.0,0.0,0.0,0.0,0.0,0.0,0.0
1613,0.0,0.0,0.0,0.0,0.0,0.0,0.0,0.0,0.0,0.0
1614,0.0,0.0,0.0,0.0,0.0,0.0,0.0,0.0,0.0,0.0
1615,0.0,0.0,0.0,0.0,0.0,0.0,0.0,0.0,0.0,0.0
1616,0.0,0.0,0.0,0.0,0.0,0.0,0.0,0.0,0.0,0.0
1617,0.0,0.0,0.0,0.0,0.0,0.0,0.0,0.0,0.0,0.0
1618,0.0,0.0,0.0,0.0,0.0,0.0,0.0,0.0,0.0,0.0
1619,0.0,0.0,0.0,0.0,0.0,0.0,0.0,0.0,0.0,0.0
1620,0.0,0.0,0.0,0.0,0.0,0.0,0.0,0.0,0.0,0.0
1621,0.0,0.0,0.0,0.0,0.0,0.0,0.0,0.0,0.0,0.0
1622,0.0,0.0,0.0,0.0,0.0,0.0,0.0,0.0,0.0,0.0
1623,0.0,0.0,0.0,0.0,0.0,0.0,0.0,0.0,0.0,0.0
1624,0.0,0.0,0.0,0.0,0.0,0.0,0.0,0.0,0.0,0.0
1625,0.0,0.0,0.0,0.0,0.0,0.0,0.0,0.0,0.0,0.0
1626,0.0,0.0,0.0,0.0,0.0,0.0,0.0,0.0,0.0,0.0
1627,0.0,0.0,0.0,0.0,0.0,0.0,0.0,0.0,0.0,0.0
1628,0.0,0.0,0.0,0.0,0.0,0.0,0.0,0.0,0.0,0.0
1629,0.0,0.0,0.0,0.0,0.0,0.0,0.0,0.0,0.0,0.0
1630,0.0,0.0,0.0,0.0,0.0,0.0,0.0,0.0,0.0,0.0
1631,0.0,0.0,0.0,0.0,0.0,0.0,0.0,0.0,0.0,0.0
1632,0.0,0.0,0.0,0.0,0.0,0.0,0.0,0.0,0.0,0.0
1633,0.0,0.0,0.0,0.0,0.0,0.0,0.0,0.0,0.0,0.0
1634,0.0,0.0,0.0,0.0,0.0,0.0,0.0,0.0,0.0,0.0
1635,0.0,0.0,0.0,0.0,0.0,0.0,0.0,0.0,0.0,0.0
1636,0.0,0.0,0.0,0.0,0.0,0.0,0.0,0.0,0.0,0.0
1637,0.0,0.0,0.0,0.0,0.0,0.0,0.0,0.0,0.0,0.0
1638,0.0,0.0,0.0,0.0,0.0,0.0,0.0,0.0,0.0,0.0
1639,0.0,0.0,0.0,0.0,0.0,0.0,0.0,0.0,0.0,0.0
1640,0.0,0.0,0.0,0.0,0.0,0.0,0.0,0.0,0.0,0.0
1641,0.0,0.0,0.0,0.0,0.0,0.0,0.0,0.0,0.0,0.0
1642,0.0,0.0,0.0,0.0,0.0,0.0,0.0,0.0,0.0,0.0
1643,0.0,0.0,0.0,0.0,0.0,0.0,0.0,0.0,0.0,0.0
1644,0.0,0.0,0.0,0.0,0.0,0.0,0.0,0.0,0.0,0.0
1645,0.0,0.0,0.0,0.0,0.0,0.0,0.0,0.0,0.0,0.0
1646,0.0,0.0,0.0,0.0,0.0,0.0,0.0,0.0,0.0,0.0
1647,0.0,0.0,0.0,0.0,0.0,0.0,0.0,0.0,0.0,0.0
1648,0.0,0.0,0.0,0.0,0.0,0.0,0.0,0.0,0.0,0.0
1649,0.0,0.0,0.0,0.0,0.0,0.0,0.0,0.0,0.0,0.0
1650,0.0,0.0,0.0,0.0,0.0,0.0,0.0,0.0,0.0,0.0
1651,0.0,0.0,0.0,0.0,0.0,0.0,0.0,0.0,0.0,0.0
1652,0.0,0.0,0.0,0.0,0.0,0.0,0.0,0.0,0.0,0.0
1653,0.0,0.0,0.0,0.0,0.0,0.0,0.0,0.0,0.0,0.0
1654,0.0,0.0,0.0,0.0,0.0,0.0,0.0,0.0,0.0,0.0
1655,0.0,0.0,0.0,0.0,0.0,0.0,0.0,0.0,0.0,0.0
1656,0.0,0.0,0.0,0.0,0.0,0.0,0.0,0.0,0.0,0.0
1657,0.0,0.0,0.0,0.0,0.0,0.0,0.0,0.0,0.0,0.0
1658,0.0,0.0,0.0,0.0,0.0,0.0,0.0,0.0,0.0,0.0
1659,0.0,0.0,0.0,0.0,0.0,0.0,0.0,0.0,0.0,0.0
1660,0.0,0.0,0.0,0.0,0.0,0.0,0.0,0.0,0.0,0.0
1661,0.0,0.0,0.0,0.0,0.0,0.0,0.0,0.0,0.0,0.0
1662,0.0,0.0,0.0,0.0,0.0,0.0,0.0,0.0,0.0,0.0
1663,0.0,0.0,0.0,0.0,0.0,0.0,0.0,0.0,0.0,0.0
1664,0.0,0.0,0.0,0.0,0.0,0.0,0.0,0.0,0.0,0.0
1665,0.0,0.0,0.0,0.0,0.0,0.0,0.0,0.0,0.0,0.0
1666,0.0,0.0,0.0,0.0,0.0,0.0,0.0,0.0,0.0,0.0
1667,0.0,0.0,0.0,0.0,0.0,0.0,0.0,0.0,0.0,0.0
1668,0.0,0.0,0.0,0.0,0.0,0.0,0.0,0.0,0.0,0.0
1669,0.0,0.0,0.0,0.0,0.0,0.0,0.0,0.0,0.0,0.0
1670,0.0,0.0,0.0,0.0,0.0,0.0,0.0,0.0,0.0,0.0
1671,0.0,0.0,0.0,0.0,0.0,0.0,0.0,0.0,0.0,0.0
1672,0.0,0.0,0.0,0.0,0.0,0.0,0.0,0.0,0.0,0.0
1673,0.0,0.0,0.0,0.0,0.0,0.0,0.0,0.0,0.0,0.0
1674,0.0,0.0,0.0,0.0,0.0,0.0,0.0,0.0,0.0,0.0
1675,0.0,0.0,0.0,0.0,0.0,0.0,0.0,0.0,0.0,0.0
1676,0.0,0.0,0.0,0.0,0.0,0.0,0.0,0.0,0.0,0.0
1677,0.0,0.0,0.0,0.0,0.0,0.0,0.0,0.0,0.0,0.0
1678,0.0,0.0,0.0,0.0,0.0,0.0,0.0,0.0,0.0,0.0
1679,0.0,0.0,0.0,0.0,0.0,0.0,0.0,0.0,0.0,0.0
1680,0.0,0.0,0.0,0.0,0.0,0.0,0.0,0.0,0.0,0.0
1681,0.0,0.0,0.0,0.0,0.0,0.0,0.0,0.0,0.0,0.0
1682,0.0,0.0,0.0,0.0,0.0,0.0,0.0,0.0,0.0,0.0
1683,0.0,0.0,0.0,0.0,0.0,0.0,0.0,0.0,0.0,0.0
1684,0.0,0.0,0.0,0.0,0.0,0.0,0.0,0.0,0.0,0.0
1685,0.0,0.0,0.0,0.0,0.0,0.0,0.0,0.0,0.0,0.0
1686,0.0,0.0,0.0,0.0,0.0,0.0,0.0,0.0,0.0,0.0
1687,0.0,0.0,0.0,0.0,0.0,0.0,0.0,0.0,0.0,0.0
1688,0.0,0.0,0.0,0.0,0.0,0.0,0.0,0.0,0.0,0.0
1689,0.0,0.0,0.0,0.0,0.0,0.0,0.0,0.0,0.0,0.0
1690,0.0,0.0,0.0,0.0,0.0,0.0,0.0,0.0,0.0,0.0
1691,0.0,0.0,0.0,0.0,0.0,0.0,0.0,0.0,0.0,0.0
1692,0.0,0.0,0.0,0.0,0.0,0.0,0.0,0.0,0.0,0.0
1693,0.0,0.0,0.0,0.0,0.0,0.0,0.0,0.0,0.0,0.0
1694,0.0,0.0,0.0,0.0,0.0,0.0,0.0,0.0,0.0,0.0
1695,0.0,0.0,0.0,0.0,0.0,0.0,0.0,0.0,0.0,0.0
1696,0.0,0.0,0.0,0.0,0.0,0.0,0.0,0.0,0.0,0.0
1697,0.0,0.0,0.0,0.0,0.0,0.0,0.0,0.0,0.0,0.0
1698,0.0,0.0,0.0,0.0,0.0,0.0,0.0,0.0,0.0,0.0
1699,0.0,0.0,0.0,0.0,0.0,0.0,0.0,0.0,0.0,0.0
1700,0.0,0.0,0.0,0.0,0.0,0.0,0.0,0.0,0.0,0.0
1701,0.0,0.0,0.0,0.0,0.0,0.0,0.0,0.0,0.0,0.0
1702,0.0,0.0,0.0,0.0,0.0,0.0,0.0,0.0,0.0,0.0
1703,0.0,0.0,0.0,0.0,0.0,0.0,0.0,0.0,0.0,0.0
1704,0.0,0.0,0.0,0.0,0.0,0.0,0.0,0.0,0.0,0.0
1705,0.0,0.0,0.0,0.0,0.0,0.0,0.0,0.0,0.0,0.0
1706,0.0,0.0,0.0,0.0,0.0,0.0,0.0,0.0,0.0,0.0
1707,0.0,0.0,0.0,0.0,0.0,0.0,0.0,0.0,0.0,0.0
1708,0.0,0.0,0.0,0.0,0.0,0.0,0.0,0.0,0.0,0.0
1709,0.0,0.0,0.0,0.0,0.0,0.0,0.0,0.0,0.0,0.0
1710,0.0,0.0,0.0,0.0,0.0,0.0,0.0,0.0,0.0,0.0
1711,0.0,0.0,0.0,0.0,0.0,0.0,0.0,0.0,0.0,0.0
1712,0.0,0.0,0.0,0.0,0.0,0.0,0.0,0.0,0.0,0.0
1713,0.0,0.0,0.0,0.0,0.0,0.0,0.0,0.0,0.0,0.0
1714,0.0,0.0,0.0,0.0,0.0,0.0,0.0,0.0,0.0,0.0
1715,0.0,0.0,0.0,0.0,0.0,0.0,0.0,0.0,0.0,0.0
1716,0.0,0.0,0.0,0.0,0.0,0.0,0.0,0.0,0.0,0.0
1717,0.0,0.0,0.0,0.0,0.0,0.0,0.0,0.0,0.0,0.0
1718,0.0,0.0,0.0,0.0,0.0,0.0,0.0,0.0,0.0,0.0
1719,0.0,0.0,0.0,0.0,0.0,0.0,0.0,0.0,0.0,0.0
1720,0.0,0.0,0.0,0.0,0.0,0.0,0.0,0.0,0.0,0.0
1721,0.0,0.0,0.0,0.0,0.0,0.0,0.0,0.0,0.0,0.0
1722,0.0,0.0,0.0,0.0,0.0,0.0,0.0,0.0,0.0,0.0
1723,0.0,0.0,0.0,0.0,0.0,0.0,0.0,0.0,0.0,0.0
1724,0.0,0.0,0.0,0.0,0.0,0.0,0.0,0.0,0.0,0.0
1725,0.0,0.0,0.0,0.0,0.0,0.0,0.0,0.0,0.0,0.0
1726,0.0,0.0,0.0,0.0,0.0,0.0,0.0,0.0,0.0,0.0
1727,0.0,0.0,0.0,0.0,0.0,0.0,0.0,0.0,0.0,0.0
1728,0.0,0.0,0.0,0.0,0.0,0.0,0.0,0.0,0.0,0.0
1729,0.0,0.0,0.0,0.0,0.0,0.0,0.0,0.0,0.0,0.0
1730,0.0,0.0,0.0,0.0,0.0,0.0,0.0,0.0,0.0,0.0
1731,0.0,0.0,0.0,0.0,0.0,0.0,0.0,0.0,0.0,0.0
1732,0.0,0.0,0.0,0.0,0.0,0.0,0.0,0.0,0.0,0.0
1733,0.0,0.0,0.0,0.0,0.0,0.0,0.0,0.0,0.0,0.0
1734,0.0,0.0,0.0,0.0,0.0,0.0,0.0,0.0,0.0,0.0
1735,0.0,0.0,0.0,0.0,0.0,0.0,0.0,0.0,0.0,0.0
1736,0.0,0.0,0.0,0.0,0.0,0.0,0.0,0.0,0.0,0.0
1737,0.0,0.0,0.0,0.0,0.0,0.0,0.0,0.0,0.0,0.0
1738,0.0,0.0,0.0,0.0,0.0,0.0,0.0,0.0,0.0,0.0
1739,0.0,0.0,0.0,0.0,0.0,0.0,0.0,0.0,0.0,0.0
1740,0.0,0.0,0.0,0.0,0.0,0.0,0.0,0.0,0.0,0.0
1741,0.0,0.0,0.0,0.0,0.0,0.0,0.0,0.0,0.0,0.0
1742,0.0,0.0,0.0,0.0,0.0,0.0,0.0,0.0,0.0,0.0
1743,0.0,0.0,0.0,0.0,0.0,0.0,0.0,0.0,0.0,0.0
1744,0.0,0.0,0.0,0.0,0.0,0.0,0.0,0.0,0.0,0.0
1745,0.0,0.0,0.0,0.0,0.0,0.0,0.0,0.0,0.0,0.0
1746,0.0,0.0,0.0,0.0,0.0,0.0,0.0,0.0,0.0,0.0
1747,0.0,0.0,0.0,0.0,0.0,0.0,0.0,0.0,0.0,0.0
1748,0.0,0.0,0.0,0.0,0.0,0.0,0.0,0.0,0.0,0.0
1749,0.0,0.0,0.0,0.0,0.0,0.0,0.0,0.0,0.0,0.0
1750,0.0,0.0,0.0,0.0,0.0,0.0,0.0,0.0,0.0,0.0
1751,0.0,0.0,0.0,0.0,0.0,0.0,0.0,0.0,0.0,0.0
1752,0.0,0.0,0.0,0.0,0.0,0.0,0.0,0.0,0.0,0.0
1753,0.0,0.0,0.0,0.0,0.0,0.0,0.0,0.0,0.0,0.0
1754,0.0,0.0,0.0,0.0,0.0,0.0,0.0,0.0,0.0,0.0
1755,0.0,0.0,0.0,0.0,0.0,0.0,0.0,0.0,0.0,0.0
1756,0.0,0.0,0.0,0.0,0.0,0.0,0.0,0.0,0.0,0.0
1757,0.0,0.0,0.0,0.0,0.0,0.0,0.0,0.0,0.0,0.0
1758,0.0,0.0,0.0,0.0,0.0,0.0,0.0,0.0,0.0,0.0
1759,0.0,0.0,0.0,0.0,0.0,0.0,0.0,0.0,0.0,0.0
1760,0.0,0.0,0.0,0.0,0.0,0.0,0.0,0.0,0.0,0.0
1761,0.0,0.0,0.0,0.0,0.0,0.0,0.0,0.0,0.0,0.0
1762,0.0,0.0,0.0,0.0,0.0,0.0,0.0,0.0,0.0,0.0
1763,0.0,0.0,0.0,0.0,0.0,0.0,0.0,0.0,0.0,0.0
1764,0.0,0.0,0.0,0.0,0.0,0.0,0.0,0.0,0.0,0.0
1765,0.0,0.0,0.0,0.0,0.0,0.0,0.0,0.0,0.0,0.0
1766,0.0,0.0,0.0,0.0,0.0,0.0,0.0,0.0,0.0,0.0
1767,0.0,0.0,0.0,0.0,0.0,0.0,0.0,0.0,0.0,0.0
1768,0.0,0.0,0.0,0.0,0.0,0.0,0.0,0.0,0.0,0.0
1769,0.0,0.0,0.0,0.0,0.0,0.0,0.0,0.0,0.0,0.0
1770,0.0,0.0,0.0,0.0,0.0,0.0,0.0,0.0,0.0,0.0
1771,0.0,0.0,0.0,0.0,0.0,0.0,0.0,0.0,0.0,0.0
1772,0.0,0.0,0.0,0.0,0.0,0.0,0.0,0.0,0.0,0.0
1773,0.0,0.0,0.0,0.0,0.0,0.0,0.0,0.0,0.0,0.0
1774,0.0,0.0,0.0,0.0,0.0,0.0,0.0,0.0,0.0,0.0
1775,0.0,0.0,0.0,0.0,0.0,0.0,0.0,0.0,0.0,0.0
1776,0.0,0.0,0.0,0.0,0.0,0.0,0.0,0.0,0.0,0.0
1777,0.0,0.0,0.0,0.0,0.0,0.0,0.0,0.0,0.0,0.0
1778,0.0,0.0,0.0,0.0,0.0,0.0,0.0,0.0,0.0,0.0
1779,0.0,0.0,0.0,0.0,0.0,0.0,0.0,0.0,0.0,0.0
1780,0.0,0.0,0.0,0.0,0.0,0.0,0.0,0.0,0.0,0.0
1781,0.0,0.0,0.0,0.0,0.0,0.0,0.0,0.0,0.0,0.0
1782,0.0,0.0,0.0,0.0,0.0,0.0,0.0,0.0,0.0,0.0
1783,0.0,0.0,0.0,0.0,0.0,0.0,0.0,0.0,0.0,0.0
1784,0.0,0.0,0.0,0.0,0.0,0.0,0.0,0.0,0.0,0.0
1785,0.0,0.0,0.0,0.0,0.0,0.0,0.0,0.0,0.0,0.0
1786,0.0,0.0,0.0,0.0,0.0,0.0,0.0,0.0,0.0,0.0
1787,0.0,0.0,0.0,0.0,0.0,0.0,0.0,0.0,0.0,0.0
1788,0.0,0.0,0.0,0.0,0.0,0.0,0.0,0.0,0.0,0.0
1789,0.0,0.0,0.0,0.0,0.0,0.0,0.0,0.0,0.0,0.0
1790,0.0,0.0,0.0,0.0,0.0,0.0,0.0,0.0,0.0,0.0
1791,0.0,0.0,0.0,0.0,0.0,0.0,0.0,0.0,0.0,0.0
1792,0.0,0.0,0.0,0.0,0.0,0.0,0.0,0.0,0.0,0.0
1793,0.0,0.0,0.0,0.0,0.0,0.0,0.0,0.0,0.0,0.0
1794,0.0,0.0,0.0,0.0,0.0,0.0,0.0,0.0,0.0,0.0
1795,0.0,0.0,0.0,0.0,0.0,0.0,0.0,0.0,0.0,0.0
1796,0.0,0.0,0.0,0.0,0.0,0.0,0.0,0.0,0.0,0.0
1797,0.0,0.0,0.0,0.0,0.0,0.0,0.0,0.0,0.0,0.0
1798,0.0,0.0,0.0,0.0,0.0,0.0,0.0,0.0,0.0,0.0
1799,0.0,0.0,0.0,0.0,0.0,0.0,0.0,0.0,0.0,0.0
1800,0.0,0.0,0.0,0.0,0.0,0.0,0.0,0.0,0.0,0.0
1801,0.0,0.0,0.0,0.0,0.0,0.0,0.0,0.0,0.0,0.0
1802,0.0,0.0,0.0,0.0,0.0,0.0,0.0,0.0,0.0,0.0
1803,0.0,0.0,0.0,0.0,0.0,0.0,0.0,0.0,0.0,0.0
1804,0.0,0.0,0.0,0.0,0.0,0.0,0.0,0.0,0.0,0.0
1805,0.0,0.0,0.0,0.0,0.0,0.0,0.0,0.0,0.0,0.0
1806,0.0,0.0,0.0,0.0,0.0,0.0,0.0,0.0,0.0,0.0
1807,0.0,0.0,0.0,0.0,0.0,0.0,0.0,0.0,0.0,0.0
1808,0.0,0.0,0.0,0.0,0.0,0.0,0.0,0.0,0.0,0.0
1809,0.0,0.0,0.0,0.0,0.0,0.0,0.0,0.0,0.0,0.0
1810,0.0,0.0,0.0,0.0,0.0,0.0,0.0,0.0,0.0,0.0
1811,0.0,0.0,0.0,0.0,0.0,0.0,0.0,0.0,0.0,0.0
1812,0.0,0.0,0.0,0.0,0.0,0.0,0.0,0.0,0.0,0.0
1813,0.0,0.0,0.0,0.0,0.0,0.0,0.0,0.0,0.0,0.0
1814,0.0,0.0,0.0,0.0,0.0,0.0,0.0,0.0,0.0,0.0
1815,0.0,0.0,0.0,0.0,0.0,0.0,0.0,0.0,0.0,0.0
1816,0.0,0.0,0.0,0.0,0.0,0.0,0.0,0.0,0.0,0.0
1817,0.0,0.0,0.0,0.0,0.0,0.0,0.0,0.0,0.0,0.0
1818,0.0,0.0,0.0,0.0,0.0,0.0,0.0,0.0,0.0,0.0
1819,0.0,0.0,0.0,0.0,0.0,0.0,0.0,0.0,0.0,0.0
1820,0.0,0.0,0.0,0.0,0.0,0.0,0.0,0.0,0.0,0.0
1821,0.0,0.0,0.0,0.0,0.0,0.0,0.0,0.0,0.0,0.0
1822,0.0,0.0,0.0,0.0,0.0,0.0,0.0,0.0,0.0,0.0
1823,0.0,0.0,0.0,0.0,0.0,0.0,0.0,0.0,0.0,0.0
1824,0.0,0.0,0.0,0.0,0.0,0.0,0.0,0.0,0.0,0.0
1825,0.0,0.0,0.0,0.0,0.0,0.0,0.0,0.0,0.0,0.0
1826,0.0,0.0,0.0,0.0,0.0,0.0,0.0,0.0,0.0,0.0
1827,0.0,0.0,0.0,0.0,0.0,0.0,0.0,0.0,0.0,0.0
1828,0.0,0.0,0.0,0.0,0.0,0.0,0.0,0.0,0.0,0.0
1829,0.0,0.0,0.0,0.0,0.0,0.0,0.0,0.0,0.0,0.0
1830,0.0,0.0,0.0,0.0,0.0,0.0,0.0,0.0,0.0,0.0
1831,0.0,0.0,0.0,0.0,0.0,0.0,0.0,0.0,0.0,0.0
1832,0.0,0.0,0.0,0.0,0.0,0.0,0.0,0.0,0.0,0.0
1833,0.0,0.0,0.0,0.0,0.0,0.0,0.0,0.0,0.0,0.0
1834,0.0,0.0,0.0,0.0,0.0,0.0,0.0,0.0,0.0,0.0
1835,0.0,0.0,0.0,0.0,0.0,0.0,0.0,0.0,0.0,0.0
1836,0.0,0.0,0.0,0.0,0.0,0.0,0.0,0.0,0.0,0.0
1837,0.0,0.0,0.0,0.0,0.0,0.0,0.0,0.0,0.0,0.0
1838,0.0,0.0,0.0,0.0,0.0,0.0,0.0,0.0,0.0,0.0
1839,0.0,0.0,0.0,0.0,0.0,0.0,0.0,0.0,0.0,0.0
1840,0.0,0.0,0.0,0.0,0.0,0.0,0.0,0.0,0.0,0.0
1841,0.0,0.0,0.0,0.0,0.0,0.0,0.0,0.0,0.0,0.0
1842,0.0,0.0,0.0,0.0,0.0,0.0,0.0,0.0,0.0,0.0
1843,0.0,0.0,0.0,0.0,0.0,0.0,0.0,0.0,0.0,0.0
1844,0.0,0.0,0.0,0.0,0.0,0.0,0.0,0.0,0.0,0.0
1845,0.0,0.0,0.0,0.0,0.0,0.0,0.0,0.0,0.0,0.0
1846,0.0,0.0,0.0,0.0,0.0,0.0,0.0,0.0,0.0,0.0
1847,0.0,0.0,0.0,0.0,0.0,0.0,0.0,0.0,0.0,0.0
1848,0.0,0.0,0.0,0.0,0.0,0.0,0.0,0.0,0.0,0.0
1849,0.0,0.0,0.0,0.0,0.0,0.0,0.0,0.0,0.0,0.0
1850,0.0,0.0,0.0,0.0,0.0,0.0,0.0,0.0,0.0,0.0
1851,0.0,0.0,0.0,0.0,0.0,0.0,0.0,0.0,0.0,0.0
1852,0.0,0.0,0.0,0.0,0.0,0.0,0.0,0.0,0.0,0.0
1853,0.0,0.0,0.0,0.0,0.0,0.0,0.0,0.0,0.0,0.0
1854,0.0,0.0,0.0,0.0,0.0,0.0,0.0,0.0,0.0,0.0
1855,0.0,0.0,0.0,0.0,0.0,0.0,0.0,0.0,0.0,0.0
1856,0.0,0.0,0.0,0.0,0.0,0.0,0.0,0.0,0.0,0.0
1857,0.0,0.0,0.0,0.0,0.0,0.0,0.0,0.0,0.0,0.0
1858,0.0,0.0,0.0,0.0,0.0,0.0,0.0,0.0,0.0,0.0
1859,0.0,0.0,0.0,0.0,0.0,0.0,0.0,0.0,0.0,0.0
1860,0.0,0.0,0.0,0.0,0.0,0.0,0.0,0.0,0.0,0.0
1861,0.0,0.0,0.0,0.0,0.0,0.0,0.0,0.0,0.0,0.0
1862,0.0,0.0,0.0,0.0,0.0,0.0,0.0,0.0,0.0,0.0
1863,0.0,0.0,0.0,0.0,0.0,0.0,0.0,0.0,0.0,0.0
1864,0.0,0.0,0.0,0.0,0.0,0.0,0.0,0.0,0.0,0.0
1865,0.0,0.0,0.0,0.0,0.0,0.0,0.0,0.0,0.0,0.0
1866,0.0,0.0,0.0,0.0,0.0,0.0,0.0,0.0,0.0,0.0
1867,0.0,0.0,0.0,0.0,0.0,0.0,0.0,0.0,0.0,0.0
1868,0.0,0.0,0.0,0.0,0.0,0.0,0.0,0.0,0.0,0.0
1869,0.0,0.0,0.0,0.0,0.0,0.0,0.0,0.0,0.0,0.0
1870,0.0,0.0,0.0,0.0,0.0,0.0,0.0,0.0,0.0,0.0
1871,0.0,0.0,0.0,0.0,0.0,0.0,0.0,0.0,0.0,0.0
1872,0.0,0.0,0.0,0.0,0.0,0.0,0.0,0.0,0.0,0.0
1873,0.0,0.0,0.0,0.0,0.0,0.0,0.0,0.0,0.0,0.0
1874,0.0,0.0,0.0,0.0,0.0,0.0,0.0,0.0,0.0,0.0
1875,0.0,0.0,0.0,0.0,0.0,0.0,0.0,0.0,0.0,0.0
1876,0.0,0.0,0.0,0.0,0.0,0.0,0.0,0.0,0.0,0.0
1877,0.0,0.0,0.0,0.0,0.0,0.0,0.0,0.0,0.0,0.0
1878,0.0,0.0,0.0,0.0,0.0,0.0,0.0,0.0,0.0,0.0
1879,0.0,0.0,0.0,0.0,0.0,0.0,0.0,0.0,0.0,0.0
1880,0.0,0.0,0.0,0.0,0.0,0.0,0.0,0.0,0.0,0.0
1881,0.0,0.0,0.0,0.0,0.0,0.0,0.0,0.0,0.0,0.0
1882,0.0,0.0,0.0,0.0,0.0,0.0,0.0,0.0,0.0,0.0
1883,0.0,0.0,0.0,0.0,0.0,0.0,0.0,0.0,0.0,0.0
1884,0.0,0.0,0.0,0.0,0.0,0.0,0.0,0.0,0.0,0.0
1885,0.0,0.0,0.0,0.0,0.0,0.0,0.0,0.0,0.0,0.0
1886,0.0,0.0,0.0,0.0,0.0,0.0,0.0,0.0,0.0,0.0
1887,0.0,0.0,0.0,0.0,0.0,0.0,0.0,0.0,0.0,0.0
1888,0.0,0.0,0.0,0.0,0.0,0.0,0.0,0.0,0.0,0.0
1889,0.0,0.0,0.0,0.0,0.0,0.0,0.0,0.0,0.0,0.0
1890,0.0,0.0,0.0,0.0,0.0,0.0,0.0,0.0,0.0,0.0
1891,0.0,0.0,0.0,0.0,0.0,0.0,0.0,0.0,0.0,0.0
1892,0.0,0.0,0.0,0.0,0.0,0.0,0.0,0.0,0.0,0.0
1893,0.0,0.0,0.0,0.0,0.0,0.0,0.0,0.0,0.0,0.0
1894,0.0,0.0,0.0,0.0,0.0,0.0,0.0,0.0,0.0,0.0
1895,0.0,0.0,0.0,0.0,0.0,0.0,0.0,0.0,0.0,0.0
1896,0.0,0.0,0.0,0.0,0.0,0.0,0.0,0.0,0.0,0.0
1897,0.0,0.0,0.0,0.0,0.0,0.0,0.0,0.0,0.0,0.0
1898,0.0,0.0,0.0,0.0,0.0,0.0,0.0,0.0,0.0,0.0
1899,0.0,0.0,0.0,0.0,0.0,0.0,0.0,0.0,0.0,0.0
1900,0.0,0.0,0.0,0.0,0.0,0.0,0.0,0.0,0.0,0.0
1901,0.0,0.0,0.0,0.0,0.0,0.0,0.0,0.0,0.0,0.0
1902,0.0,0.0,0.0,0.0,0.0,0.0,0.0,0.0,0.0,0.0
1903,0.0,0.0,0.0,0.0,0.0,0.0,0.0,0.0,0.0,0.0
1904,0.0,0.0,0.0,0.0,0.0,0.0,0.0,0.0,0.0,0.0
1905,0.0,0.0,0.0,0.0,0.0,0.0,0.0,0.0,0.0,0.0
1906,0.0,0.0,0.0,0.0,0.0,0.0,0.0,0.0,0.0,0.0
1907,0.0,0.0,0.0,0.0,0.0,0.0,0.0,0.0,0.0,0.0
1908,0.0,0.0,0.0,0.0,0.0,0.0,0.0,0.0,0.0,0.0
1909,0.0,0.0,0.0,0.0,0.0,0.0,0.0,0.0,0.0,0.0
1910,0.0,0.0,0.0,0.0,0.0,0.0,0.0,0.0,0.0,0.0
1911,0.0,0.0,0.0,0.0,0.0,0.0,0.0,0.0,0.0,0.0
1912,0.0,0.0,0.0,0.0,0.0,0.0,0.0,0.0,0.0,0.0
1913,0.0,0.0,0.0,0.0,0.0,0.0,0.0,0.0,0.0,0.0
1914,0.0,0.0,0.0,0.0,0.0,0.0,0.0,0.0,0.0,0.0
1915,0.0,0.0,0.0,0.0,0.0,0.0,0.0,0.0,0.0,0.0
1916,0.0,0.0,0.0,0.0,0.0,0.0,0.0,0.0,0.0,0.0
1917,0.0,0.0,0.0,0.0,0.0,0.0,0.0,0.0,0.0,0.0
1918,0.0,0.0,0.0,0.0,0.0,0.0,0.0,0.0,0.0,0.0
