channel,error,precision,recall,f1,tp,tn,fp,fn,context_ood_rate_window,context_ood_rate_point,score_mode,elapsed_seconds
A-1,,1.0,0.5,0.6666666666666666,42.0,8272.0,0.0,42.0,0.0,0.0,counterfactual_successor_memory,105.49247670173645
A-2,,0.24,0.05454545454545454,0.08888888888888889,6.0,7501.0,19.0,104.0,0.1608667104399212,0.6136304062909568,counterfactual_successor_memory,84.71091985702515
A-3,,1.0,0.07567567567567568,0.1407035175879397,14.0,7736.0,0.0,171.0,0.17657475335188463,0.5724024744350461,counterfactual_successor_memory,110.49798321723938
A-4,,0.8648648648648649,0.2909090909090909,0.43537414965986393,32.0,7681.0,5.0,78.0,0.3013751445829585,0.7924576706003078,counterfactual_successor_memory,73.17997479438782
A-5,,0.021739130434782608,0.84,0.04238143289606458,42.0,2469.0,1890.0,8.0,1.0,1.0,counterfactual_successor_memory,21.660412788391113
A-6,,0.36666666666666664,0.825,0.5076923076923077,33.0,4072.0,57.0,7.0,0.8415984593163216,0.9923242983928999,counterfactual_successor_memory,12.999617338180542
A-7,,0.9456830158086745,0.9720833333333333,0.9587014588041914,2333.0,5813.0,134.0,67.0,0.892822851656265,0.9935306097999281,counterfactual_successor_memory,119.83498167991638
A-8,,0.0,0.0,0.0,0.0,4286.0,0.0,3805.0,0.904284299157999,0.9976517117785193,counterfactual_successor_memory,22.506892919540405
A-9,,0.606864770379787,0.9883540372670807,0.7519936989268485,3819.0,1812.0,2474.0,45.0,0.9938537185003073,1.0,counterfactual_successor_memory,21.234599113464355
B-1,,0.9459459459459459,1.0,0.9722222222222222,70.0,7686.0,4.0,0.0,0.0,0.0,counterfactual_successor_memory,71.22750759124756
C-1,,0.0,0.0,0.0,0.0,1630.0,40.0,310.0,0.3053435114503817,0.702020202020202,counterfactual_successor_memory,56.410927057266235
C-2,,0.13026819923371646,0.5037037037037037,0.2070015220700152,68.0,1178.0,454.0,67.0,1.0,1.0,counterfactual_successor_memory,17.58850598335266
D-1,,1.0,0.8931860036832413,0.943579766536965,2910.0,4967.0,0.0,348.0,0.8628501827040195,0.9843161094224924,counterfactual_successor_memory,78.44272947311401
D-11,,1.0,0.2833333333333333,0.44155844155844154,17.0,7087.0,0.0,43.0,0.4569545709478407,0.6583181754582342,counterfactual_successor_memory,112.33199763298035
D-12,,1.0,0.02701715954728003,0.0526128688233203,74.0,4895.0,0.0,2665.0,0.34637091481821763,0.34975111343987425,counterfactual_successor_memory,4.028536319732666
D-13,,1.0,0.4625,0.6324786324786325,74.0,7219.0,0.0,86.0,0.0,0.0,counterfactual_successor_memory,45.46495485305786
D-14,,0.595,0.5409090909090909,0.5666666666666667,119.0,2040.0,81.0,101.0,0.0,0.0,counterfactual_successor_memory,105.62776207923889
D-15,,0.3939393939393939,0.1828125,0.2497331910352188,117.0,1054.0,180.0,523.0,0.6853146853146853,0.9626467449306296,counterfactual_successor_memory,57.70848989486694
D-16,,0.0,0.0,0.0,0.0,1257.0,0.0,650.0,0.607293868921776,0.8327215521761929,counterfactual_successor_memory,51.92000770568848
D-2,,0.9121621621621622,0.03201327958264169,0.061855670103092786,135.0,4081.0,13.0,4082.0,0.0,0.0,counterfactual_successor_memory,74.172287940979
D-3,,0.9223799456357595,0.9325190839694657,0.9274218038262982,3054.0,4824.0,257.0,221.0,0.9932861767174199,1.0,counterfactual_successor_memory,136.7515938282013
D-4,,0.8959713024282561,1.0,0.9451317129966526,3247.0,4565.0,377.0,0.0,0.5683875703449963,0.6450116009280742,counterfactual_successor_memory,127.74275326728821
D-5,,0.021456436931079324,0.66,0.041561712846347604,33.0,5789.0,1505.0,17.0,1.0,1.0,counterfactual_successor_memory,81.32926821708679
D-6,,0.734375,0.5875,0.6527777777777778,47.0,7503.0,17.0,33.0,1.0,1.0,counterfactual_successor_memory,61.91407251358032
D-7,,1.0,0.0273972602739726,0.05333333333333334,74.0,4657.0,0.0,2627.0,0.0,0.0,counterfactual_successor_memory,99.74694156646729
D-8,,0.9047619047619048,0.76,0.8260869565217391,38.0,7536.0,4.0,12.0,0.0,0.0,counterfactual_successor_memory,62.37408399581909
D-9,,0.9911504424778761,0.09696969696969697,0.17665615141955837,112.0,5966.0,1.0,1043.0,0.0,0.0,counterfactual_successor_memory,98.64161086082458
E-1,,1.0,0.4723320158102767,0.6416107382550336,239.0,7726.0,0.0,267.0,0.05671169526591213,0.23663751214771622,counterfactual_successor_memory,68.29951357841492
E-10,,0.9471544715447154,0.728125,0.823321554770318,233.0,7888.0,13.0,87.0,0.10272970996831586,0.20240846612334265,counterfactual_successor_memory,110.54648041725159
E-11,,0.9112903225806451,0.7713310580204779,0.8354898336414048,226.0,7915.0,22.0,67.0,0.0923919659160073,0.30534629404617253,counterfactual_successor_memory,76.68472099304199
E-12,,0.1986842105263158,0.5197934595524957,0.2874821513564969,302.0,6429.0,1218.0,279.0,0.03725800560087666,0.22119591638308217,counterfactual_successor_memory,69.44050025939941
E-13,,0.10537870472008781,0.367816091954023,0.16382252559726962,96.0,7280.0,815.0,165.0,0.17419973624265675,0.4932982288176161,counterfactual_successor_memory,69.1680235862732
E-2,,1.0,0.026485325697924122,0.05160390516039052,37.0,6851.0,0.0,1360.0,0.9699987853759261,1.0,counterfactual_successor_memory,68.91171431541443
E-3,,0.8811659192825112,0.48941469489414696,0.6293034427542034,1572.0,4599.0,212.0,1640.0,0.4639110889110889,0.6326810420042378,counterfactual_successor_memory,111.86016726493835
E-4,,1.0,0.003913198150124511,0.007795889440113395,11.0,5259.0,0.0,2800.0,0.7630043451272501,0.9866171003717472,counterfactual_successor_memory,69.84738993644714
E-5,,0.021437578814627996,0.053125,0.030548068283917342,17.0,6914.0,776.0,303.0,0.9533458411507192,1.0,counterfactual_successor_memory,69.3346939086914
E-6,,0.6770833333333334,1.0,0.8074534161490683,65.0,7920.0,31.0,0.0,0.8750156230471191,0.9908932135728543,counterfactual_successor_memory,75.97119474411011
E-7,,0.7161125319693095,1.0,0.834575260804769,280.0,7635.0,111.0,0.0,0.18112595181625266,0.3694243707949165,counterfactual_successor_memory,94.66724967956543
E-8,,0.3083538083538084,0.40353697749196143,0.34958217270194986,251.0,7063.0,563.0,371.0,0.9911332442609012,1.0,counterfactual_successor_memory,70.5252320766449
E-9,,0.0,0.0,0.0,0.0,5946.0,1722.0,350.0,0.9983756091465701,1.0,counterfactual_successor_memory,76.59295678138733
F-1,,0.10921985815602837,0.77,0.19130434782608696,77.0,7572.0,628.0,23.0,0.5029571514785758,0.9495180722891566,counterfactual_successor_memory,69.73869109153748
F-2,,1.0,0.5314614343707713,0.6940578749723879,1571.0,5386.0,0.0,1385.0,0.811456707097394,0.9967633660992568,counterfactual_successor_memory,68.83172941207886
F-3,,0.0022253129346314327,0.2,0.004401650618982118,8.0,4465.0,3587.0,32.0,1.0,1.0,counterfactual_successor_memory,92.9406054019928
F-4,,0.07496251874062969,0.7142857142857143,0.13568521031207598,50.0,2451.0,617.0,20.0,0.5126480947806596,0.815806246016571,counterfactual_successor_memory,48.826366662979126
F-5,,0.9214285714285714,0.86,0.8896551724137931,129.0,3477.0,11.0,21.0,0.22081148219707425,0.5384826827927433,counterfactual_successor_memory,22.259127140045166
F-7,,0.0,0.0,0.0,0.0,4350.0,0.0,420.0,0.32407991587802315,0.8167714884696017,counterfactual_successor_memory,21.929495096206665
F-8,,0.6832579185520362,0.28171641791044777,0.3989431968295905,151.0,1597.0,70.0,385.0,0.7778793418647166,0.9559691330004539,counterfactual_successor_memory,74.69702887535095
G-1,,0.05422853453841188,0.7,0.1006590772917915,84.0,6600.0,1465.0,36.0,0.9987760097919217,1.0,counterfactual_successor_memory,72.72785234451294
G-2,,0.7857142857142857,0.825,0.8048780487804879,33.0,7028.0,9.0,7.0,0.0,0.0,counterfactual_successor_memory,91.23742032051086
G-3,,0.0819327731092437,0.78,0.1482889733840304,39.0,7136.0,437.0,11.0,0.10212933753943218,0.1058638331365604,counterfactual_successor_memory,85.93688654899597
G-4,,0.1271186440677966,1.0,0.22556390977443608,30.0,7112.0,206.0,0.0,0.14823401063684713,0.40242242787152965,counterfactual_successor_memory,61.188929080963135
G-6,,0.0,0.0,0.0,0.0,7391.0,865.0,100.0,1.0,1.0,counterfactual_successor_memory,72.17119407653809
G-7,,0.42250530785562634,0.7509433962264151,0.5407608695652174,199.0,7208.0,272.0,66.0,0.3868046571798189,0.5455132343447385,counterfactual_successor_memory,58.770472288131714
M-1,,1.0,0.04473684210526316,0.08564231738035265,51.0,853.0,0.0,1089.0,0.33417593528816986,0.8033115905669844,counterfactual_successor_memory,49.62226486206055
M-2,,0.7371744277821626,0.8192982456140351,0.7760697964270876,934.0,520.0,333.0,206.0,0.8614762386248737,0.9799297541394882,counterfactual_successor_memory,65.2818055152893
M-3,,0.0,0.0,0.0,0.0,1593.0,0.0,250.0,0.4310722100656455,0.8773738469886055,counterfactual_successor_memory,45.08397459983826
M-4,,0.0,0.0,0.0,0.0,1504.0,0.0,250.0,0.3887291546866015,0.7006841505131128,counterfactual_successor_memory,76.38038682937622
M-5,,0.17133956386292834,0.18333333333333332,0.17713365539452497,55.0,1453.0,266.0,245.0,0.5229540918163673,0.7870232788509163,counterfactual_successor_memory,74.04840326309204
M-6,,0.0,0.0,0.0,0.0,1511.0,74.0,180.0,0.0,0.0,counterfactual_successor_memory,40.47333526611328
M-7,,0.7692307692307693,1.0,0.8695652173913043,100.0,1742.0,30.0,0.0,0.4448034464189553,0.4577991452991453,counterfactual_successor_memory,37.11731553077698
P-1,,0.8829787234042553,0.5548128342245989,0.6814449917898193,415.0,7418.0,55.0,333.0,0.1924201803558372,0.6079552365892227,counterfactual_successor_memory,69.21637678146362
P-10,,0.07008086253369272,0.8,0.1288723667905824,104.0,4306.0,1380.0,26.0,0.9858645061196345,1.0,counterfactual_successor_memory,104.91594624519348
P-11,,0.8415300546448088,0.6814159292035398,0.7530562347188264,154.0,2996.0,29.0,72.0,0.42058096415327567,0.8557366964011074,counterfactual_successor_memory,96.29134798049927
P-14,,0.015416958654519973,0.36666666666666664,0.029589778076664425,66.0,1421.0,4215.0,114.0,1.0,1.0,counterfactual_successor_memory,67.55664324760437
P-15,,0.009595613433858808,0.7,0.018931710615280595,14.0,1107.0,1445.0,6.0,0.8697692608525616,0.9311819595645412,counterfactual_successor_memory,104.82430839538574
P-2,,0.4427841132520645,0.9191836734693878,0.5976645435244161,1126.0,5283.0,1417.0,99.0,1.0,1.0,counterfactual_successor_memory,67.27470397949219
P-3,,0.9853068280034573,0.8539325842696629,0.9149277688603531,1140.0,6857.0,17.0,195.0,0.9996338784476446,1.0,counterfactual_successor_memory,68.31398630142212
P-4,,1.0,0.5181818181818182,0.6826347305389222,228.0,7059.0,0.0,212.0,0.0,0.0,counterfactual_successor_memory,61.8687539100647
P-7,,0.9230263157894737,0.8503030303030303,0.885173501577287,1403.0,6020.0,117.0,247.0,0.5828615542974781,0.8651598818543726,counterfactual_successor_memory,88.70285320281982
R-1,,0.0,0.0,0.0,0.0,6880.0,0.0,80.0,1.0,1.0,counterfactual_successor_memory,68.36835312843323
S-1,,1.0,0.6935123042505593,0.8190224570673712,310.0,6600.0,0.0,137.0,0.3528156996587031,0.8981126720590322,counterfactual_successor_memory,65.93035197257996
S-2,,0.22727272727272727,1.0,0.37037037037037035,10.0,1499.0,34.0,0.0,0.3318062827225131,0.33830200907323393,counterfactual_successor_memory,19.87175440788269
T-1,,0.021298322392414297,0.09517601043024772,0.034807485993563,146.0,85.0,6709.0,1388.0,0.6515096836280524,0.8521853986551393,counterfactual_successor_memory,67.9030818939209
T-10,,,,,,,,,1.0,1.0,counterfactual_successor_memory,3.555344820022583
T-12,,0.0,0.0,0.0,0.0,2026.0,0.0,120.0,0.5246363209760676,0.7758620689655172,counterfactual_successor_memory,22.188496589660645
T-13,,0.0,0.0,0.0,0.0,1896.0,0.0,250.0,0.4115438761145002,0.7041006523765144,counterfactual_successor_memory,36.07663083076477
T-2,,0.04344602609727165,0.16423766816143498,0.06871482176360225,293.0,106.0,6451.0,1491.0,0.7911361998558731,0.9099628341925429,counterfactual_successor_memory,68.09174370765686
T-3,,0.15268456375838926,1.0,0.264919941775837,182.0,7103.0,1010.0,0.0,0.738768115942029,0.983001808318264,counterfactual_successor_memory,68.51257514953613
T-4,,1.0,0.4411764705882353,0.6122448979591837,30.0,1865.0,0.0,38.0,0.3044838373305527,0.727366787377134,counterfactual_successor_memory,50.211432695388794
T-5,,0.5434782608695652,1.0,0.704225352112676,25.0,1888.0,21.0,0.0,0.0,0.0,counterfactual_successor_memory,72.46200132369995
T-8,,0.45614035087719296,0.78,0.5756457564575646,78.0,1042.0,93.0,22.0,0.6918032786885245,0.9700404858299595,counterfactual_successor_memory,12.472145318984985
T-9,,0.3187919463087248,0.8636363636363636,0.46568627450980393,95.0,499.0,203.0,15.0,1.0,1.0,counterfactual_successor_memory,4.084319353103638
