dataset,channel,seed,model,n_cal,n_hold,u_p98,n_exceed,gpd_xi,gpd_sigma,gpd_method,fit_converged,ks_stat,ks_p,n_exceed_clusters,mean_cluster_len,cluster_ratio,spot_threshold,spot_hold_fpr,p995_hold_fpr,u_hold_fpr,design_risk
Daphnet,S01R01E1,42,TS-JEPA,1941,1877,0.4465478301048279,39,3.5935625042855305e-10,0.0003593562504285531,grimshaw_mle,True,0.17725074708380054,0.15259286269761207,11,3.5454545454545454,0.28205128205128205,0.4476260276285305,0.3937133724027704,0.514118273841236,0.6318593500266383,0.001
Daphnet,S01R01E1,42,TimesNet,1941,1877,0.04058254286646843,39,-3.388469036497457e-10,0.00033884690364974576,grimshaw_mle,True,0.27815326514890143,0.0036853076652675343,1,39.0,0.02564102564102564,0.041599205000475425,0.10388918486947256,0.13638785295684602,0.14970697922216303,0.001
Daphnet,S01R01E1,123,TS-JEPA,1941,1877,0.6674782037734985,39,-6.075792237046503e-10,0.000607577654290487,grimshaw_mle,True,0.15535650266615536,0.2738606065993503,7,5.571428571428571,0.1794871794871795,0.6693011544569271,0.011188066062866276,0.020245071923281833,0.02610548748002131,0.001
Daphnet,S01R01E1,123,TimesNet,1941,1877,0.2843377649784088,39,-1.2850992200672846e-09,0.0012850992200672848,grimshaw_mle,True,0.23304520101638987,0.024031823020431053,1,39.0,0.02564102564102564,0.28819352314356184,0.09323388385721897,0.1289291422482685,0.23068726691529035,0.001
Daphnet,S01R01E1,456,TS-JEPA,1941,1877,0.8756914973258972,39,-2.452820400740432e-09,0.0024528204007404322,grimshaw_mle,True,0.21259798082493747,0.05022130156286564,8,4.875,0.20512820512820512,0.8830508374765462,0.0,0.0,0.0,0.001
Daphnet,S01R01E1,456,TimesNet,1941,1877,0.03245229795575142,39,2.6103972620321896e-10,0.000261039726203219,grimshaw_mle,True,0.23778780150583062,0.02005453768810661,1,39.0,0.02564102564102564,0.0332355106758437,0.0,0.0,0.0,0.001
Daphnet,S03R01E0,42,TS-JEPA,1264,1200,1.059841320514679,26,1.7424900118590866e-08,0.017424900118590866,grimshaw_mle,True,0.1464312072518294,0.5823213361353885,2,13.0,0.07692307692307693,1.1125309990887737,0.0575,0.0875,0.13083333333333333,0.001
Daphnet,S03R01E0,42,TimesNet,1264,1200,19.370557060241698,26,-0.9,0.18274471587757588,numerical_mle,True,0.2484702661579306,0.06703674858937236,2,13.0,0.07692307692307693,19.56025005991423,0.0,0.0,0.0,0.001
Daphnet,S03R01E0,123,TS-JEPA,1264,1200,0.923958557844162,26,6.612445729375162e-09,0.0066124457293751625,grimshaw_mle,True,0.2770986383355106,0.029498140972343934,1,26.0,0.038461538461538464,0.9439533720295071,0.6666666666666666,0.6883333333333334,0.7,0.001
Daphnet,S03R01E0,123,TimesNet,1264,1200,14.5530216217041,26,-0.9,0.18721670016913558,numerical_mle,True,0.3477524333418268,0.0025844904462812845,1,26.0,0.038461538461538464,14.74735663857905,0.0,0.0,0.0,0.001
Daphnet,S03R01E0,456,TS-JEPA,1264,1200,1.3639143443107604,26,-0.9,0.03993280534034415,numerical_mle,True,0.21271029172897538,0.16416851284774014,1,26.0,0.038461538461538464,1.4053654669545685,0.0975,0.0975,0.10666666666666667,0.001
Daphnet,S03R01E0,456,TimesNet,1264,1200,12.604663925170899,26,-0.9,0.26992782753450034,numerical_mle,True,0.279226477603631,0.027648520082779626,1,26.0,0.038461538461538464,12.884854895696208,0.0,0.0,0.0,0.001
SMAP,A-7,42,TS-JEPA,303,240,1.1542355418205261,16,-6.3411146720195095e-09,0.00634111467201951,grimshaw_mle,True,0.19373159763284453,0.5233926304744235,3,5.333333333333333,0.1875,1.1793882782718559,0.0,0.004166666666666667,0.016666666666666666,0.001
SMAP,A-7,42,TimesNet,303,240,0.005128464428707957,16,-3.090850077634591e-11,3.090850077634591e-05,grimshaw_mle,True,0.24554428903796555,0.24607856305620157,1,16.0,0.0625,0.0052662183706855175,0.49583333333333335,0.5041666666666667,0.5083333333333333,0.001
SMAP,A-7,123,TS-JEPA,303,240,1.5916214108467102,16,2.409961319313287e-08,0.02409961319313287,grimshaw_mle,True,0.12733221136708295,0.9286617906639595,3,5.333333333333333,0.1875,1.687215206350933,0.0,0.0,0.0,0.001
SMAP,A-7,123,TimesNet,303,240,0.005511619010940194,16,2.2502726642080562e-11,2.2502726642080564e-05,grimshaw_mle,True,0.31504573835939764,0.06551441051405027,1,16.0,0.0625,0.0056180343625339135,0.5,0.5041666666666667,0.5083333333333333,0.001
SMAP,A-7,456,TS-JEPA,303,240,1.061777365207672,16,-5.214478092356288e-09,0.005214478092356288,grimshaw_mle,True,0.32043115592243276,0.058275772474923215,4,4.0,0.25,1.0824611723886104,0.11666666666666667,0.14166666666666666,0.22916666666666666,0.001
SMAP,A-7,456,TimesNet,303,240,0.006812481069937348,16,3.171470016171587e-11,3.171470016171587e-05,grimshaw_mle,True,0.18033280992348577,0.6125197605883141,2,8.0,0.125,0.006921873906449209,0.5291666666666667,0.5375,0.55,0.001
SMAP,D-3,42,TS-JEPA,304,240,1.5945860683917998,16,-3.4328907841631925e-09,0.003432890784163193,grimshaw_mle,True,0.13387525310258536,0.900886832115607,3,5.333333333333333,0.1875,1.6081917003921609,0.0,0.0,0.0,0.001
SMAP,D-3,42,TimesNet,304,240,0.10253595709800717,16,-0.9,0.20281312200452192,numerical_mle,True,0.17717718998737178,0.6339650852916479,1,16.0,0.0625,0.3215198468313778,0.37916666666666665,0.4041666666666667,0.5416666666666666,0.001
SMAP,D-3,123,TS-JEPA,304,240,1.5252010881900786,16,0.44637040735223743,0.007362987209127351,grimshaw_mle,True,0.15372400407528164,0.790737532741449,3,5.333333333333333,0.1875,1.6054605559186106,0.0,0.0,0.04583333333333333,0.001
SMAP,D-3,123,TimesNet,304,240,0.09894112348556516,16,-0.9,0.21518528110269824,numerical_mle,True,0.1794476605408451,0.6185240266247514,1,16.0,0.0625,0.3312836336915222,0.3333333333333333,0.3541666666666667,0.5416666666666666,0.001
SMAP,D-3,456,TS-JEPA,304,240,1.2706571042537689,16,1.9180047098316572e-08,0.019180047098316572,grimshaw_mle,True,0.17356315219391372,0.6586173079073846,2,8.0,0.125,1.3466736975497597,0.008333333333333333,0.008333333333333333,0.0125,0.001
SMAP,D-3,456,TimesNet,304,240,0.08733283057808874,16,-0.9,0.19435019854631547,numerical_mle,True,0.1800522464056642,0.6144218428155113,1,16.0,0.0625,0.2971790280404804,0.3375,0.36666666666666664,0.5458333333333333,0.001
MSL,C-1,42,TS-JEPA,195,132,2.660080623626709,20,-0.9,0.04618176733430096,numerical_mle,True,0.31936168087005706,0.02586366694437703,1,20.0,0.05,2.708534867044541,0.0,0.0,0.0,0.001
MSL,C-1,42,TimesNet,195,132,0.05818695873022079,20,-2.356614176296384e-09,0.002356614176296384,grimshaw_mle,True,0.1729677905309387,0.5314929488710027,1,20.0,0.05,0.0684718456040684,0.0,0.0,0.0,0.001
MSL,C-1,123,TS-JEPA,195,132,2.5269418716430665,20,-0.9,0.03175891169170812,numerical_mle,True,0.3595470776836279,0.00803583683036635,1,20.0,0.05,2.5604984898775554,0.0,0.0,0.0,0.001
MSL,C-1,123,TimesNet,195,132,0.0541967511177063,20,-2.6711920325359438e-09,0.0026711920325359437,grimshaw_mle,True,0.17827071479772938,0.4934174400585698,1,20.0,0.05,0.06630847165756329,0.0,0.0,0.0,0.001
MSL,C-1,456,TS-JEPA,195,132,2.287739086151123,20,-0.9,0.022863785056313573,numerical_mle,True,0.15368800576454233,0.6765692632674511,2,10.0,0.1,2.3460726099464426,0.49242424242424243,0.5606060606060606,0.5757575757575758,0.001
MSL,C-1,456,TimesNet,195,132,0.06352418959140778,20,2.8581205700406e-09,0.0028581205700406002,grimshaw_mle,True,0.1854570066840177,0.4439535731279477,1,20.0,0.05,0.07591979795562932,0.0,0.0,0.0,0.001
MSL,M-1,42,TS-JEPA,203,139,2.05993766784668,21,-0.6039383085121764,0.07689108764313572,numerical_mle,True,0.17691912162938217,0.4735352987339181,2,10.5,0.09523809523809523,2.1795249470812346,0.5323741007194245,0.5611510791366906,0.6906474820143885,0.001
MSL,M-1,42,TimesNet,203,139,0.14085535109043124,21,-7.972758225770908e-09,0.007972750253020652,grimshaw_mle,True,0.177839518558413,0.46703319791812936,1,21.0,0.047619047619047616,0.17784151146067104,0.4892086330935252,0.5251798561151079,0.5611510791366906,0.001
MSL,M-1,123,TS-JEPA,203,139,2.339175844192505,21,0.18519048899228288,0.06562022835040794,grimshaw_mle,True,0.2343686438423881,0.1692785506496507,2,10.5,0.09523809523809523,2.821453680309832,0.0,0.0,0.007194244604316547,0.001
MSL,M-1,123,TimesNet,203,139,0.1181140512228012,21,-6.522965170556932e-09,0.006522958647598281,grimshaw_mle,True,0.20118255662670032,0.31902040208439,1,21.0,0.047619047619047616,0.1483745243308239,0.5323741007194245,0.5755395683453237,0.60431654676259,0.001
MSL,M-1,456,TS-JEPA,203,139,2.1011227130889893,21,0.3766873379353333,0.02038961537506504,grimshaw_mle,True,0.18079556736625768,0.4464621830731217,3,7.0,0.14285714285714285,2.3512764516548614,0.0,0.30935251798561153,0.34532374100719426,0.001
MSL,M-1,456,TimesNet,203,139,0.11952004581689835,21,7.295775235824239e-09,0.0072957752358242395,grimshaw_mle,True,0.1875196964115623,0.40154618321739455,1,21.0,0.047619047619047616,0.15336567051775782,0.5539568345323741,0.60431654676259,0.6402877697841727,0.001
swan,sf,42,TS-JEPA,2822,2759,2.0950459003448483,57,-0.7160021024907364,0.14787163312892837,grimshaw_mle,True,0.150814686245399,0.1347761719983639,3,19.0,0.05263157894736842,2.277561685291031,0.0,0.0,0.0,0.001
swan,sf,42,TimesNet,2822,2759,54759722.56,57,-0.9,44769955.856257275,numerical_mle,True,0.31667686518271077,1.3967168907999838e-05,1,57.0,0.017543859649122806,101177843.38931474,0.0,0.0,0.0,0.001
swan,sf,123,TS-JEPA,2822,2759,1.4661417126655576,57,-0.9,0.17923414990705072,numerical_mle,True,0.29161767285958995,8.669800893066816e-05,1,57.0,0.017543859649122806,1.651974203853109,0.0,0.0,0.0,0.001
swan,sf,123,TimesNet,2822,2759,54759378.8,57,-0.9,44769676.19726168,numerical_mle,True,0.3166765398613267,1.3967514776018154e-05,1,57.0,0.017543859649122806,101177209.67492902,0.0,0.0,0.0,0.001
swan,sf,456,TS-JEPA,2822,2759,2.1153191041946395,57,-0.9,0.4143636461416301,numerical_mle,True,0.29794412689865635,5.552547450929553e-05,1,57.0,0.017543859649122806,2.5449371689439566,0.0,0.0,0.0,0.001
swan,sf,456,TimesNet,2822,2759,54759318.8,57,-0.9,44769626.60744571,numerical_mle,True,0.3166765493250572,1.3967504714462327e-05,1,57.0,0.017543859649122806,101177098.25950934,0.0,0.0,0.0,0.001
metro,traffic-volume,42,TS-JEPA,3482,3419,1.7324486589431765,70,-0.9,0.562464840182348,numerical_mle,True,0.15013187164092104,0.07661777652576829,2,35.0,0.02857142857142857,2.3154423412788083,0.024861070488446914,0.02778590231061714,0.07107341327873647,0.001
metro,traffic-volume,42,TimesNet,3482,3419,0.07707675144076363,70,-0.9,0.07187811248920321,numerical_mle,True,0.04263018666779561,0.9990045149711484,1,70.0,0.014285714285714285,0.1515782713327984,0.0,0.0,0.0,0.001
metro,traffic-volume,123,TS-JEPA,3482,3419,2.627214388847351,70,-0.9,0.37269691193437726,numerical_mle,True,0.16337811676116637,0.042260750272578806,2,35.0,0.02857142857142857,3.013513992949361,0.021351272301842646,0.021643755484059668,0.03831529687042995,0.001
metro,traffic-volume,123,TimesNet,3482,3419,0.08533854201436068,70,-0.9,0.08431776649612956,numerical_mle,True,0.09747867590611131,0.48885106173969317,1,70.0,0.014285714285714285,0.1727337384144738,0.0,0.0,0.0,0.001
metro,traffic-volume,456,TS-JEPA,3482,3419,3.1620358037948617,70,-0.9,0.36110300049075095,numerical_mle,True,0.11667619146466829,0.2744849686081192,2,35.0,0.02857142857142857,3.5363183418647948,0.019303890026323486,0.01988885639075753,0.02193623866627669,0.001
metro,traffic-volume,456,TimesNet,3482,3419,0.05680196143686778,70,-2.450645830825727e-08,0.024506458308257272,grimshaw_mle,True,0.1097805475644536,0.34251087478174325,1,70.0,0.014285714285714285,0.13034310791643755,0.0,0.0,0.0,0.001
Genesis,default,42,TS-JEPA,358,295,1.9910825312137603,18,-0.7450624184722769,0.33754727975879134,numerical_mle,True,0.12005003519646917,0.9304309369247963,1,18.0,0.05555555555555555,2.4196656843216306,0.0,0.0,0.1288135593220339,0.001
Genesis,default,42,TimesNet,358,295,0.4462896853685378,18,-0.9,0.06259486756534953,numerical_mle,True,0.09810760039950206,0.9880815855070574,1,18.0,0.05555555555555555,0.5137928782986595,0.0,0.0,0.0,0.001
Genesis,default,123,TS-JEPA,358,295,1.5344662129878996,18,-1.184897366049569e-08,0.01184897366049569,grimshaw_mle,True,0.2686021214613325,0.12292156356303863,1,18.0,0.05555555555555555,1.5808856817045234,0.013559322033898305,0.12203389830508475,0.15254237288135594,0.001
Genesis,default,123,TimesNet,358,295,0.38646876066923136,18,-0.9,0.05395896777295877,numerical_mle,True,0.10216034470651336,0.9818877589949794,1,18.0,0.05555555555555555,0.4446588767851502,0.0,0.0,0.0,0.001
Genesis,default,456,TS-JEPA,358,295,1.5473581731319428,18,9.99865472393548e-09,0.009998634726666018,grimshaw_mle,True,0.2809482540242779,0.09492907349383384,1,18.0,0.05555555555555555,1.5865287650500284,0.23389830508474577,0.2440677966101695,0.2576271186440678,0.001
Genesis,default,456,TimesNet,358,295,0.44814892262220374,18,-0.9,0.06329431268127207,numerical_mle,True,0.09680546872336582,0.9897006290705546,1,18.0,0.05555555555555555,0.5164064070851713,0.0,0.0,0.0,0.001
