omega,psi_shell_0,ideal_band_0,conv_response_shell_0,psi_shell_1,ideal_band_1,conv_response_shell_1,psi_shell_2,ideal_band_2,conv_response_shell_2,psi_shell_3,ideal_band_3,conv_response_shell_3,haar_dwt_band_0,haar_dwt_band_1,haar_dwt_band_2,haar_dwt_band_3,db4_dwt_band_0,db4_dwt_band_1,db4_dwt_band_2,db4_dwt_band_3
0.0,0.99999714,1.0,0.06547578416777672,9.999972e-07,0.0,0.06707497849290828,9.999972e-07,0.0,0.0674178787772285,9.999972e-07,0.0,0.06854759232697284,7.999999999999995,0.0,0.0,0.0,7.999999999999989,4.9303806576313194e-32,2.4651903288156608e-32,1.232595164407831e-32
0.0078125,0.99999696,1.0,0.06631098414245942,1.000485e-06,0.0,0.06743502869548743,1.000485e-06,0.0,0.06755623039526126,1.000485e-06,0.0,0.06860384797481722,7.9747312310753316,0.019246594102313726,0.0024087248035846083,0.00030118130379577974,7.9998518560543666,0.00013889768068265973,4.3510292613771496e-06,1.3605160652933e-07
0.015625,0.99999696,1.0,0.06776729037504048,1.0019504e-06,0.0,0.068130819069691,1.0019504e-06,0.0,0.06785421982324344,1.0019504e-06,0.0,0.0687337364563908,7.8993046802843185,0.07662765164037058,0.00962474644799882,0.0012045437948276071,7.997651396523221,0.0022010037275365596,6.944884506564337e-05,2.1755147786797166e-06
0.0234375,0.99999696,1.0,0.06930436533407047,1.0043976e-06,0.0,0.06896624843500027,1.0043976e-06,0.0,0.0682458593226908,1.0043976e-06,0.0,0.06891448148271172,7.774852055880195,0.17107446412395844,0.021617653355299846,0.0027095433213097835,7.988291531128229,0.010964111039213012,0.00035017393370021015,1.100249128957436e-05
0.03125,0.99999404,1.0,0.07068482039005458,3.8840976e-06,0.0,0.06984611242843257,1.0078307e-06,0.0,0.06869625534623561,1.0078307e-06,0.0,0.06913334672560302,7.603234512210959,0.30083056434429906,0.03833691506676353,0.004815273327803112,7.963786186765882,0.03387390927120195,0.0011005030608486161,3.4724460304609975e-05
0.0390625,0.9999491,1.0,0.07179153012654806,4.8890626e-05,0.0,0.07070939204165026,1.0122204e-06,0.0,0.06918212717652865,1.0122204e-06,0.0,0.06938148412383288,7.387005711510941,0.4634881975090077,0.05971211468744151,0.007520465401290001,7.914020917356695,0.08030589134784726,0.0026673487861375734,8.462343079360941e-05
0.046875,0.99968404,1.0,0.07255928604271453,0.00031385815,0.0,0.07151437489771194,1.0173977e-06,0.0,0.0696866329822055,1.0173977e-06,0.0,0.0696521968389676,7.1293612968898685,0.6560381975923263,0.08565327268845992,0.01082349003521902,7.8277284108389775,0.16060706608500197,0.005482085677906466,0.00017508793005181772
0.0546875,0.99869376,1.0,0.07299717416960952,0.0013041311,0.0,0.07223194450292864,1.0228568e-06,0.0,0.07019660064759581,1.0228568e-06,0.0,0.06994014766625217,6.834075927649493,0.8749321209920815,0.11605126045709412,0.014722357611058752,7.6936156536789735,0.2849904146802317,0.010049913418332546,0.0003235262010300218
0.0625,0.9959842,1.0,0.07315854592559584,0.0040108575,0.0,0.07284551460529962,3.894339e-06,0.0,0.07070144520419902,1.0275744e-06,0.0,0.07024093567591633,6.50542930748859,1.1161552110462183,0.15077830153905575,0.019214719596769538,7.501552847433667,0.46237161082156836,0.016937248704011115,0.0005502610841838953
0.0703125,0.9900774,1.0,0.07312625913599152,0.009906178,0.0,0.07334861162410007,1.5407344e-05,0.0,0.07119277872566838,1.0299879e-06,0.0,0.07055084685657848,6.148122880272802,1.375308523716269,0.18968855808251772,0.02429786996147145,7.24372244526312,0.6992491694010554,0.026757378347946358,0.0008784071599811673
0.078125,0.9792428,1.0,0.07298811263183597,0.02070701,0.0,0.07373994370516816,4.9092047e-05,0.0,0.07166402547594213,1.0282039e-06,0.0,0.0708666966870006,5.767189070921388,1.6476983427139094,0.23261879957143727,0.029968746805455995,6.91562214746116,0.9987336398651547,0.04015464468582144,0.0013337308255078916
0.0859375,0.96191424,1.0,0.072839435799324,0.037953004,0.0,0.0740297101442592,0.0001317559,0.0,0.07211107838303593,1.0204103e-06,0.0,0.0711857243089427,5.3678951057439805,1.9284308563799513,0.2793891505289143,0.036223934204560125,6.516820445120636,1.3598266375043406,0.057787470542979204,0.001944494072263507
0.09375,0.9371481,1.0,0.07273554480182959,0.06254329,0.0,0.07422339952285917,0.00030755985,0.0,0.07253008830387603,1.0053566e-06,0.0,0.07150551400597038,4.955643553587433,2.212509962377924,0.3298039134817362,0.043059664267791134,6.051378707590768,1.7770350336269745,0.0803105637476849,0.002741282821720703
0.1015625,0.90494156,1.0,0.07269825057465222,0.0944179,0.0,0.07433375364467672,0.00063963066,0.0,0.07291721708119443,9.827196e-07,0.0,0.07182393021840777,4.535871784052098,2.4949360121061455,0.3836524631069508,0.05047181940696333,5.527880045310811,2.240379332689254,0.10835666947983415,0.0037568207600644017
0.109375,0.8662727,1.0,0.07272250961274368,0.13251868,0.0,0.0743799394417368,0.0012077367,0.0,0.07326952550214451,9.532015e-07,0.0,0.07213907051151477,4.113952540778786,2.770803305688969,0.4407102071321626,0.05845593481697922,4.9590408566377056,2.7358195415173054,0.14251826153598196,0.00502576969325433
0.1171875,0.8228624,1.0,0.07277711694156194,0.17503422,0.0,0.07437646116073288,0.0021025913,0.0,0.07358505893718674,9.18337e-07,0.0,0.07244924142166087,3.695097776726231,3.0353942001425054,0.5007396092351067,0.06700720116526108,4.360923026869552,3.246079743566488,0.1833295797464849,0.006584517517744558
0.125,0.7767713,1.0,0.07283636651151555,0.21980898,1.0,0.07433321885018238,0.003418826,0.0,0.07386412131440721,8.801092e-07,0.0,0.07275294406110881,3.284267796136023,3.284267796136023,0.5634912688865509,0.07612046748871323,3.7518086608675203,3.751808660867521,0.2312494291915961,0.00847095497043861
0.1328125,0.7300027,0.0,0.07286261469639234,0.26474768,1.0,0.07425657180282046,0.0052488493,0.0,0.07410506029585438,8.4054346e-07,0.0,0.07304886435768226,2.8860875974984648,3.513341319705052,0.6287050528053011,0.08579024429646931,3.1508395114010965,4.232973206056422,0.28664515650445754,0.010724242383389435
0.140625,0.6842229,0.0,0.07283478471332523,0.30809748,1.0,0.07416324779781466,0.0076788976,0.0,0.07430791058159424,8.014002e-07,0.0,0.07333593865141225,2.504772117479647,3.7189625101212305,0.6961112724464437,0.09601070687655663,2.5765542378005475,4.670351074219463,0.34977820854192204,0.0133845677240342
0.1484375,0.6406395,0.0,0.07277355743592295,0.34857252,1.0,0.07404655142520711,0.0107872775,0.0,0.07447171129988238,7.640212e-07,0.0,0.07361358770907275,2.144061842732727,3.8979715585989823,0.7654319017251732,0.10677569880448462,2.0454733337489857,5.0469717604803135,0.420791658385179,0.01649289725008288
0.15625,0.60000306,0.0,0.07271093357922692,0.3853521,1.0,0.07391794284575613,0.014644162,0.0,0.07459801539649184,7.2930436e-07,0.0,0.07388060969038968,1.8071699910291652,4.047751408384664,0.8363818289897947,0.11807873565164494,1.570880643474569,5.349356370699401,0.4997000526144174,0.02009072014929561
0.1640625,0.56268096,0.0,0.07271678121350772,0.4180063,1.0,0.07379887076344487,0.019312028,0.0,0.07468925935568133,6.9775825e-07,0.0,0.07413616910379561,1.4967421722189749,4.166265518016515,0.9086701370996781,0.12991300889128857,1.1619307957265512,5.568426265941492,0.5863818920298467,0.024219788568063668
0.171875,0.5287565,0.0,0.07282483284408231,0.44639668,1.0,0.07370462666839181,0.024846163,0.0,0.07475473197491454,6.695911e-07,0.0,0.0743796328147359,1.2148291307617567,4.252082498563638,0.9820014053378475,0.14227138999972788,0.8231752618445912,5.699987308751513,0.6805750057844099,0.02892185445876659
0.1796875,0.49812242,0.0,0.07302419436017188,0.47058216,1.0,0.07361807194093523,0.031294826,0.0,0.07479281796644598,6.4479997e-07,0.0,0.07461047471650467,0.9628728529434283,4.304387354467037,1.0560770267941786,0.15514643475029286,0.5545503562561238,5.7447459910205145,0.7818750169733241,0.03423840469417751
0.1875,0.47055742,0.0,0.07332482040965095,0.49074283,1.0,0.07353655478278531,0.03869914,0.0,0.07480534665101332,6.2324716e-07,0.0,0.07482826842280584,0.7417060015574138,4.322979378064271,1.1305965347942464,0.16853038769745468,0.3518147408573305,5.707869621056618,0.8897370272277816,0.04021039590762053
0.1953125,0.445782,0.0,0.07365714859278849,0.50712484,1.0,0.07344147973153053,0.047092583,0.0,0.07479900158479562,6.047178e-07,0.0,0.07503339165511005,0.5515643268868399,4.308257061877447,1.2052589319210198,0.18241518684841626,0.20736949583846848,5.598157401428643,1.003480570326227,0.04687799052010597
0.203125,0.42349595,0.0,0.07398784015036497,0.52000326,1.0,0.0733371438313703,0.056500252,0.0,0.0747736710311338,5.8895995e-07,0.0,0.07522493261203787,0.39211140311893783,4.2611906924397,1.27976401518197,0.19679246851935508,0.11134828034148365,5.42693493364604,1.1222978021857402,0.05428029541024691
0.2109375,0.40340188,0.0,0.07425436642937651,0.5296593,1.0,0.07322935682369228,0.06693831,0.0,0.0747345326914972,5.7571094e-07,0.0,0.0754027202127711,0.26247476123173247,4.183283567449622,1.3538136909125336,0.21165357237339363,0.0528350777466117,5.206814885419487,1.2452648090780556,0.06245510466944415
0.21875,0.38521934,0.0,0.07449158650531008,0.5363671,1.0,0.07311383964456956,0.078413,0.0,0.07469077646591561,5.6471396e-07,0.0,0.07556678773840458,0.1612922396386307,4.0765230276558375,1.4271132730782383,0.22698954663726306,0.021056819258604795,4.950476929200099,1.3713558300433029,0.07143864786367117
0.2265625,0.3686915,0.0,0.07472030927220731,0.54038775,1.0,0.07297858487739319,0.09092014,0.0,0.0746393352509784,5.557266e-07,0.0,0.07571719168296037,0.08676715835424575,3.943322710188832,1.4993727587414285,0.24279115349351543,0.0064091444670355685,4.669609262865725,1.4994601059449795,0.08126534519431765
0.234375,0.3535882,0.0,0.0749153011771889,0.5419663,1.0,0.07283654216187171,0.10444499,0.0,0.07458184712371191,5.4852603e-07,0.0,0.07585387471157587,0.03673074607688256,3.786457606154679,1.5703080745941342,0.2590488746450407,0.0012037862923687552,4.374123951645346,1.628400989202904,0.09196757091411668
0.2421875,0.33970612,0.0,0.07503538131613781,0.5413318,1.0,0.07271283322151756,0.118961565,0.0,0.07453220232738052,5.4291024e-07,0.0,0.07597676691968948,0.008710116198602083,3.608993638356856,1.6396422886252031,0.27575291704853294,7.06952603023506e-05,4.071713844064221,1.7569568777169802,0.1035754263103775
0.25,0.32686776,0.0,0.07509456564985813,0.53869843,1.0,0.07262102394276128,0.13443328,1.0,0.07449540163823488,5.3869843e-07,0.0,0.07608586891330132,1.2801250475664597e-32,3.4142135623730945,1.7071067811865477,0.29289321881345237,2.322065663420984e-32,3.7677669529663635,1.8838834764831827,0.11611652351681552
0.2578125,0.3149196,0.0,0.07510670316943252,0.5342669,0.0,0.07255739195574323,0.15081301,1.0,0.07446491872391234,5.357302e-07,0.0,0.0761813216527545,0.00773640457354418,3.205541034476333,1.7724423699491927,0.3104594552629329,6.017164190024416e-05,3.4656030163474507,2.007936843290344,0.12961578135748916
0.265625,0.30372983,0.0,0.07506281217462132,0.52822596,0.0,0.07251484890816698,0.16804373,1.0,0.07443836124433667,5.3386367e-07,0.0,0.07626346868250616,0.02897036949708043,2.986464682904205,1.8354003834933923,0.3284410451529816,0.0008715656233152465,3.1669542115089406,2.1278966427098225,0.14409523436202368
0.2734375,0.29318598,0.0,0.07497497689059852,0.5207538,0.0,0.07250205241870036,0.18605977,1.0,0.07441531174287115,5.3297447e-07,0.0,0.07633274672833461,0.06074004885198251,2.760463965848918,1.8957436785571027,0.34682715704622313,0.003942686397951408,2.8725838556365564,2.2425890169411695,0.15957385602078772
0.28125,0.2831929,0.0,0.07485215171716879,0.512019,0.0,0.07254893143799516,0.20478766,1.0,0.07439781216195189,5.3295383e-07,0.0,0.07638974273772678,0.10013944155246012,2.5309385025578632,1.9532475962721274,0.36560671583635446,0.010986461985899478,2.5829269808878617,2.3509084840184076,0.1760673972723542
0.2890625,0.27367055,0.0,0.07471064615769295,0.5021814,0.0,0.07262229856597176,0.22414751,1.0,0.07437998493662402,5.3370735e-07,0.0,0.07643527767460778,0.14438222970638853,2.3011424265254323,2.0077008530453417,0.3847684094193731,0.023325029229796606,2.2986454184661125,2.451838293884335,0.19358824113385326
0.296875,0.2645522,0.0,0.0745817681206746,0.4913927,0.0,0.07271166965358705,0.24405456,1.0,0.07436718691641955,5.351533e-07,0.0,0.07646942217262681,0.19085935743318427,2.07412513635217,2.058906362092188,0.4043006955075665,0.04146659845810347,2.021014882866728,2.5444687107413118,0.21214527429813454
0.3046875,0.2557827,0.0,0.0744517183244695,0.47979617,0.0,0.07280212329076587,0.26442066,1.0,0.07435857804388965,5.372214e-07,0.0,0.07649254572923868,0.2371891859116314,1.8526796157620236,2.1066819819988614,0.42419180858215455,0.06490199030012098,1.752097413831262,2.628012745073317,0.23174377643049385
0.3125,0.2473167,0.0,0.07426327275340548,0.467527,0.0,0.0728954444521034,0.28515577,1.0,0.07435901831705571,5.3985207e-07,0.0,0.0765057037832172,0.28125928838945935,1.6392992655359373,2.150861189076506,0.4444297669803977,0.0921280591168699,1.4946927709698725,2.701818929351538,0.2523853278025434
0.3203125,0.23911749,0.0,0.07405467996334902,0.4547124,0.0,0.07300562486767204,0.30616963,1.0,0.0743662817318484,5.4299477e-07,0.0,0.07651280931507633,0.32125919487927085,1.4361439433227456,2.1912936706731845,0.46500238011290257,0.12086740057712042,1.2521000249611116,2.7653808156265276,0.27406773580217636
0.328125,0.23115563,0.0,0.07382753964966751,0.4414711,0.0,0.07312292220367268,0.32737273,1.0,0.07437876032835594,5.4660734e-07,0.0,0.07651606064032089,0.35570365335499204,1.2450156493675049,2.2278458370251943,0.48589725580677834,0.14842454796668977,1.027749592257589,2.8183429683738987,0.29678498075697884
0.3359375,0.22340778,0.0,0.07355920889795119,0.4279133,0.0,0.07324386438315214,0.3486784,1.0,0.07439550943837668,5.5065533e-07,0.0,0.07651306408374953,0.3834462353475971,1.0673440342591072,2.260401249656215,0.507101807770216,0.17210244937213223,0.8247821669253563,2.86050332904232,0.32052718140446707
0.34375,0.21585584,0.0,0.07330193380485811,0.41414058,0.0,0.0733733153755447,0.3700031,1.0,0.07441611316242563,5.551107e-07,0.0,0.0765037514112848,0.4036833718487214,0.9041816459178706,2.2888609647686993,0.5286032631740023,0.18960102581837662,0.6456527805379995,2.8918119363483537,0.34528058023672764
0.3515625,0.20848584,0.0,0.07305638931986191,0.4002458,0.0,0.0735191947308251,0.3912679,1.0,0.07443691113976623,5.599515e-07,0.0,0.07648889600284439,0.41594915352118683,0.756208584068824,2.3131437905142063,0.5503886703453933,0.1993310419773159,0.49182657297359056,2.912366094844645,0.37102754883995
0.359375,0.20128736,0.0,0.07284308189892647,0.38631293,0.0,0.07368537972864425,0.41239914,1.0,0.07445665781811289,5.6516103e-07,0.0,0.07647056428717006,0.4201014609510236,0.6237459978179876,2.333186457476057,0.5724449065697176,0.2005981116142416,0.36361105554048584,2.922402189939405,0.3977466132416145
0.3671875,0.19425279,0.0,0.07277287456962327,0.3724177,0.0,0.07386648827292908,0.43332896,1.0,0.0744756161371731,5.7072714e-07,0.0,0.07645023684491392,0.4163002001999867,0.5067776515279091,2.3489437021460304,0.59475868599501,0.193638639730805,0.2601424701803441,2.92228444670391,0.42541249917025664
0.375,0.18737668,0.0,0.07278352604897685,0.3586269,0.0,0.07405806302498265,0.45399582,1.0,0.07449382847766314,5.7664204e-07,0.0,0.07643079635281426,0.40497860110544354,0.4049786011054437,2.3603882636247357,0.6173165676349102,0.17951658694519057,0.17951658694519065,2.912491019004081,0.4539961970253628
0.3828125,0.18065548,0.0,0.07281509104636189,0.3449995,0.0,0.07423507180174001,0.47434452,1.0,0.07450808337538924,5.829013e-07,0.0,0.07640986455643377,0.3868086863599793,0.3177498713395519,2.3675107942202107,0.6401049634650117,0.1599123416484028,0.1190317301573166,2.893597871599743,0.4834650462486984
0.390625,0.17408675,0.0,0.07282972745727878,0.33158606,0.0,0.07438756282842536,0.49432662,1.0,0.07451254372549712,5.895037e-07,0.0,0.07638593197978052,0.3626621350828975,0.2442579083680162,2.3703196850589814,0.6631101466077797,0.1368492540998714,0.07549743477256615,2.8662609781963417,0.5137828386837181
0.3984375,0.1676691,0.0,0.07283740788474131,0.31843042,0.0,0.07451727083256642,0.5138999,1.0,0.07451063521018222,5.964507e-07,0.0,0.07635877558223816,0.33356784310368714,0.18347750198011395,2.3688408082558827,0.6863182596011084,0.11240793363790642,0.045557502928504925,2.831197400902194,0.5449099404072986
0.40625,0.16140181,0.0,0.07286695511555304,0.3055688,0.0,0.07462923940984025,0.5330288,1.0,0.07450174892588644,6.0374623e-07,0.0,0.07632867267471351,0.30066752232828264,0.13423683146727658,2.3631171776111444,0.7097153227455376,0.08847361953345477,0.025980975420612368,2.78916583968619,0.5768034314183876
0.4140625,0.15528458,0.0,0.07295122915059135,0.2930313,0.0,0.07471860541179541,0.55168355,1.0,0.07448773118349633,6.113961e-07,0.0,0.07629690998595771,0.26517068326167426,0.09526328621100974,2.353208530213454,0.7332872425251016,0.0665498887704549,0.013886574324872381,2.7409472435087228,0.6094172624718056
0.421875,0.1493174,0.0,0.07308053957192791,0.28084183,0.0,0.07477499355953822,0.5698402,1.0,0.07446579077719967,6.19408e-07,0.0,0.07626430522705782,0.22831030900029858,0.06522874716576475,2.3391908317234953,0.757019820096736,0.04765585422004842,0.006882317126528576,2.687326057820807,0.6427024282529502
0.4296875,0.14350033,0.0,0.07323404364242732,0.26901913,0.0,0.07481075054307461,0.58747995,1.0,0.07443412574867736,6.27791e-07,0.0,0.076228592121626,0.19130045779817234,0.04279308584492326,2.3211557084921894,0.7808987598431302,0.03230739323965946,0.0031186890523556684,2.629072646852104,0.6766071560009431
0.4375,0.13783342,0.0,0.0733929594622308,0.25757685,0.0,0.07483103512036818,0.6045891,1.0,0.07439716496796085,6.3655557e-07,0.0,0.07619075025557523,0.15529692761689556,0.026644740389313592,2.2992098100291516,0.8049096779838715,0.020569007993775416,0.0012678075529838145,2.566927375017808,0.7110771086044055
0.4453125,0.13231665,0.0,0.07356181467363265,0.24652433,0.0,0.07481692275463853,0.6211584,1.0,0.07435632906968745,6.457132e-07,0.0,0.07615487578190888,0.12136198370607085,0.015537359979007414,2.2734741056780634,0.8290381112396987,0.012153862600610932,0.0004502089132641248,2.5015867620111836,0.7460556011159377
0.453125,0.12694986,0.0,0.07369707581039767,0.23586722,0.0,0.07477131721018832,0.6371823,1.0,0.07431510003122815,6.552764e-07,0.0,0.07612065349830172,0.09043399376663538,0.008321664704750006,2.2440831196750297,0.853269525544638,0.006546280209284365,0.0001343146827536385,2.4336920434361136,0.781483829558932
0.4609375,0.121732675,0.0,0.07382418040426425,0.2256076,0.0,0.07470571256071964,0.6526591,1.0,0.07427702730518775,6.6525854e-07,0.0,0.07608455301097719,0.06330263974571555,0.003971842927856976,2.2111841090616458,0.8775893248007833,0.0031231127900919107,3.169114145732658e-05,2.363820376366207,0.8173011108340081
0.46875,0.116664566,0.0,0.07392540263012114,0.21574475,0.0,0.07461899601198646,0.6675901,1.0,0.07424675644449982,6.756736e-07,0.0,0.07604752618252976,0.040590186342408525,0.00160599658535013,2.1749361891952406,0.901982859670439,0.0012564646851465626,5.344363817533478e-06,2.292478830530643,0.8534451324724358
0.4765625,0.11174473,0.0,0.07400844840863186,0.20627552,0.0,0.07450828413712028,0.6819791,1.0,0.0742226228550264,6.8653634e-07,0.0,0.07600980066811121,0.022739089670441578,0.0005003410421289409,2.135509411843048,0.9264354364003327,0.00038821412420203034,5.32832677444957e-07,2.2201012046600277,0.889852210930765
0.484375,0.1069722,0.0,0.07410782922554984,0.19719464,0.0,0.07438228486247259,0.69583255,1.0,0.07420679213093741,6.978622e-07,0.0,0.07597127000362863,0.010006031112002966,9.7064070495592e-05,2.0930838010635857,0.9509323256725816,7.453585115653262e-05,2.0512732813280617e-08,2.147047607668586,0.9264575570747334
0.4921875,0.10234574,0.0,0.07415794299468023,0.18849511,0.0,0.07426431139051629,0.7091585,1.0,0.07419596650429133,7.096669e-07,0.0,0.07593303574864299,0.0024622670068968735,5.94255182777774e-06,2.047848352266463,0.9754587714770877,4.511088494279082e-06,7.832391655295542e-11,2.073606649493059,0.9631955474617646
0.5,0.09786394,0.0,0.0742079110284778,0.18016836,0.0,0.07414049039803638,0.721967,1.0,0.07418928792222518,7.2196696e-07,1.0,0.07589890056184626,1.4997597826618568e-32,2.2492794056899407e-64,1.9999999999999996,1.0,2.4651903288156592e-32,1.5192908393215668e-64,1.9999999999999982,0.9999999999999996
0.5078125,0.09352522,0.0,0.0742710505317932,0.17220494,0.0,0.07400896447285336,0.73426914,0.0,0.0741895682867508,7.3477935e-07,1.0,0.07586692227157946,0.0023443077571987155,5.657863387030347e-06,1.9497425601438827,1.024541228522912,4.190819533286463e-06,7.276323659575127e-11,1.926388999477381,1.0368044525382343
0.515625,0.08932776,0.0,0.07429793872528107,0.16459437,0.0,0.07386041051456634,0.7460772,0.0,0.07420082265734892,7.481214e-07,1.0,0.07583332869533621,0.009070013945658432,8.79841830554891e-05,1.897285652280806,1.0490676743274179,6.43237750235607e-05,1.7702305536551406e-08,1.8528829434108043,1.0735424429252656
0.5234375,0.08526967,0.0,0.07432510552388677,0.15732552,0.0,0.07369595603367113,0.7574041,0.0,0.07422645410083212,7.620109e-07,1.0,0.07579747793527039,0.019622758776189842,0.00043177065211568534,1.8428436080865116,1.0735645635996671,0.000311177664935367,4.270983924384297e-07,1.779548619479866,1.1101477890692346
0.53125,0.081348784,0.0,0.07434859077905422,0.15038672,0.0,0.07352547655936467,0.76826376,0.0,0.07425998262682926,7.764666e-07,1.0,0.07576211257993212,0.033343425167928514,0.0013192702913911569,1.7866343716112174,1.0980171403295609,0.0009352571778568263,3.978109914679721e-06,1.7064206473009873,1.1465548675275634
0.5390625,0.07756299,0.0,0.0743645551099271,0.14376618,0.0,0.07336505063817304,0.7786701,0.0,0.07429665166834269,7.9150715e-07,1.0,0.07572611545473784,0.04949500401240345,0.0031055005358480684,1.728878397327441,1.122410675199216,0.0021582192864000845,2.1900084082208986e-05,1.6335121619827746,1.1826988891659906
0.546875,0.07390989,0.0,0.07437389607640327,0.1374516,0.0,0.07320620742953889,0.7886377,0.0,0.07433671361221797,8.0715216e-07,1.0,0.07569098283870031,0.06729093947818286,0.006192059121596128,1.6697975517893875,1.146730474455361,0.004198394942486145,8.614145235865955e-05,1.5608253909204428,1.2185161704410674
0.5546875,0.0703871,0.0,0.07439726010140635,0.13143107,0.0,0.07305440361865308,0.79818106,0.0,0.07437963675342059,8.2342166e-07,1.0,0.07565882669636817,0.08592398327711914,0.011000412305719662,1.609614024687978,1.1709618887603013,0.00723114778968574,0.00026785946945648726,1.4883616986023043,1.253944398884061
0.5625,0.06699216,0.0,0.07438009707115822,0.12569232,0.0,0.07291428569563894,0.8073147,0.0,0.07442484423308844,8.403361e-07,1.0,0.07562823665344369,0.10459460485724938,0.017945597091394372,1.5485492549934212,1.195090322016128,0.011347576203909339,0.0006994281310858199,1.4161307150413125,1.2889228913955941
0.5703125,0.063722424,0.0,0.07429665453867364,0.12022349,0.0,0.07280565983894116,0.81605333,0.0,0.07446275294674105,8.579169e-07,1.0,0.07560070420387828,0.12253805125552428,0.027411232607606157,1.4868228777546946,1.2191012401568695,0.01651770565090468,0.0015944829532168288,1.3441582176998246,1.3233928439990554
0.578125,0.06057533,0.0,0.07422460477036547,0.11501272,0.0,0.07272790262775165,0.8244111,0.0,0.07449990576803256,8.7618577e-07,1.0,0.07557456515754435,0.13904922366428019,0.03972666277623642,1.4246516969732135,1.2429801799032636,0.022565820395795813,0.0032588888548097297,1.2724925018805973,1.3572975717470486
0.5859375,0.05754816,0.0,0.07418603202526414,0.11004854,0.0,0.07268874437528461,0.8324024,0.0,0.07453495814489557,8.9516544e-07,1.0,0.0755483497354629,0.15350463471692266,0.05514695580930477,1.3622486897870898,1.2667127574748982,0.02916521968652119,0.006085735053217856,1.2012090475737418,1.3905827375281936
0.59375,0.054638214,0.0,0.07419698508358095,0.105319776,0.0,0.0726954566751341,0.84004116,0.0,0.07456680509173233,9.14879e-07,1.0,0.07552213217381677,0.165380827510389,0.07383636948386998,1.2998220469939454,1.2902846772544616,0.0358572304511393,0.010529758225275408,1.1304133684985678,1.4231965685816113
0.6015625,0.051842805,0.0,0.07423931831347258,0.10081536,0.0,0.07272877744020373,0.84734094,0.0,0.07459161605308123,9.3535056e-07,1.0,0.07549729923611648,0.17426877035552285,0.09585575863809637,1.2375742547054072,1.3136817403988912,0.04209512670101288,0.01706061837356353,1.0602420082773092,1.4550900595927003
0.609375,0.049159087,0.0,0.07427919653778225,0.096524864,0.0,0.07277578116097447,0.8543151,0.0,0.0746049878644708,9.566047e-07,1.0,0.07547303636939108,0.1798838856871454,0.1211542574109923,1.1757012216664908,1.3368898533922198,0.04730856302379788,0.026099339558448974,0.9908617260763126,1.486217161316281
0.6171875,0.046584353,0.0,0.07434228889207618,0.09243817,0.0,0.07284817238319133,0.8609766,0.0,0.07460807098130587,9.786671e-07,1.0,0.07544781482620413,0.18207152272669794,0.14956541815393481,1.1143914564897068,1.3598950365349882,0.05097939052413119,0.03794682132661684,0.9224669865720226,1.5165349537513007
0.625,0.044115733,0.0,0.07444937436814511,0.08854534,0.0,0.07295279489579584,0.86733794,0.0,0.07460501190699013,1.0015643e-06,1.0,0.07542335921544122,0.18080783652146112,0.18080783652146096,1.0538252987483592,1.3826834323650896,0.05271646008844034,0.052716460088440185,0.8552759339622856,1.546003802974636
0.6328125,0.04175048,0.0,0.07459967035651632,0.08483702,0.0,0.07309116791387861,0.8734115,0.0,0.07459482134247075,1.0253236e-06,1.0,0.07539682612925241,0.17619618608048157,0.2144901428035481,0.9941742075480053,1.4052413140049895,0.052316113026682765,0.0702837145102618,0.7895250845720405,1.574587500829743
0.640625,0.039485823,0.0,0.07475931385613897,0.081304185,0.0,0.07325258543600326,0.8792089,0.0,0.07458105071053556,1.0499734e-06,1.0,0.07536711563036963,0.1684593068741381,0.250120097702268,0.9356001108512324,1.4275550934302816,0.049796879929616074,0.09026354200507318,0.725463015515885,1.6022533867583844
0.6484375,0.037318908,0.0,0.07492546265968404,0.07793815,0.0,0.07342271334468464,0.88474184,0.0,0.07457119867282752,1.0755429e-06,1.0,0.07533386255920992,0.1579276436756086,0.287117400764646,0.8782548184706587,1.449611329654606,0.045401202371402244,0.11202227987022913,0.6633433565590829,1.6289724511600492
0.65625,0.035246998,0.0,0.07508664139290555,0.074730754,0.0,0.07359734807827584,0.8900211,0.0,0.07456561842532089,1.1020621e-06,1.0,0.07529612762941586,0.14502434476552256,0.32482970538947686,0.8222795012705048,1.4713967368259977,0.03956293219633188,0.13472457265746607,0.6034174080465565,1.6547194197632709
0.6640625,0.033267274,0.0,0.07518747636615704,0.071674116,0.0,0.07377286936185512,0.89505744,0.0,0.07456367933139717,1.1295629e-06,1.0,0.07525399268501896,0.13024751462591455,0.36255123899449376,0.7678042387302275,1.4928981922297837,0.03284573135049925,0.15740957537992764,0.5459267094437212,1.6794728185955317
0.671875,0.031377,0.0,0.07519382036395356,0.068760574,0.0,0.0739587126696087,0.8998612,0.0,0.07456574859195798,1.1580776e-06,1.0,0.07520754376648843,0.11415039680000735,0.39954335317350437,0.7149476366268007,1.5141027441932216,0.025862956887108195,0.1790852238355232,0.49109587115264214,1.7032150192430209
0.6796875,0.029573446,0.0,0.07511388390431671,0.065983124,0.0,0.07416535361573556,0.9044422,0.0,0.07457226806113589,1.1876397e-06,1.0,0.07515702016738221,0.09732020969713549,0.4350562783797182,0.6638165161873788,1.5349976198870963,0.019193021357569003,0.19882600607065745,0.4391259578902403,1.7259322641978225
0.6875,0.027853858,0.0,0.07498863567595992,0.06333487,0.0,0.07436262660189172,0.90881,0.0,0.07457852955757621,1.2182842e-06,1.0,0.07510012746744361,0.08035638465346301,0.4683513319607808,0.6145056756536739,1.555570233019602,0.013304861060010787,0.21585909695469765,0.39018867659773293,1.7476146721974555
0.6953125,0.026215555,0.0,0.07483152261827831,0.06080939,0.0,0.0745528741000146,0.91297376,0.0,0.07458619868646471,1.2500473e-06,1.0,0.07503630214339568,0.06384895718650627,0.49872282757095754,0.5670977247855772,1.5758081914178448,0.008505912282125869,0.22962603832136216,0.3444215775592438,1.7682562235695056
0.703125,0.024655836,0.0,0.07465686118422205,0.058400463,0.0,0.07475061971315043,0.9169424,0.0,0.07459049190014032,1.2829663e-06,1.0,0.07496539477352518,0.04835783956107482,0.5255189576357208,0.5216629924167351,1.5956993044924332,0.004920390218311233,0.23981185413040706,0.30192442642190986,1.7878547257018649
0.7109375,0.023172064,0.0,0.07451985066509656,0.05610229,0.0,0.07494573024913302,0.9207243,0.0,0.07459675770970693,1.3170801e-06,1.0,0.0748864536937402,0.03439365673412809,0.548160967420994,0.4782595067611853,1.6152315905806265,0.002499680020808955,0.24633958529508135,0.26275684960976153,1.8064117588661452
0.71875,0.021761639,0.0,0.07442585211489007,0.053909313,0.0,0.075117044176943,0.9243277,0.0,0.0746009361534605,1.3524286e-06,1.0,0.07479902946877404,0.02240076039618375,0.5661600074289778,0.4369330477601282,1.634393284163645,0.0010605423490956908,0.2493344491947621,0.22693729877277977,1.8239326027276448
0.7265625,0.020421933,0.0,0.07437414754742862,0.051816266,0.0,0.07526010742948291,0.92776036,0.0,0.07460397827455155,1.3890538e-06,1.0,0.074701757411345,0.012742949747796588,0.5791311377298564,0.39771727035362003,1.6531728429537762,0.0003418499968934022,0.2490669262043282,0.1944433239409649,1.8404261439792111
0.734375,0.019150425,0.0,0.07435039826757325,0.049818162,0.0,0.07539235666038784,0.93103,0.0,0.07460234262038674,1.4269986e-06,1.0,0.0745947015020666,0.005692325962239211,0.5868040603182292,0.3606338971657289,1.671558954847018,6.76696644562584e-05,0.24588708309303162,0.16521309234530301,1.8559047656379766
0.7421875,0.017944567,0.0,0.07436003621437552,0.047910213,0.0,0.07553527365183411,0.9341437,0.0,0.0746002697693435,1.4663077e-06,1.0,0.07447797541784573,0.0014215935551697438,0.5890302700852773,0.32569297870564207,1.6895405447370662,4.169835428853043e-06,0.2401628704741556,0.13914804256018592,1.8703842186425106
0.75,0.01680189,0.0,0.07438815887556058,0.046087947,0.0,0.0756948345669293,0.93710864,0.0,0.07459757111443795,1.5070276e-06,1.0,0.07434959102675985,1.9767126158585784e-32,0.5857864376269046,0.2928932188134525,1.7071067811865477,1.4312466539467496e-33,0.23223304703363093,0.11611652351681553,1.8838834764831835
0.7578125,0.015719978,0.0,0.0744066470756856,0.04434712,0.0,0.07584567075902163,0.93993133,0.0,0.07459306600054537,1.5492064e-06,1.0,0.07420862065823625,0.001392978983896453,0.5771739637703153,0.2622223627199603,1.724247082951467,3.861103586995144e-06,0.2223813712729499,0.09595823643248663,1.8964245736896215
0.765625,0.014696406,0.0,0.07444353506413784,0.042683687,0.0,0.07598037136560326,0.9426183,0.0,0.07458668214370351,1.5928938e-06,1.0,0.07405450502823904,0.005465436850876009,0.563414772235801,0.2336576447467434,1.7409511253549588,5.802275659533754e-05,0.21083370941593854,0.07848927574196671,1.9080324290858834
0.7734375,0.013728841,0.0,0.074525919963555,0.041093815,0.0,0.0760910089421642,0.94517565,0.0,0.07457664694784172,1.6381408e-06,1.0,0.07388679992516077,0.011988500117139691,0.544843529161227,0.20716629234784714,1.7572088465064843,0.00027145042500243365,0.19777482400649996,0.06350755317288381,1.918734654805682
0.78125,0.012814952,0.0,0.07462985823825605,0.039573893,0.0,0.07617015981566157,0.9476094,0.0,0.07456352555556152,1.6850015e-06,1.0,0.07370522362402997,0.020649428367578417,0.5218965924024649,0.18270608288950438,1.7730104533627367,0.000779996288154434,0.18337782083551507,0.05079838716550763,1.928561352136328
0.7890625,0.011952496,0.0,0.0747371352068226,0.03812047,0.0,0.07620508615488025,0.9499253,0.0,0.07454543034862023,1.7335309e-06,1.0,0.07350990074255051,0.031064294934330734,0.49509809599736815,0.16022594928093803,1.788346427626606,0.0017030935999652714,0.16783723022212327,0.040140047427843904,1.9375448953305556
0.796875,0.01113927,0.0,0.07485070381341251,0.036730267,0.0,0.0762035907094547,0.95212865,0.0,0.07452295603953384,1.7837864e-06,1.0,0.07330147453504944,0.042792950676621484,0.46504366278258863,0.13966663030910523,1.8032075314806448,0.0031063146125834495,0.15139674572633596,0.031309060651034275,1.9457197045897523
0.8046875,0.010373099,0.0,0.07495339104920644,0.035400257,0.0,0.07617312952640924,0.9542248,0.0,0.07448782642228553,1.8358277e-06,1.0,0.07307940221692871,0.055355716564073586,0.43238230824051377,0.12096136129453902,1.8175848131515826,0.0049771930339689964,0.13436455496403793,0.024085107041208507,1.953122009479893
0.8125,0.009651888,0.0,0.07501906470647927,0.034127466,0.0,0.0761254245726297,0.95621866,0.0,0.07443758053765892,1.8897156e-06,1.0,0.07284382204616807,0.06825120065347334,0.3977971491851983,0.10403660047557335,1.8314696123025451,0.007218433033050907,0.11711241695154315,0.018255366822943906,1.9597896040923792
0.8203125,0.008973576,0.0,0.07507182818658736,0.032909155,0.0,0.07607472628824243,0.9581153,0.0,0.07436862736553256,1.9455142e-06,1.0,0.07259493035296577,0.08097460582558272,0.361985560485076,0.08881278634525623,1.8448535652497065,0.009658810898604197,0.10005838885829581,0.01361820950990488,1.9657615953058218
0.828125,0.008336167,0.0,0.0751097853598192,0.031742647,0.0,0.07602156732491482,0.95991915,0.0,0.0742752614190001,2.0032899e-06,1.0,0.072333050920584,0.09303588700483587,0.32563943097376113,0.07520512101015729,1.857728610000272,0.012078544511784951,0.08363656394519114,0.009986154689045129,1.9710781455412327
0.8359375,0.0077377195,0.0,0.07513044195551273,0.030625477,0.0,0.07597468335189124,0.9616347,0.0,0.07415323242889367,2.0631105e-06,1.0,0.07205862689237191,0.10397713050352247,0.28942615603387445,0.06312437451387874,1.8700869911087117,0.01424334449772803,0.0682596708063048,0.00718806948411088,1.975780211431936
0.84375,0.007176338,0.0,0.07512696730440376,0.029555317,0.0,0.07593070393041233,0.9632662,0.0,0.07400087089777949,2.1250464e-06,1.0,0.07177219876755322,0.1133885628962311,0.2539709697683477,0.05247770497100062,1.8819212643483547,0.01594018661217285,0.05428148800367145,0.005070602990669162,1.9799092798507032
0.8515625,0.0066501973,0.0,0.075120865258852,0.028529894,0.0,0.07589775704157174,0.9648177,0.0,0.07381733344798573,2.1891713e-06,1.0,0.07147442972165782,0.12092265105262645,0.21984116558539318,0.0431694892899597,1.8932243011955148,0.01700814757584458,0.041965661002307614,0.0034988902110898177,1.9835071027499163
0.859375,0.0061575198,0.0,0.07507908998466324,0.027547104,0.0,0.07587570109649762,0.9662931,0.0,0.07360333584238027,2.2555614e-06,1.0,0.07116614016364893,0.12630582663067477,0.18753268242302198,0.03510215922626475,1.9039892931234421,0.017359205073213292,0.03146589381735086,0.0023565860027862547,1.9866154322759657
0.8671875,0.005696593,0.0,0.07498753393199181,0.026604919,0.0,0.07588498121443664,0.9676962,0.0,0.07335274402313494,2.324294e-06,1.0,0.0708483990558697,0.1293474549028216,0.1574594472817316,0.02817703750066201,1.9142097557035302,0.016986265731157645,0.0228200793632208,0.0015453122195896512,1.9892757576166096
0.875,0.00526575,0.0,0.07483094948169883,0.025701424,0.0,0.07590658050808609,0.9690304,0.0,0.07306493829416115,2.3954512e-06,1.0,0.07052248706182736,0.1299457662370725,0.12994576623707263,0.022295168740354015,1.923879532511287,0.015958292098842385,0.01595829209884238,0.0009836178420348195,1.991529045029561
0.8828125,0.0048633963,0.0,0.07462540439650092,0.024834823,0.0,0.07591254107284455,0.9702993,0.0,0.07274108303452739,2.4691183e-06,1.0,0.07018935856517677,0.12809057550533176,0.10522194904576322,0.01735814005497479,1.9329927988347388,0.014404711068162334,0.010722234839319179,0.0006055620817484216,1.9934154824822548
0.890625,0.0044879904,0.0,0.07441394855717526,0.024003394,0.0,0.07588931017140263,0.97150606,0.0,0.07238037405933435,2.5453796e-06,1.0,0.06985008766424257,0.12386272651568248,0.08342324046750761,0.013268886142363554,1.9415440651830207,0.012492891820997405,0.006892118569299262,0.00035903419136030677,1.9949742303067448
0.8984375,0.0041380413,0.0,0.07420603512789778,0.023205524,0.0,0.07580277761051615,0.97265375,0.0,0.07198409940201161,2.6243272e-06,1.0,0.06950612865025559,0.11743031150653972,0.06459201825779458,0.009932473931759393,1.9495281805930367,0.010403168676712269,0.004216271682226037,0.00020392134065964362,1.996243179239935
0.90625,0.0038121252,0.0,0.07406416182784197,0.022439629,0.0,0.07563117130527924,0.97374547,0.0,0.07155258091153718,2.7060532e-06,1.0,0.06915919775597407,0.10904182603425003,0.048683107210568295,0.007256861913173077,1.9569403357322084,0.008305654323182173,0.0024390208285883824,0.0001102280675561495,1.9972587171782785
0.9140625,0.0035088668,0.0,0.0740088021616001,0.021704264,0.0,0.07536100829066922,0.974784,0.0,0.07108860632449739,2.7906553e-06,1.0,0.0688112686650702,0.09901652358141386,0.035571954295743786,0.005153629470541464,1.9637760657954397,0.0063421254754676675,0.0013233740644784926,5.6238374553939695e-05,1.9980555059277356
0.921875,0.0032269529,0.0,0.07399478625185124,0.020998044,0.0,0.07498954564694284,0.9757721,0.0,0.07059522865858942,2.878232e-06,1.0,0.06846458715090017,0.08773232849243963,0.02506531526567941,0.0035386717318525275,1.9700312531945432,0.004614866712812246,0.0006664653636797596,2.679561276976792e-05,1.9986662691744914
0.9296875,0.0029651264,0.0,0.07400028147792767,0.020319631,0.0,0.07450903794717817,0.9767122,0.0,0.07007634338905655,2.968887e-06,1.0,0.06812169060299181,0.07561174732807671,0.01691402117661819,0.0023328556705955357,1.9757021300385282,0.0031828667568919583,0.0003072476827886109,1.1757100122044496e-05,1.9991215928400181
0.9375,0.0027221774,0.0,0.07392944166138046,0.01966774,0.0,0.07391028248345728,0.97760695,0.0,0.06953778729374281,3.0627275e-06,1.0,0.06778550900066549,0.06310628478345412,0.010827326726883014,0.0014626334383706467,1.9807852804032295,0.0020644743013795218,0.00012724756162387825,4.661236866106628e-06,1.9994497389158155
0.9453125,0.002496959,0.0,0.0737039439584693,0.019041242,0.0,0.07319802926030278,0.9784586,0.0,0.06898570038444238,3.159863e-06,1.0,0.06745948096986691,0.050679918818262906,0.0064882932722434734,0.0008606091768643082,1.9852776423889409,0.0012447444760357268,4.610839173213912e-05,1.6259681761103825e-06,1.9996764737989692
0.953125,0.0022883695,0.0,0.07324578593277864,0.01843893,0.0,0.0723834707976151,0.9792694,0.0,0.06842887573439926,3.260409e-06,1.0,0.0671475114184597,0.03879221907548566,0.0035696293711458145,0.0004660558471223147,1.98917650996478,0.0006853303787695232,1.4061410367877052e-05,4.799655349416968e-07,1.9998249120699474
0.9609375,0.0020953645,0.0,0.07249801796032876,0.017859789,0.0,0.07148586949448411,0.9800415,0.0,0.06787827805161425,3.3644826e-06,1.0,0.06685429516469836,0.027881702124352526,0.0017494016338666157,0.0002253789234704531,1.9924795345987092,0.00033486996962240787,3.3980237956126068e-06,1.1286487820967078e-07,1.9999153765692061
0.96875,0.0019169484,0.0,0.07144451343012612,0.017302742,0.0,0.07053595993515792,0.9807768,0.0,0.06734812042570344,3.4722048e-06,1.0,0.0665855850738169,0.018350006323848967,0.000726038733812477,9.252412677554103e-05,1.995184726672196,0.00013827148935980035,5.881368202917591e-07,1.9107519174915944e-08,1.9999652755396948
0.9765625,0.0017521727,0.0,0.07011765277863974,0.016766822,0.0,0.06957646542537559,0.98147744,0.0,0.06685680361953988,3.5837047e-06,1.0,0.06634857046638976,0.01054743860200149,0.00023208125296134613,2.932671513819119e-05,1.9972904566786898,4.394579575152786e-05,6.031659991986775e-08,1.926403425304773e-09,1.9999889975087097
0.984375,0.0016001421,0.0,0.06862132159205053,0.016251128,0.0,0.06867086010559431,0.98214495,0.0,0.06642936754420824,3.699112e-06,1.0,0.06615261118624914,0.004760396270939109,4.6178493156502875e-05,5.8002076074041e-06,1.9987954562051726,8.69951386689269e-06,2.3941606728583448e-09,7.554357657435608e-11,1.999997824485221
0.9921875,0.0014599999,0.0,0.06718803209366687,0.015754767,0.0,0.06791898703330553,0.9827814,0.0,0.06610324942431602,3.8185613e-06,1.0,0.06601093956835502,0.0012011008493579998,2.8987936839121047e-06,3.6278607060529723e-07,1.9996988186962037,5.441963855257552e-07,9.448626942787107e-12,2.959822806676348e-13,1.9999998639483922
1.0,0.0002693022,0.0,0.06635493309618647,0.003091117,0.0,0.06753264009279923,0.19897829,0.0,0.06595108687179163,0.7976613,1.0,0.06594855716361457,2.999519565323713e-32,1.7994235245519523e-63,2.2492794056899407e-64,1.9999999999999996,4.9303806576313194e-32,3.0385816786431342e-64,1.5192908393215678e-64,1.9999999999999996
