dataset,stream,stream_id,n_channels,n_train,n_test,n_anomalous_test,anomaly_rate_test,role,seeds_evaluated,n_seeds,split,status
CalIt2,traffic,CalIt2:traffic,2,940,4032,138,0.034226,case_study,,0,65/17.5/17.5 train/cal/eval + 64-step isolation gap,ok
cicids,0,cicids:0,72,66766,414844,50695,0.122203,case_study,,0,65/17.5/17.5 train/cal/eval + 64-step isolation gap,ok
cicids,2,cicids:2,72,33466,136185,1600,0.011749,case_study,,0,65/17.5/17.5 train/cal/eval + 64-step isolation gap,ok
cicids,3,cicids:3,72,57679,230716,36,0.000156,case_study,,0,65/17.5/17.5 train/cal/eval + 64-step isolation gap,ok
cicids,5,cicids:5,72,38180,152729,1954,0.012794,case_study,,0,65/17.5/17.5 train/cal/eval + 64-step isolation gap,ok
cicids,6,cicids:6,72,56847,228877,158432,0.692215,case_study,,0,65/17.5/17.5 train/cal/eval + 64-step isolation gap,ok
cicids,7,cicids:7,72,25784,180569,108667,0.601803,case_study,,0,65/17.5/17.5 train/cal/eval + 64-step isolation gap,ok
Daphnet,S01R01E1,Daphnet:S01R01E1,9,13796,58880,4223,0.071722,primary_benchmark,7;42;123;456;2024,5,65/17.5/17.5 train/cal/eval + 64-step isolation gap,ok
Daphnet,S02R01E0,Daphnet:S02R01E0,9,5120,20480,3537,0.172705,primary_benchmark,7;42;123;456;2024,5,65/17.5/17.5 train/cal/eval + 64-step isolation gap,ok
Daphnet,S02R02E0,Daphnet:S02R02E0,9,12182,51968,7262,0.13974,primary_benchmark,7;42;123;456;2024,5,65/17.5/17.5 train/cal/eval + 64-step isolation gap,ok
Daphnet,S03R01E0,Daphnet:S03R01E0,9,9281,44032,6426,0.145939,primary_benchmark,7;42;123;456;2024,5,65/17.5/17.5 train/cal/eval + 64-step isolation gap,ok
Daphnet,S03R01E1,Daphnet:S03R01E1,9,4533,28672,5246,0.182966,primary_benchmark,7;42;123;456;2024,5,65/17.5/17.5 train/cal/eval + 64-step isolation gap,ok
Daphnet,S03R02E0,Daphnet:S03R02E0,9,3328,13312,2306,0.173227,primary_benchmark,7;42;123;456;2024,5,65/17.5/17.5 train/cal/eval + 64-step isolation gap,ok
Genesis,default,Genesis:default,18,3244,9332,28,0.003,primary_benchmark,7;42;123;456;2024,5,65/17.5/17.5 train/cal/eval + 64-step isolation gap,ok
GHL,17_Lev_fault_Temp_corr_seed_57_vars_23,GHL:17_Lev_fault_Temp_corr_seed_57_vars_23,16,120000,80001,145,0.001812,primary_benchmark,42;123;456,3,65/17.5/17.5 train/cal/eval + 64-step isolation gap,ok
GHL,18_Lev_fault_Temp_corr_seed_59_vars_23,GHL:18_Lev_fault_Temp_corr_seed_59_vars_23,16,120000,80001,145,0.001812,primary_benchmark,42;123;456,3,65/17.5/17.5 train/cal/eval + 64-step isolation gap,ok
GHL,19_Lev_fault_Temp_corr_seed_62_vars_23,GHL:19_Lev_fault_Temp_corr_seed_62_vars_23,16,120000,80001,144,0.0018,primary_benchmark,42,1,65/17.5/17.5 train/cal/eval + 64-step isolation gap,ok
GHL,20_Lev_fault_Temp_corr_seed_67_vars_23,GHL:20_Lev_fault_Temp_corr_seed_67_vars_23,16,120000,80001,144,0.0018,primary_benchmark,42,1,65/17.5/17.5 train/cal/eval + 64-step isolation gap,ok
GHL,21_Lev_fault_Temp_corr_seed_73_vars_23,GHL:21_Lev_fault_Temp_corr_seed_73_vars_23,16,120000,80001,145,0.001812,primary_benchmark,42,1,65/17.5/17.5 train/cal/eval + 64-step isolation gap,ok
GHL,22_Lev_fault_Temp_corr_seed_777_vars_23,GHL:22_Lev_fault_Temp_corr_seed_777_vars_23,16,120000,80001,145,0.001812,primary_benchmark,42,1,65/17.5/17.5 train/cal/eval + 64-step isolation gap,ok
GHL,24_Lev_fault_Temp_corr_seed_83_vars_23,GHL:24_Lev_fault_Temp_corr_seed_83_vars_23,16,120000,80001,144,0.0018,primary_benchmark,42,1,65/17.5/17.5 train/cal/eval + 64-step isolation gap,ok
GHL,41_Lev_corr_Temp_fault_seed_181_vars_23,GHL:41_Lev_corr_Temp_fault_seed_181_vars_23,16,85137,114001,2588,0.022702,primary_benchmark,42,1,65/17.5/17.5 train/cal/eval + 64-step isolation gap,ok
GHL,43_Lev_corr_Temp_fault_seed_189_vars_23,GHL:43_Lev_corr_Temp_fault_seed_189_vars_23,16,120000,80001,1726,0.021575,primary_benchmark,42,1,65/17.5/17.5 train/cal/eval + 64-step isolation gap,ok
GHL,44_Lev_corr_Temp_fault_seed_190_vars_23,GHL:44_Lev_corr_Temp_fault_seed_190_vars_23,16,120000,80001,3452,0.043149,primary_benchmark,42,1,65/17.5/17.5 train/cal/eval + 64-step isolation gap,ok
GHL,45_Lev_corr_Temp_fault_seed_193_vars_23,GHL:45_Lev_corr_Temp_fault_seed_193_vars_23,16,120000,80001,2290,0.028625,primary_benchmark,42,1,65/17.5/17.5 train/cal/eval + 64-step isolation gap,ok
GHL,46_Lev_corr_Temp_fault_seed_194_vars_23,GHL:46_Lev_corr_Temp_fault_seed_194_vars_23,16,120000,80001,1042,0.013025,primary_benchmark,42,1,65/17.5/17.5 train/cal/eval + 64-step isolation gap,ok
GHL,47_Lev_corr_Temp_fault_seed_197_vars_23,GHL:47_Lev_corr_Temp_fault_seed_197_vars_23,16,120000,80001,862,0.010775,primary_benchmark,42,1,65/17.5/17.5 train/cal/eval + 64-step isolation gap,ok
GHL,48_Lev_corr_Temp_fault_seed_199_vars_23,GHL:48_Lev_corr_Temp_fault_seed_199_vars_23,16,120000,80001,2634,0.032925,primary_benchmark,42,1,65/17.5/17.5 train/cal/eval + 64-step isolation gap,ok
metro,traffic-volume,metro:traffic-volume,5,24072,24102,31,0.001286,primary_benchmark,7;42;123;456;2024,5,65/17.5/17.5 train/cal/eval + 64-step isolation gap,ok
room-occupancy,default,room-occupancy:default,5,1073,6515,1174,0.1802,case_study,,0,65/17.5/17.5 train/cal/eval + 64-step isolation gap,ok
room-occupancy,1,room-occupancy:1,5,1492,7802,1591,0.203922,case_study,,0,65/17.5/17.5 train/cal/eval + 64-step isolation gap,ok
MSL,C-1,MSL:C-1,55,2158,2264,312,0.137809,primary_benchmark,7;42;123;456;2024,5,65/17.5/17.5 train/cal/eval + 64-step isolation gap,ok
MSL,C-2,MSL:C-2,55,764,2051,137,0.066797,case_study,,0,65/17.5/17.5 train/cal/eval + 64-step isolation gap,ok
MSL,D-14,MSL:D-14,55,3675,2625,222,0.084571,primary_benchmark,7;42;123;456;2024,5,65/17.5/17.5 train/cal/eval + 64-step isolation gap,ok
MSL,D-15,MSL:D-15,55,2074,2158,641,0.297034,primary_benchmark,7;42;123;456;2024,5,65/17.5/17.5 train/cal/eval + 64-step isolation gap,ok
MSL,D-16,MSL:D-16,55,1451,2191,651,0.297125,case_study,,0,65/17.5/17.5 train/cal/eval + 64-step isolation gap,ok
MSL,M-1,MSL:M-1,55,2209,2277,1141,0.501098,primary_benchmark,7;42;123;456;2024,5,65/17.5/17.5 train/cal/eval + 64-step isolation gap,ok
SMAP,A-1,SMAP:A-1,25,2880,8640,85,0.009838,primary_benchmark,7;42;123;456;2024,5,65/17.5/17.5 train/cal/eval + 64-step isolation gap,ok
SMAP,A-2,SMAP:A-2,25,2648,7914,111,0.014026,primary_benchmark,7;42;123;456;2024,5,65/17.5/17.5 train/cal/eval + 64-step isolation gap,ok
SMAP,A-7,SMAP:A-7,25,2879,8631,2401,0.278183,primary_benchmark,7;42;123;456;2024,5,65/17.5/17.5 train/cal/eval + 64-step isolation gap,ok
SMAP,D-3,SMAP:D-3,25,2880,8640,3276,0.379167,primary_benchmark,7;42;123;456;2024,5,65/17.5/17.5 train/cal/eval + 64-step isolation gap,ok
SMAP,P-3,SMAP:P-3,25,2855,8493,1336,0.157306,primary_benchmark,7;42;123;456;2024,5,65/17.5/17.5 train/cal/eval + 64-step isolation gap,ok
SMAP,E-1,SMAP:E-1,25,2880,8516,508,0.059652,primary_benchmark,7;42;123;456;2024,5,65/17.5/17.5 train/cal/eval + 64-step isolation gap,ok
swan,sf,swan:sf,38,19672,72000,20100,0.279167,primary_benchmark,7;42;123;456;2024,5,65/17.5/17.5 train/cal/eval + 64-step isolation gap,ok
GECCO,water_quality,GECCO:water_quality,9,27560,83113,1279,0.015389,case_study,,0,65/17.5/17.5 train/cal/eval + 64-step isolation gap,ok
