window_index,window_score,successor_score,successor_median_score,successor_dispersion,manifold_uncertainty_score,manifold_z,uncertainty_confidence,local_score,successor_z,local_z,context_distance,context_ratio,context_ood
0,3.2278197,2.1416605,2.1760929,0.41352978,0.0,0.0,1.0,102.4282,2.8005984,0.0031055666,0.551207,1.435847,1.0
1,3.117227,2.1495893,2.1751535,0.057469,0.0,0.0,1.0,102.4282,2.812169,0.0031055666,0.5028713,1.3099366,1.0
2,3.4770508,2.1716866,2.176176,0.037535522,0.0,0.0,1.0,102.4282,2.8444166,0.0031055666,0.6278381,1.6354644,1.0
3,3.5759437,2.1363492,2.1529686,0.5609413,0.0,0.0,1.0,102.4282,2.7928474,0.0031055666,0.6914332,1.8011243,1.0
4,3.089511,2.1355681,2.1694527,0.44759965,0.0,0.0,1.0,102.4282,2.7917078,0.0031055666,0.500893,1.3047835,1.0
5,3.577427,2.127149,2.1967986,0.48571038,0.0,0.0,1.0,102.4282,2.7794216,0.0031055666,0.69880223,1.82032,1.0
6,3.6744328,2.1041298,2.1102297,0.48013017,0.0,0.0,1.0,102.4282,2.7458286,0.0031055666,0.75482297,1.9662492,1.0
7,3.5699515,2.1146338,2.122862,0.4809976,0.0,0.0,1.0,102.4282,2.7611575,0.0031055666,0.7051709,1.83691,1.0
8,3.7792382,2.1068032,2.1306157,0.45019215,0.0,0.0,1.0,102.4282,2.7497299,0.0031055666,0.7945459,2.069724,1.0
9,3.3210387,2.10409,2.1957047,0.4847784,0.0,0.0,1.0,102.4282,2.7457705,0.0031055666,0.61368686,1.5986018,1.0
10,3.2678185,2.098197,2.241118,0.5373561,0.0,0.0,1.0,102.4282,2.7371707,0.0031055666,0.59652877,1.5539064,1.0
11,3.5287447,2.094305,2.2346292,0.47209913,0.0,0.0,1.0,102.4282,2.731491,0.0031055666,0.7040263,1.8339282,1.0
12,3.4147143,2.0870123,2.1413527,0.5936583,0.0,0.0,1.0,102.4282,2.7208486,0.0031055666,0.6636008,1.7286233,1.0
13,3.7143102,2.0984807,2.2277107,0.5408607,0.0,0.0,1.0,102.4282,2.7375848,0.0031055666,0.77522,2.0193818,1.0
14,3.589206,2.0870352,2.093371,0.44569877,0.0,0.0,1.0,102.4282,2.720882,0.0031055666,0.7339241,1.9118094,1.0
15,3.811956,2.0803075,2.0849435,0.27540913,0.0,0.0,1.0,102.4282,2.7110639,0.0031055666,0.82928294,2.160211,1.0
16,3.412754,2.0905814,2.120361,0.56484264,0.0,0.0,1.0,102.4282,2.726057,0.0031055666,0.6601819,1.7197174,1.0
17,3.5269132,2.1010325,2.1183898,0.41517505,0.0,0.0,1.0,102.4282,2.7413087,0.0031055666,0.69821876,1.8188002,1.0
18,3.4574053,2.1049473,2.1359768,0.48284712,0.0,0.0,1.0,102.4282,2.7470217,0.0031055666,0.66753095,1.7388611,1.0
19,3.4742181,2.1153865,2.1722333,0.4847784,0.0,0.0,1.0,102.4282,2.762256,0.0031055666,0.6665936,1.7364193,1.0
20,3.7614045,2.1177673,2.1862023,0.54021627,0.0,0.0,1.0,102.4282,2.7657304,0.0031055666,0.77875227,2.028583,1.0
21,3.2824206,2.1210637,2.1624284,0.24769932,0.0,0.0,1.0,102.4282,2.770541,0.0031055666,0.58653754,1.5278801,1.0
22,3.4488857,2.147308,2.1816077,0.12982248,0.0,0.0,1.0,102.4282,2.8088403,0.0031055666,0.6338219,1.6510519,1.0
23,3.1505518,2.1640627,2.1711,0.5417408,0.0,0.0,1.0,102.4282,2.8332908,0.0031055666,0.50670826,1.3199317,1.0
24,3.361594,2.1647606,2.1883602,0.5154053,0.0,0.0,1.0,102.4282,2.834309,0.0031055666,0.5879398,1.5315329,1.0
25,3.5123265,2.1803622,2.202864,0.54445505,0.0,0.0,1.0,0.67449075,2.8570771,2.0450188e-05,0.63543916,1.6552646,1.0
26,3.5069444,2.2022917,2.235388,0.25082788,0.0,0.0,1.0,102.4282,2.8890796,0.0031055666,0.6184598,1.611035,1.0
27,3.5821629,2.1943493,2.202412,0.44393793,0.0,0.0,1.0,102.4282,2.8774889,0.0031055666,0.65249413,1.6996914,1.0
28,3.8390973,2.2128546,2.229528,0.41462302,0.0,0.0,1.0,102.4282,2.9044943,0.0031055666,0.73682505,1.9193662,1.0
29,3.1766963,2.2037625,2.2066183,0.52556384,0.0,0.0,1.0,102.4282,2.891226,0.0031055666,0.49218702,1.2821051,1.0
30,4.0366545,2.2544842,2.2876415,0.49376965,0.0,0.0,1.0,102.4282,2.9652457,0.0031055666,0.78019786,2.0323486,1.0
31,3.135604,2.2215383,2.2280152,0.51460564,0.0,0.0,1.0,102.4282,2.9171667,0.0031055666,0.4660201,1.2139425,1.0
32,3.5894914,2.235926,2.199024,0.4899058,0.0,0.0,1.0,102.4282,2.938163,0.0031055666,0.6270332,1.6333678,1.0
33,3.7056012,2.2214823,2.2308097,0.50959647,0.0,0.0,1.0,102.4282,2.917085,0.0031055666,0.680373,1.7723135,1.0
34,3.942928,2.2300797,2.222041,0.5609412,0.0,0.0,1.0,102.4282,2.9296315,0.0031055666,0.76325893,1.9882243,1.0
35,3.4106486,2.2281132,2.20228,0.5608018,0.0,0.0,1.0,102.4282,2.9267616,0.0031055666,0.5652303,1.4723766,1.0
36,3.676589,2.2241187,2.2360597,0.41130605,0.0,0.0,1.0,102.4282,2.9209323,0.0031055666,0.6676434,1.739154,1.0
37,3.595877,2.2402387,2.2922833,0.4561458,0.0,0.0,1.0,102.4282,2.9444568,0.0031055666,0.62654775,1.6321033,1.0
38,3.8305385,2.233113,2.2625275,0.43628255,0.0,0.0,1.0,102.4282,2.9340582,0.0031055666,0.7190177,1.8729795,1.0
39,3.7844357,2.2299974,2.2894638,0.46914047,0.0,0.0,1.0,102.4282,2.9295113,0.0031055666,0.70397896,1.833805,1.0
40,3.8595183,2.2394228,2.2997434,0.46914047,0.0,0.0,1.0,102.4282,2.9432662,0.0031055666,0.7253373,1.8894417,1.0
41,3.6935844,2.2331793,2.3061225,0.46914047,0.0,0.0,1.0,102.4282,2.934155,0.0031055666,0.66777503,1.7394968,1.0
42,3.804998,2.2313006,2.3134623,0.4674097,0.0,0.0,1.0,102.4282,2.9314132,0.0031055666,0.7107534,1.8514518,1.0
43,3.784181,2.2117965,2.2327588,0.48284712,0.0,0.0,1.0,102.4282,2.9029503,0.0031055666,0.71684706,1.8673253,1.0
44,3.6600094,2.2069285,2.2235403,0.48322245,0.0,0.0,1.0,102.4282,2.8958461,0.0031055666,0.67332345,1.75395,1.0
45,3.413313,2.1876795,2.2067776,0.39227733,0.0,0.0,1.0,102.4282,2.8677554,0.0031055666,0.5925486,1.5435385,1.0
46,3.6736917,2.183598,2.2752092,0.63972557,0.0,0.0,1.0,102.4282,2.8617992,0.0031055666,0.69505984,1.8105714,1.0
47,3.6352882,2.1989248,2.1721592,0.4572306,0.0,0.0,1.0,102.4282,2.884166,0.0031055666,0.6695362,1.7440845,1.0
48,3.5877569,2.174393,2.2236369,0.6530675,0.0,0.0,1.0,102.4282,2.848366,0.0031055666,0.66860896,1.7416692,1.0
49,3.5357196,2.171237,2.155186,0.47319946,0.0,0.0,1.0,102.4282,2.8437605,0.0031055666,0.6507758,1.6952152,1.0
50,3.4649692,2.1328883,2.1299188,0.46806625,0.0,0.0,1.0,102.4282,2.787797,0.0031055666,0.65031564,1.6940166,1.0
51,3.4079707,2.1076524,2.109905,0.26516762,0.0,0.0,1.0,102.4282,2.7509694,0.0031055666,0.64584005,1.682358,1.0
52,3.4854934,2.1166127,2.1162107,0.2902836,0.0,0.0,1.0,102.4282,2.7640452,0.0031055666,0.67017466,1.7457477,1.0
53,3.2360225,2.0986545,2.096821,0.29841924,0.0,0.0,1.0,102.4282,2.7378383,0.0031055666,0.5834715,1.5198933,1.0
54,3.2232547,2.0736775,2.074194,0.5216919,0.0,0.0,1.0,102.4282,2.7013886,0.0031055666,0.5957798,1.5519553,1.0
55,3.422686,2.0507035,2.06687,0.63614416,0.0,0.0,1.0,102.4282,2.667862,0.0031055666,0.6942178,1.808378,1.0
56,3.0886881,2.0049584,2.043864,0.065209225,0.0,0.0,1.0,0.0,2.6011045,0.0,0.5894929,1.5355786,1.0
57,3.0023553,1.9858611,1.9994851,0.41485456,0.0,0.0,1.0,0.0,2.5732353,0.0,0.5667999,1.4764652,1.0
58,3.156149,2.0061967,2.014005,0.33849272,0.0,0.0,1.0,0.0,2.6029117,0.0,0.6170156,1.6072729,1.0
59,3.0443523,1.959663,1.9900159,0.4141703,0.0,0.0,1.0,0.0,2.5350034,0.0,0.60427135,1.5740752,1.0
60,3.1241372,1.9499121,1.9802495,0.32061565,0.0,0.0,1.0,0.0,2.5207736,0.0,0.6464226,1.6838757,1.0
61,2.8882437,1.9288425,1.923053,0.5402826,0.0,0.0,1.0,0.0,2.4900262,0.0,0.55929995,1.4569285,1.0
62,3.0425057,1.9560798,2.1593864,0.5213555,0.0,0.0,1.0,102.4282,2.5297744,0.0031055666,0.6061935,1.5790821,1.0
63,3.127568,1.9533644,2.1459582,0.45614573,0.0,0.0,1.0,102.4282,2.5258117,0.0031055666,0.6452011,1.6806936,1.0
64,3.0100982,1.9475975,1.9517285,0.54880255,0.0,0.0,1.0,102.4282,2.517396,0.0031055666,0.5985598,1.5591971,1.0
65,2.9952796,1.9453248,1.9853755,0.07646707,0.0,0.0,1.0,102.4282,2.5140793,0.0031055666,0.593825,1.5468633,1.0
66,2.883541,1.9481747,1.9398961,0.46384692,0.0,0.0,1.0,102.4282,2.5182383,0.0031055666,0.54299873,1.4144652,1.0
67,2.7310495,1.952885,1.9520735,0.40727004,0.0,0.0,1.0,102.4282,2.5251122,0.0031055666,0.47334233,1.2330163,1.0
68,2.8563545,1.9578413,1.9586287,0.40677005,0.0,0.0,1.0,102.4282,2.532345,0.0031055666,0.5242271,1.3655667,1.0
69,3.0905259,1.9799482,1.9820893,0.36259323,0.0,0.0,1.0,102.4282,2.5646062,0.0031055666,0.6088144,1.5859095,1.0
70,3.2494483,1.979847,1.9911411,0.44393793,0.0,0.0,1.0,102.4282,2.5644586,0.0031055666,0.6768623,1.7631683,1.0
71,3.5050857,1.9906174,2.0065339,0.4124274,0.0,0.0,1.0,102.4282,2.5801764,0.0031055666,0.7770669,2.0241928,1.0
72,3.3187683,2.007486,2.001998,0.4728203,0.0,0.0,1.0,102.4282,2.6047933,0.0031055666,0.6845308,1.7831441,1.0
73,3.0613678,2.008971,2.025191,0.40797192,0.0,0.0,1.0,102.4282,2.6069603,0.0031055666,0.57507277,1.4980154,1.0
74,3.264644,2.005666,2.0701523,0.5584314,0.0,0.0,1.0,102.4282,2.602137,0.0031055666,0.66314334,1.7274317,1.0
75,2.882071,2.004651,2.0174189,0.5146455,0.0,0.0,1.0,102.4282,2.600656,0.0031055666,0.50257665,1.3091692,1.0
76,2.9648902,2.0049632,2.003621,0.5608018,0.0,0.0,1.0,102.4282,2.6011114,0.0031055666,0.5372869,1.3995863,1.0
77,3.066679,2.0043268,2.02104,0.48048127,0.0,0.0,1.0,102.4282,2.6001828,0.0031055666,0.5806706,1.5125972,1.0
78,2.8896964,1.9613348,1.9658502,0.31132388,0.0,0.0,1.0,102.4282,2.5374432,0.0031055666,0.53615373,1.3966346,1.0
79,2.8977783,1.9978917,2.0177622,0.312155,0.0,0.0,1.0,102.4282,2.590792,0.0031055666,0.5138543,1.3385465,1.0
80,2.8438315,1.9512936,1.9580036,0.13290635,0.0,0.0,1.0,102.4282,2.5227897,0.0031055666,0.5234684,1.3635904,1.0
81,2.7750697,1.9642711,1.9945443,0.58498865,0.0,0.0,1.0,102.4282,2.5417283,0.0031055666,0.48458323,1.2622979,1.0
82,3.0233402,1.9363606,1.9842336,0.13110508,0.0,0.0,1.0,102.4282,2.5009975,0.0031055666,0.6129664,1.5967251,1.0
83,2.7339175,1.9570392,1.9578323,0.050890513,0.0,0.0,1.0,102.4282,2.5311744,0.0031055666,0.47174385,1.2288524,1.0
84,3.1176274,1.9471468,1.9602135,0.30842736,0.0,0.0,1.0,102.4282,2.5167382,0.0031055666,0.64576524,1.6821632,1.0
85,3.0024507,1.8888042,1.9255753,0.32603562,0.0,0.0,1.0,102.4282,2.431597,0.0031055666,0.6413865,1.6707569,1.0
86,3.2239912,1.8823202,1.9147159,0.42398632,0.0,0.0,1.0,102.4282,2.4221346,0.0031055666,0.7469986,1.9458674,1.0
87,2.825268,1.8770517,2.04729,0.54021627,0.0,0.0,1.0,102.4282,2.414446,0.0031055666,0.5705168,1.4861475,1.0
88,3.3934593,2.066745,2.0785139,0.45754117,0.0,0.0,1.0,0.0,2.6912718,0.0,0.67006624,1.7454653,1.0
89,2.6451764,1.8381903,1.8500468,0.445265,0.0,0.0,1.0,0.0,2.3577344,0.0,0.51760894,1.348327,1.0
90,2.8378572,1.8293233,2.0051508,0.54021627,0.0,0.0,1.0,0.0,2.3447945,0.0,0.61453044,1.6007992,1.0
91,2.6119852,1.8252629,1.8530302,0.16234417,0.0,0.0,1.0,0.0,2.338869,0.0,0.5119694,1.3336364,1.0
92,2.389777,1.8450311,1.8961905,0.56306267,0.0,0.0,1.0,0.0,2.3677175,0.0,0.39410868,1.0266194,1.0
93,3.0538409,1.8452007,2.0395017,0.4331232,0.0,0.0,1.0,0.0,2.3679647,0.0,0.70158374,1.8275657,1.0
94,2.8339703,1.8305804,2.0381508,0.45614573,0.0,0.0,1.0,0.0,2.346629,0.0,0.611676,1.5933636,1.0
95,2.84874,1.8361897,1.8529305,0.43938962,0.0,0.0,1.0,0.0,2.354815,0.0,0.61395067,1.599289,1.0
96,2.8219988,1.8439169,1.8895471,0.41091815,0.0,0.0,1.0,0.0,2.3660913,0.0,0.5952307,1.5505251,1.0
97,3.4309936,1.8516124,1.8540806,0.5483678,0.0,0.0,1.0,0.0,2.3773217,0.0,0.87002367,2.2663372,1.0
98,3.3561163,1.8662934,1.8555576,0.55058324,0.0,0.0,1.0,0.0,2.3987463,0.0,0.82164776,2.1403222,1.0
99,2.8809135,1.9327819,1.9349331,0.44789663,0.0,0.0,1.0,102.4282,2.495775,0.0031055666,0.55314803,1.4409033,1.0
100,2.8860762,1.9551487,1.9586372,0.41157383,0.0,0.0,1.0,102.4282,2.5284157,0.0031055666,0.53904307,1.4041611,1.0
101,2.8332508,1.9773531,1.9821674,0.40505305,0.0,0.0,1.0,102.4282,2.5608191,0.0031055666,0.50057524,1.3039557,1.0
102,3.0711613,2.0364432,2.0474312,0.07237736,0.0,0.0,1.0,102.4282,2.6470513,0.0031055666,0.5596233,1.4577708,1.0
103,2.9708748,2.0528374,2.0506005,0.1315659,0.0,0.0,1.0,102.4282,2.670976,0.0031055666,0.5070422,1.3208016,1.0
104,3.2804096,2.0571506,2.0631485,0.13115343,0.0,0.0,1.0,102.4282,2.6772704,0.0031055666,0.6309846,1.6436609,1.0
105,3.5724742,2.0728261,2.1022856,0.35781097,0.0,0.0,1.0,102.4282,2.7001462,0.0031055666,0.73823863,1.9230485,1.0
106,3.1998765,2.0463927,2.0827696,0.24808064,0.0,0.0,1.0,102.4282,2.661571,0.0031055666,0.60572433,1.5778601,1.0
107,2.777533,1.9705944,2.057722,0.45774797,0.0,0.0,1.0,102.4282,2.550956,0.0031055666,0.48131055,1.2537729,1.0
108,3.2492826,2.0725667,2.1071763,0.28035718,0.0,0.0,1.0,102.4282,2.6997676,0.0031055666,0.6071399,1.5815475,1.0
109,3.291445,2.0884655,2.1165175,0.32307076,0.0,0.0,1.0,102.4282,2.722969,0.0031055666,0.61287516,1.5964874,1.0
110,3.6348503,2.1294837,2.1420038,0.5432815,0.0,0.0,1.0,102.4282,2.7828283,0.0031055666,0.7197069,1.8747749,1.0
111,3.615692,2.13303,2.1595259,0.4246319,0.0,0.0,1.0,102.4282,2.7880034,0.0031055666,0.7095106,1.8482145,1.0
112,3.4703004,2.13531,2.1393378,0.5322107,0.0,0.0,1.0,102.4282,2.7913308,0.0031055666,0.6506846,1.6949778,1.0
113,3.8096623,2.1459284,2.1713283,0.2970029,0.0,0.0,1.0,102.4282,2.8068266,0.0031055666,0.7757694,2.020813,1.0
114,3.8871763,2.1502867,2.175016,0.29847595,0.0,0.0,1.0,102.4282,2.813187,0.0031055666,0.8026254,2.0907705,1.0
115,3.2405715,2.12852,2.0864332,0.5458647,0.0,0.0,1.0,102.4282,2.7814221,0.0031055666,0.564951,1.471649,1.0
116,3.0028112,2.0877004,2.1047554,0.4137825,0.0,0.0,1.0,102.4282,2.7218525,0.0031055666,0.49710804,1.2949239,1.0
117,3.3566217,2.1160035,2.120139,0.07406695,0.0,0.0,1.0,102.4282,2.7631564,0.0031055666,0.6194644,1.6136518,1.0
118,3.0723858,2.0718791,2.1092486,0.11340226,0.0,0.0,1.0,102.4282,2.698764,0.0031055666,0.5357366,1.3955481,1.0
119,3.013516,2.065747,2.0409625,0.4918037,0.0,0.0,1.0,102.4282,2.6898153,0.0031055666,0.5158854,1.3438374,1.0
120,3.4903905,2.0570292,2.0844374,0.4558578,0.0,0.0,1.0,102.4282,2.6770933,0.0031055666,0.7171047,1.8679963,1.0
121,3.0110798,2.0475101,2.0776658,0.41091815,0.0,0.0,1.0,102.4282,2.6632018,0.0031055666,0.5271618,1.3732114,1.0
122,3.352637,2.0352664,2.064235,0.25482345,0.0,0.0,1.0,102.4282,2.645334,0.0031055666,0.677157,1.763936,1.0
123,2.7882326,2.0166297,2.0375583,0.41471156,0.0,0.0,1.0,102.4282,2.618137,0.0031055666,0.4551488,1.1856236,1.0
124,2.9637372,2.0055645,2.1095266,0.5423906,0.0,0.0,1.0,102.4282,2.601989,0.0031055666,0.53637916,1.3972218,1.0
125,2.8200006,1.9969716,1.9912407,0.4118772,0.0,0.0,1.0,102.4282,2.5894492,0.0031055666,0.4815457,1.2543854,1.0
126,3.3354547,1.9394275,1.9359287,0.5593271,0.0,0.0,1.0,0.0,2.5054731,0.0,0.747233,1.946478,1.0
127,3.042147,1.9272336,1.9533376,0.4605483,0.0,0.0,1.0,0.0,2.487678,0.0,0.6283574,1.6368173,1.0
128,2.8127227,1.9541909,1.9657749,0.08376834,0.0,0.0,1.0,0.0,2.5270178,0.0,0.5078973,1.323029,1.0
129,3.2903607,1.9029102,1.9060953,0.4986213,0.0,0.0,1.0,0.0,2.4521823,0.0,0.7587956,1.9765977,1.0
130,3.1652682,1.8904933,1.8795539,0.47980997,0.0,0.0,1.0,0.0,2.4340618,0.0,0.71338326,1.8583024,1.0
131,3.0578725,1.8831989,1.88576,0.47638488,0.0,0.0,1.0,0.0,2.4234169,0.0,0.6710416,1.748006,1.0
132,2.7561965,1.8803748,1.9162825,0.4143045,0.0,0.0,1.0,0.0,2.4192955,0.0,0.5366293,1.3978735,1.0
133,3.1919284,1.8772758,1.9765582,0.46914348,0.0,0.0,1.0,0.0,2.4147732,0.0,0.7368859,1.9195248,1.0
134,3.4151294,1.8738856,1.8568622,0.48115984,0.0,0.0,1.0,0.0,2.4098258,0.0,0.8414519,2.1919103,1.0
135,3.1216495,1.8709836,1.9188538,0.2963212,0.0,0.0,1.0,0.0,2.4055908,0.0,0.7103764,1.8504697,1.0
136,3.8053906,1.8873749,1.9005777,0.4745981,0.0,0.0,1.0,0.0,2.429511,0.0,1.0050447,2.6180556,1.0
137,3.008257,1.8942568,1.9078428,0.48153877,0.0,0.0,1.0,0.0,2.4395542,0.0,0.63957953,1.66605,1.0
138,3.2056766,1.9056535,1.9445388,0.4615009,0.0,0.0,1.0,0.0,2.4561856,0.0,0.7185805,1.8718407,1.0
139,2.9537663,1.9169844,1.8908379,0.5655855,0.0,0.0,1.0,0.0,2.4727213,0.0,0.5972675,1.5558307,1.0
140,2.8778074,1.9180428,1.9323862,0.40981737,0.0,0.0,1.0,0.0,2.4742658,0.0,0.5627774,1.465987,1.0
141,3.0476003,1.9252269,1.9716755,0.2970858,0.0,0.0,1.0,0.0,2.4847498,0.0,0.6323454,1.6472056,1.0
142,3.2800462,1.9283808,1.9664135,0.42134202,0.0,0.0,1.0,0.0,2.4893525,0.0,0.7322755,1.907515,1.0
143,3.1323915,1.9314283,1.9694021,0.42134202,0.0,0.0,1.0,0.0,2.4937997,0.0,0.6647565,1.7316338,1.0
144,3.2384357,1.9534255,1.9905143,0.45614573,0.0,0.0,1.0,0.0,2.5259008,0.0,0.6932955,1.8059754,1.0
145,3.2115564,1.9575421,1.987431,0.4479031,0.0,0.0,1.0,0.0,2.5319083,0.0,0.67831486,1.7669522,1.0
146,3.0361485,1.954722,1.971342,0.15531,0.0,0.0,1.0,0.0,2.527793,0.0,0.60446906,1.5745902,1.0
147,3.3864179,1.9311486,1.9192395,0.47210923,0.0,0.0,1.0,0.0,2.4933915,0.0,0.7767267,2.0233066,1.0
148,3.1211932,1.9325972,1.9182864,0.54814625,0.0,0.0,1.0,0.0,2.4955053,0.0,0.6588929,1.7163597,1.0
149,3.073843,1.9681206,1.974324,0.54240644,0.0,0.0,1.0,0.0,2.5473459,0.0,0.6105872,1.5905274,1.0
150,3.4357953,1.9497159,1.992814,0.3424034,0.0,0.0,1.0,0.0,2.5204873,0.0,0.78219986,2.0375638,1.0
151,3.1392,1.9712118,1.9238051,0.54951286,0.0,0.0,1.0,0.0,2.551857,0.0,0.63633895,1.6576085,1.0
152,2.9472394,1.9444937,1.9858533,0.202582,0.0,0.0,1.0,0.0,2.5128663,0.0,0.5734871,1.4938848,1.0
153,3.0406625,1.9335005,1.908553,0.5818058,0.0,0.0,1.0,0.0,2.4968238,0.0,0.6227923,1.6223207,1.0
154,3.3817146,1.9309834,1.8657695,0.5650391,0.0,0.0,1.0,0.0,2.4931505,0.0,0.77480155,2.0182917,1.0
155,2.646793,1.929118,1.867378,0.49443433,0.0,0.0,1.0,0.0,2.4904282,0.0,0.45275545,1.1793892,1.0
156,2.699086,1.9327911,1.9311574,0.39618215,0.0,0.0,1.0,0.0,2.4957883,0.0,0.47323334,1.2327324,1.0
157,2.927699,1.9333458,1.9336723,0.2732831,0.0,0.0,1.0,0.0,2.496598,0.0,0.5732849,1.4933581,1.0
158,2.6810737,1.930547,1.9229687,0.46507397,0.0,0.0,1.0,0.0,2.4925134,0.0,0.4668655,1.2161447,1.0
159,3.0154436,1.9377133,1.8911291,0.49071255,0.0,0.0,1.0,0.0,2.5029714,0.0,0.6084604,1.5849874,1.0
160,3.0500028,1.9336466,1.9401904,0.39507186,0.0,0.0,1.0,0.0,2.497037,0.0,0.6267809,1.6327107,1.0
161,2.8327417,1.9342526,1.9412616,0.13036543,0.0,0.0,1.0,0.0,2.4979212,0.0,0.5309082,1.3829706,1.0
162,2.9749582,1.9711531,1.9898537,0.05339788,0.0,0.0,1.0,0.0,2.5517714,0.0,0.5657882,1.4738299,1.0
163,3.2304564,1.9471924,1.9593791,0.5280877,0.0,0.0,1.0,0.0,2.5168047,0.0,0.69490045,1.8101562,1.0
164,3.4448771,2.0339415,2.0431085,0.4093313,0.0,0.0,1.0,102.4282,2.6434004,0.0031055666,0.71644706,1.8662833,1.0
165,3.2460716,2.0998118,2.0620253,0.4392394,0.0,0.0,1.0,102.4282,2.7395272,0.0031055666,0.58669555,1.5282917,1.0
166,3.1626844,2.1184232,2.1188805,0.12799148,0.0,0.0,1.0,102.4282,2.7666874,0.0031055666,0.54087925,1.4089441,1.0
167,3.051239,2.096931,2.1237426,0.17160046,0.0,0.0,1.0,102.4282,2.7353232,0.0031055666,0.51056767,1.3299851,1.0
168,3.6212478,2.109132,2.1474328,0.3136092,0.0,0.0,1.0,102.4282,2.7531285,0.0031055666,0.72974265,1.9009172,1.0
169,3.6855974,2.1187966,2.158833,0.4478928,0.0,0.0,1.0,102.4282,2.7672324,0.0031055666,0.7478954,1.9482036,1.0
170,3.758613,2.1351318,2.1198313,0.55031854,0.0,0.0,1.0,102.4282,2.791071,0.0031055666,0.76411194,1.9904462,1.0
171,3.4985485,2.1532784,2.1513233,0.46863267,0.0,0.0,1.0,102.4282,2.8175528,0.0031055666,0.64899033,1.6905643,1.0
172,3.0853746,1.9662784,2.1141415,0.5565202,0.0,0.0,1.0,102.4282,2.5446577,0.0031055666,0.61695594,1.6071174,1.0
173,3.2950256,2.1472454,2.1137903,0.58357906,0.0,0.0,1.0,102.4282,2.8087487,0.0031055666,0.5737828,1.4946551,1.0
174,3.404763,2.2028263,2.209469,0.32827857,0.0,0.0,1.0,102.4282,2.8898597,0.0031055666,0.5793181,1.5090741,1.0
175,3.2353384,2.174091,2.2043076,0.058072876,0.0,0.0,1.0,102.4282,2.8479254,0.0031055666,0.53309506,1.388667,1.0
176,3.1306424,2.1913707,2.1928132,0.14362875,0.0,0.0,1.0,102.4282,2.8731422,0.0031055666,0.482191,1.2560663,1.0
177,3.4890575,2.1797462,2.1846008,0.29948258,0.0,0.0,1.0,102.4282,2.856178,0.0031055666,0.62692773,1.6330931,1.0
178,3.587767,2.1505914,2.1715963,0.41471156,0.0,0.0,1.0,102.4282,2.8136315,0.0031055666,0.6856682,1.786107,1.0
179,3.2985733,2.146728,2.1542785,0.4410718,0.0,0.0,1.0,102.4282,2.8079937,0.0031055666,0.5755146,1.4991664,1.0
180,2.8955302,2.0989032,2.1134944,0.094733,0.0,0.0,1.0,0.0,2.7382011,0.0,0.44691026,1.164163,1.0
181,3.1092281,2.055601,2.0897386,0.26933637,0.0,0.0,1.0,0.0,2.6750088,0.0,0.5619318,1.4637842,1.0
182,3.6838167,2.0412865,2.0792618,0.41091815,0.0,0.0,1.0,0.0,2.6541193,0.0,0.80941725,2.1084628,1.0
183,3.6332424,2.0909824,2.1258056,0.44805837,0.0,0.0,1.0,102.4282,2.7266424,0.0031055666,0.74858165,1.9499911,1.0
184,3.9680357,2.087236,2.125551,0.41091815,0.0,0.0,1.0,102.4282,2.721175,0.0031055666,0.8864637,2.3091621,1.0
185,3.6140969,2.085364,2.0972698,0.47585,0.0,0.0,1.0,102.4282,2.7184432,0.0031055666,0.7452649,1.9413513,1.0
186,3.5346162,2.0834267,2.0973408,0.47261247,0.0,0.0,1.0,102.4282,2.715616,0.0031055666,0.7146812,1.8616834,1.0
187,3.580184,2.0777094,2.115637,0.44805837,0.0,0.0,1.0,102.4282,2.7072725,0.0031055666,0.7375423,1.9212345,1.0
188,3.295809,2.069591,2.1095884,0.41091815,0.0,0.0,1.0,102.4282,2.695425,0.0031055666,0.6281992,1.6364052,1.0
189,3.602037,2.063953,2.0980237,0.3159718,0.0,0.0,1.0,102.4282,2.6871972,0.0031055666,0.7572981,1.9726968,1.0
190,3.3164065,2.0993338,2.096556,0.2790659,0.0,0.0,1.0,102.4282,2.7388296,0.0031055666,0.61519384,1.6025274,1.0
191,3.4877033,2.0804875,2.1091504,0.09994235,0.0,0.0,1.0,102.4282,2.7113266,0.0031055666,0.69796175,1.8181306,1.0
192,3.1396182,2.0862427,2.0973992,0.5158545,0.0,0.0,1.0,102.4282,2.7197254,0.0031055666,0.55322677,1.4411085,1.0
193,3.591413,2.0880735,2.0995696,0.48288822,0.0,0.0,1.0,102.4282,2.722397,0.0031055666,0.7340081,1.9120282,1.0
194,3.6030042,2.0871634,2.0919673,0.41305846,0.0,0.0,1.0,102.4282,2.721069,0.0031055666,0.7393865,1.9260386,1.0
195,3.668025,2.1145504,2.089252,0.47311825,0.0,0.0,1.0,102.4282,2.7610357,0.0031055666,0.74419343,1.9385602,1.0
196,3.668848,2.090089,2.04599,0.5556791,0.0,0.0,1.0,102.4282,2.7253385,0.0031055666,0.7636105,1.98914,1.0
197,3.2971494,2.0887728,2.0401633,0.4869802,0.0,0.0,1.0,102.4282,2.7234175,0.0031055666,0.61495435,1.6019034,1.0
198,2.9915128,2.0882256,2.0488245,0.56000155,0.0,0.0,1.0,102.4282,2.722619,0.0031055666,0.49221557,1.2821795,1.0
199,2.7976806,2.0281603,2.017309,0.5404247,0.0,0.0,1.0,0.0,2.634964,0.0,0.45162213,1.176437,1.0
200,3.125933,2.0212739,2.0569878,0.32999504,0.0,0.0,1.0,0.0,2.6249142,0.0,0.5932419,1.5453444,1.0
201,3.0944457,2.0132284,2.043114,0.32088295,0.0,0.0,1.0,0.0,2.6131732,0.0,0.5858944,1.5262048,1.0
202,3.550153,2.0504682,2.0039642,0.42317253,0.0,0.0,1.0,0.0,2.6675186,0.0,0.7468106,1.9453778,1.0
203,3.0821574,2.0544355,2.0585716,0.5418531,0.0,0.0,1.0,102.4282,2.6733081,0.0031055666,0.5516359,1.4369644,1.0
204,2.828322,2.0527623,2.09348,0.31787097,0.0,0.0,1.0,102.4282,2.6708663,0.0031055666,0.4485511,1.1684372,1.0
205,2.9070475,2.0521617,1.992936,0.57946265,0.0,0.0,1.0,102.4282,2.6699898,0.0031055666,0.48127273,1.2536743,1.0
206,2.9462776,2.0759823,2.1172872,0.31824064,0.0,0.0,1.0,102.4282,2.7047522,0.0031055666,0.4818328,1.2551333,1.0
207,3.3316128,2.074499,2.0824897,0.4407003,0.0,0.0,1.0,102.4282,2.7025874,0.0031055666,0.6391757,1.664998,1.0
208,3.086531,2.0595212,2.0907373,0.44706196,0.0,0.0,1.0,102.4282,2.6807299,0.0031055666,0.5499244,1.432506,1.0
209,2.9361877,2.055185,2.0603163,0.32122916,0.0,0.0,1.0,102.4282,2.674402,0.0031055666,0.49125358,1.2796736,1.0
210,2.904049,2.04844,2.0567253,0.3179543,0.0,0.0,1.0,102.4282,2.6645586,0.0031055666,0.48247254,1.2567997,1.0
211,3.254821,2.0688663,2.0379362,0.5433838,0.0,0.0,1.0,102.4282,2.6943674,0.0031055666,0.6120403,1.5943125,1.0
212,2.9181979,2.1139038,2.0750797,0.45797074,0.0,0.0,1.0,102.4282,2.760092,0.0031055666,0.4467192,1.1636653,1.0
213,2.8527162,2.0736632,2.049336,0.4643154,0.0,0.0,1.0,102.4282,2.7013679,0.0031055666,0.44534132,1.160076,1.0
214,2.9382725,2.115522,2.1051333,0.4730298,0.0,0.0,1.0,102.4282,2.7624536,0.0031055666,0.45369843,1.1818455,1.0
215,2.7934518,2.1153085,2.1470225,0.46084374,0.0,0.0,1.0,102.4282,2.7621422,0.0031055666,0.39632255,1.0323863,1.0
216,2.9531348,2.15737,2.1576104,0.2964576,0.0,0.0,1.0,102.4282,2.823524,0.0031055666,0.4342384,1.131154,1.0
217,3.0248442,2.1613693,2.1341162,0.45662636,0.0,0.0,1.0,102.4282,2.8293602,0.0031055666,0.45967087,1.1974033,1.0
218,3.167452,2.1581917,2.159798,0.30421305,0.0,0.0,1.0,102.4282,2.824723,0.0031055666,0.51697004,1.3466628,1.0
219,2.854137,2.101614,2.077577,0.5618826,0.0,0.0,1.0,102.4282,2.7421572,0.0031055666,0.42868015,1.1166751,1.0
220,2.7489295,2.1062546,2.0835125,0.56000155,0.0,0.0,1.0,102.4282,2.7489295,0.0031055666,0.35753492,0.93134785,0.0
221,3.0858712,2.1300151,2.1249502,0.38318795,0.0,0.0,1.0,102.4282,2.783604,0.0031055666,0.5029927,1.3102529,1.0
222,3.125645,2.1056926,2.1337864,0.17302357,0.0,0.0,1.0,204.85759,2.7481093,0.0062111695,0.5345722,1.3925148,1.0
223,2.9050615,2.1355524,2.1374338,0.17080224,0.0,0.0,1.0,204.85759,2.7916846,0.0062111695,0.4284345,1.1160352,1.0
224,3.4691448,2.1391647,2.161791,0.20216146,0.0,0.0,1.0,204.85759,2.7969563,0.0062111695,0.64748883,1.686653,1.0
225,3.2576692,2.1369321,2.1667402,0.058072876,0.0,0.0,1.0,204.85759,2.793698,0.0062111695,0.56604844,1.4745078,1.0
226,3.2106335,2.139047,2.1707673,0.058072876,0.0,0.0,1.0,204.85759,2.7967844,0.0062111695,0.54619086,1.4227805,1.0
227,3.0438633,2.1248238,2.1315005,0.46342131,0.0,0.0,1.0,204.85759,2.7760282,0.0062111695,0.4897133,1.2756612,1.0
228,2.9610326,2.1559584,2.151615,0.30947095,0.0,0.0,1.0,204.85759,2.8214638,0.0062111695,0.4381464,1.1413339,1.0
229,3.001386,2.1558423,2.1560955,0.43007615,0.0,0.0,1.0,204.85759,2.8212943,0.0062111695,0.45390353,1.1823798,1.0
230,3.2655745,2.1560538,2.1512747,0.3283521,0.0,0.0,1.0,307.2858,2.821603,0.009316736,0.55647254,1.4495634,1.0
231,2.923694,2.1143785,2.1442156,0.26328945,0.0,0.0,1.0,307.2858,2.7607849,0.009316736,0.44861168,1.1685951,1.0
232,3.240151,2.1253245,2.1228228,0.14094254,0.0,0.0,1.0,307.2858,2.7767587,0.009316736,0.56693107,1.476807,1.0
233,2.9233022,2.0817673,2.1014476,0.5754847,0.0,0.0,1.0,307.2858,2.7131944,0.009316736,0.4688273,1.2212551,1.0
234,2.7332942,2.072683,2.0937188,0.5745702,0.0,0.0,1.0,307.2858,2.6999373,0.009316736,0.39744076,1.0352992,1.0
235,3.0087981,2.0994964,2.0991392,0.33018014,0.0,0.0,1.0,307.2858,2.7390668,0.009316736,0.49190053,1.2813588,1.0
236,3.1192043,2.0782652,2.1154218,0.17100263,0.0,0.0,1.0,307.2858,2.7080836,0.009316736,0.5504019,1.4337499,1.0
237,3.0656579,2.1093574,2.1051853,0.32034153,0.0,0.0,1.0,307.2858,2.7534573,0.009316736,0.5082536,1.3239571,1.0
238,3.190409,2.0370555,2.0735378,0.3400042,0.0,0.0,1.0,307.2858,2.647945,0.009316736,0.6085884,1.5853207,1.0
239,3.1794457,2.0657578,2.0500348,0.41806272,0.0,0.0,1.0,307.2858,2.689831,0.009316736,0.5835392,1.5200697,1.0
240,2.8332882,2.03576,2.0374198,0.17497598,0.0,0.0,1.0,307.2858,2.6460543,0.009316736,0.46150088,1.2021704,1.0
241,2.829103,2.038833,2.086393,0.44446307,0.0,0.0,1.0,307.2858,2.6505387,0.009316736,0.4577821,1.1924832,1.0
242,2.8983576,1.9927529,2.0209312,0.3154707,0.0,0.0,1.0,307.2858,2.5832927,0.009316736,0.51766163,1.3484643,1.0
243,2.9515407,1.9825805,2.0226812,0.055205252,0.0,0.0,1.0,307.2858,2.5684478,0.009316736,0.5474854,1.4261527,1.0
244,3.0533152,1.9889278,2.0309098,0.17033382,0.0,0.0,1.0,307.2858,2.5777106,0.009316736,0.5862617,1.5271616,1.0
245,3.2049034,2.0235534,2.0244834,0.17867574,0.0,0.0,1.0,307.2858,2.6282408,0.009316736,0.6245448,1.6268858,1.0
246,2.8778512,2.0030367,2.0021687,0.14362875,0.0,0.0,1.0,307.2858,2.5983002,0.009316736,0.50189745,1.3074,1.0
247,3.2690778,1.9702967,2.0041742,0.16058174,0.0,0.0,1.0,307.2858,2.5505216,0.009316736,0.6928981,1.8049402,1.0
248,2.9683795,2.007372,2.0066922,0.063752405,0.0,0.0,1.0,307.2858,2.6046267,0.009316736,0.53706884,1.3990184,1.0
249,3.1970065,2.007249,2.0085733,0.15559028,0.0,0.0,1.0,307.2858,2.6044474,0.009316736,0.63343805,1.650052,1.0
250,3.1715126,2.0100348,2.0097992,0.16022487,0.0,0.0,1.0,307.2858,2.6085126,0.009316736,0.6206201,1.6166621,1.0
251,2.7934399,2.0084696,2.0152617,0.14362875,0.0,0.0,1.0,307.2858,2.6062286,0.009316736,0.46267748,1.2052352,1.0
252,2.949709,1.9654903,2.012662,0.40416664,0.0,0.0,1.0,307.2858,2.5435076,0.009316736,0.55905455,1.4562893,1.0
253,3.2151303,2.0984893,2.1004014,0.38943443,0.0,0.0,1.0,307.2858,2.7375972,0.009316736,0.57521516,1.4983863,1.0
254,3.2607415,2.1082466,2.1213193,0.3917114,0.0,0.0,1.0,307.2858,2.7518363,0.009316736,0.58672935,1.5283798,1.0
255,2.7744634,2.0364547,2.0377622,0.35170406,0.0,0.0,1.0,307.2858,2.647068,0.009316736,0.43667677,1.1375057,1.0
256,3.0698302,2.0076716,2.0474489,0.13534391,0.0,0.0,1.0,307.2858,2.605064,0.009316736,0.57957345,1.5097393,1.0
257,2.6456444,2.0116303,2.010883,0.3693002,0.0,0.0,1.0,3.3724694,2.610841,0.00010225142,0.3985108,1.0380865,1.0
258,3.0494251,2.014661,2.034338,0.4410718,0.0,0.0,1.0,1.3489894,2.615264,4.0900617e-05,0.5659747,1.4743158,1.0
259,2.9469728,2.0195076,2.0227282,0.32122916,0.0,0.0,1.0,1.3489894,2.6223366,4.0900617e-05,0.5196733,1.3537045,1.0
260,2.739479,2.0504673,2.0511866,0.05089051,0.0,0.0,1.0,1.3489894,2.6675172,4.0900617e-05,0.41347897,1.0770774,1.0
261,2.8695712,2.0134,2.0450861,0.33604982,0.0,0.0,1.0,1.3489894,2.6134238,4.0900617e-05,0.49139234,1.280035,1.0
262,3.306874,2.042805,2.042184,0.090237565,0.0,0.0,1.0,1.3489894,2.6563354,4.0900617e-05,0.6525038,1.6997166,1.0
263,2.7963483,1.9914587,1.9935023,0.12890865,0.0,0.0,1.0,1.3489894,2.581404,4.0900617e-05,0.47521886,1.2379044,1.0
264,2.6929483,2.0224204,2.0209804,0.33018014,0.0,0.0,1.0,1.3489894,2.6265874,4.0900617e-05,0.41160122,1.072186,1.0
265,2.7727315,1.9735917,1.9773952,0.28154096,0.0,0.0,1.0,1.3489894,2.55533,4.0900617e-05,0.47720525,1.2430788,1.0
266,3.2711723,2.007071,2.010645,0.16084616,0.0,0.0,1.0,1.3489894,2.6041875,4.0900617e-05,0.6648094,1.7317716,1.0
267,2.9883828,2.001045,2.0039866,0.5503006,0.0,0.0,1.0,1.3489894,2.5953937,4.0900617e-05,0.54996926,1.4326229,1.0
268,3.3843663,1.9963177,2.0027356,0.26928613,0.0,0.0,1.0,1.3489894,2.588495,4.0900617e-05,0.7211258,1.878471,1.0
269,3.0642705,2.0690575,2.0749435,0.58308023,0.0,0.0,1.0,1.3489894,2.6946464,4.0900617e-05,0.53434145,1.3919138,1.0
270,2.8011951,2.0204928,2.0789206,0.45003942,0.0,0.0,1.0,2.0234802,2.6237743,6.135081e-05,0.45805776,1.1932013,1.0
271,2.6791112,1.977467,2.0220916,0.16002618,0.0,0.0,1.0,2.0234802,2.5609853,6.135081e-05,0.4344811,1.1317861,1.0
272,2.6391046,2.0309978,2.0401385,0.16674355,0.0,0.0,1.0,1.686221,2.6391046,5.1125295e-05,0.3549775,0.924686,0.0
273,2.8006847,1.9865811,2.0340276,0.06716558,0.0,0.0,1.0,1.3489815,2.574286,4.0900377e-05,0.48035154,1.2512747,1.0
274,2.8491242,1.9795587,2.0124555,0.13243231,0.0,0.0,1.0,1.3489815,2.564038,4.0900377e-05,0.50584203,1.3176752,1.0
275,3.011623,1.9718395,2.0250409,0.17327636,0.0,0.0,1.0,1.3489815,2.552773,4.0900377e-05,0.58103985,1.5135591,1.0
276,2.6495202,1.9657438,2.018246,0.16028711,0.0,0.0,1.0,1.3489815,2.5438774,4.0900377e-05,0.42943916,1.1186522,1.0
277,2.8811936,1.9949365,2.032342,0.058072876,0.0,0.0,1.0,1.3489815,2.5864792,4.0900377e-05,0.5088671,1.3255552,1.0
278,2.9535663,1.9927168,2.0247421,0.15257916,0.0,0.0,1.0,1.3489815,2.58324,4.0900377e-05,0.5411281,1.4095924,1.0
279,2.7803679,1.9844265,2.0286822,0.1552984,0.0,0.0,1.0,1.3489815,2.5711417,4.0900377e-05,0.47314394,1.2324995,1.0
280,2.787056,1.9780204,1.9978412,0.20339787,0.0,0.0,1.0,1.3489815,2.561793,4.0900377e-05,0.4803358,1.2512337,1.0
281,2.891275,2.0454035,2.0502245,0.17867576,0.0,0.0,1.0,1.3489815,2.6601274,4.0900377e-05,0.47919685,1.2482668,1.0
282,2.9521234,2.0703132,2.0686374,0.14649524,0.0,0.0,1.0,1.3489815,2.696479,4.0900377e-05,0.4878764,1.2708763,1.0
283,3.015837,2.0403862,2.0696049,0.11708135,0.0,0.0,1.0,1.3489815,2.6528056,4.0900377e-05,0.5339886,1.3909947,1.0
284,3.4446945,2.0721483,2.0685875,0.14649524,0.0,0.0,1.0,1.3489815,2.699157,4.0900377e-05,0.686846,1.7891752,1.0
285,3.1134145,2.0553534,2.0816057,0.20533408,0.0,0.0,1.0,1.3489815,2.6746476,4.0900377e-05,0.56382066,1.4687046,1.0
286,3.0175133,2.0482118,2.042658,0.18727833,0.0,0.0,1.0,1.3489815,2.6642256,4.0900377e-05,0.5293338,1.3788692,1.0
287,2.6541684,2.04132,2.0426464,0.04151962,0.0,0.0,1.0,1.3489815,2.6541684,4.0900377e-05,0.34501725,0.8987404,0.0
288,2.7930079,2.014516,2.0146542,0.09023756,0.0,0.0,1.0,1.3489815,2.6150525,4.0900377e-05,0.45852935,1.1944298,1.0
289,2.8260403,2.009013,2.0094068,0.09023756,0.0,0.0,1.0,1.3489815,2.6070216,4.0900377e-05,0.47603545,1.2400316,1.0
290,2.6228213,2.0198398,2.0195112,0.07024495,0.0,0.0,1.0,2.0234723,2.6228213,6.135057e-05,0.37340218,0.97268075,0.0
291,2.833264,2.0322475,2.035335,0.04151962,0.0,0.0,1.0,0.67449075,2.6409285,2.0450188e-05,0.46377036,1.2080821,1.0
292,2.8367493,2.0392697,2.0407844,0.09141479,0.0,0.0,1.0,1.3489815,2.6511762,4.0900377e-05,0.46066386,1.1999899,1.0
293,2.6471698,2.0359097,2.0382771,0.04151962,0.0,0.0,1.0,1.3489815,2.6462727,4.0900377e-05,0.3842616,1.0009686,1.0
294,2.8141057,2.0448895,2.0446095,0.090237565,0.0,0.0,1.0,102.4282,2.6593773,0.0031055666,0.44770572,1.1662351,1.0
295,2.9554474,2.0261521,2.0517638,0.23782705,0.0,0.0,1.0,102.4282,2.6320333,0.0031055666,0.51866376,1.3510747,1.0
296,3.3460188,2.0609343,2.060015,0.10283396,0.0,0.0,1.0,102.4282,2.682792,0.0031055666,0.6550423,1.7063291,1.0
297,2.6139078,2.0137317,2.017385,0.15768932,0.0,0.0,1.0,102.4282,2.6139078,0.0031055666,0.32599747,0.84919554,0.0
298,2.8290434,2.0087202,2.028126,0.3682216,0.0,0.0,1.0,102.4282,2.6065943,0.0031055666,0.47749403,1.2438312,1.0
299,2.6964653,2.0625207,2.0657134,0.13728093,0.0,0.0,1.0,102.4282,2.6851072,0.0031055666,0.38852936,1.0120858,1.0
300,3.0641248,2.073742,2.0734358,0.14778087,0.0,0.0,1.0,102.4282,2.7014825,0.0031055666,0.531126,1.3835379,1.0
301,3.0157146,2.0859947,2.1129446,0.46245027,0.0,0.0,1.0,102.4282,2.7193635,0.0031055666,0.50342,1.3113661,1.0
302,3.3271866,2.0943685,2.0904605,0.18986823,0.0,0.0,1.0,102.4282,2.7315836,0.0031055666,0.6230455,1.6229802,1.0
303,3.0974638,2.1211333,2.1679828,0.5299603,0.0,0.0,1.0,102.4282,2.7706425,0.0031055666,0.51327014,1.3370248,1.0
304,2.8164022,2.1310303,2.1325662,0.10899342,0.0,0.0,1.0,102.4282,2.7850854,0.0031055666,0.3962229,1.0321268,1.0
305,2.9558847,2.1162996,2.151868,0.108371675,0.0,0.0,1.0,102.4282,2.7635884,0.0031055666,0.4602093,1.1988059,1.0
306,3.1806152,2.1494174,2.1483274,0.10094923,0.0,0.0,1.0,102.4282,2.8119183,0.0031055666,0.52770513,1.3746268,1.0
307,3.1595705,2.1156602,2.1472127,0.120620206,0.0,0.0,1.0,102.4282,2.7626553,0.0031055666,0.5414728,1.4104903,1.0
308,3.453311,2.1488445,2.1465867,0.10283396,0.0,0.0,1.0,102.4282,2.8110821,0.0031055666,0.6344745,1.6527518,1.0
309,2.9905698,2.1451278,2.1418638,0.3596093,0.0,0.0,1.0,102.4282,2.8056583,0.0031055666,0.45617804,1.1883048,1.0
310,2.8794134,2.1333768,2.1315227,0.15189067,0.0,0.0,1.0,102.4282,2.7885098,0.0031055666,0.4196456,1.093141,1.0
311,2.93972,2.093464,2.1329975,0.3634168,0.0,0.0,1.0,102.4282,2.7302635,0.0031055666,0.46803465,1.2191902,1.0
312,2.8348262,2.0974095,2.12836,0.2651254,0.0,0.0,1.0,102.4282,2.7360215,0.0031055666,0.42349902,1.1031787,1.0
313,3.8462899,2.1036208,2.104403,0.24562517,0.0,0.0,1.0,102.4282,2.7450857,0.0031055666,0.8238874,2.1461563,1.0
314,3.6652908,2.09148,2.0903025,0.10846236,0.0,0.0,1.0,102.4282,2.7273684,0.0031055666,0.7610809,1.9825507,1.0
315,2.7285585,2.039925,2.0398593,0.20449743,0.0,0.0,1.0,102.4282,2.6521325,0.0031055666,0.41549683,1.0823337,1.0
316,2.6293023,2.0242808,2.061453,0.1683314,0.0,0.0,1.0,102.4282,2.6293023,0.0031055666,0.37794298,0.9845091,0.0
317,2.6659229,2.045425,2.0446784,0.18934457,0.0,0.0,1.0,102.4282,2.6601586,0.0031055666,0.38626638,1.0061909,1.0
318,2.637491,2.029892,2.0132449,0.4625313,0.0,0.0,1.0,102.4282,2.637491,0.0031055666,0.33282617,0.8669837,0.0
319,2.8020458,2.0544796,2.0622087,0.39639854,0.0,0.0,1.0,102.4282,2.6733725,0.0031055666,0.43668175,1.1375186,1.0
320,2.657814,1.9899302,1.9897705,0.18790601,0.0,0.0,1.0,102.4282,2.5791733,0.0031055666,0.4173328,1.0871162,1.0
321,2.6049895,1.9511039,1.9789491,0.05846281,0.0,0.0,1.0,102.4282,2.522513,0.0031055666,0.419752,1.093418,1.0
322,2.7471154,1.9316916,1.9633471,0.056940448,0.0,0.0,1.0,102.4282,2.494184,0.0031055666,0.49511746,1.2897387,1.0
323,2.8567445,1.9058522,1.908205,0.15474318,0.0,0.0,1.0,102.4282,2.4564755,0.0031055666,0.5626118,1.4655557,1.0
324,2.6843355,1.9106007,1.9426832,0.20011935,0.0,0.0,1.0,102.4282,2.4634051,0.0031055666,0.48225877,1.2562429,1.0
325,3.1604135,1.9245627,1.9276807,0.09141479,0.0,0.0,1.0,102.4282,2.4837804,0.0031055666,0.68268836,1.7783448,1.0
326,3.2088304,1.9307175,1.9332039,0.17002006,0.0,0.0,1.0,102.4282,2.4927623,0.0031055666,0.6989633,1.8207396,1.0
327,2.6714556,1.9274013,1.9370812,0.1824138,0.0,0.0,1.0,102.4282,2.487923,0.0031055666,0.46480218,1.2107699,1.0
328,2.6917722,1.9408255,1.948649,0.10539733,0.0,0.0,1.0,102.4282,2.5075133,0.0031055666,0.4644877,1.2099507,1.0
329,2.517767,1.9478518,1.9586002,0.14362875,0.0,0.0,1.0,102.4282,2.517767,0.0031055666,0.3681564,0.95901597,0.0
330,2.6837928,1.9191258,1.9891132,0.15761968,0.0,0.0,1.0,204.854,2.4758463,0.0062110606,0.47601253,1.2399719,1.0
331,2.5194385,1.9358792,2.0334678,0.12799148,0.0,0.0,1.0,204.854,2.500295,0.0062110606,0.3922878,1.0218761,1.0
332,3.4189892,2.000191,2.0431836,0.17035696,0.0,0.0,1.0,2.6979315,2.5941472,8.17998e-05,0.7326401,1.9084648,1.0
333,2.7371879,2.047504,2.0337877,0.2151204,0.0,0.0,1.0,2.0234408,2.6631927,6.1349616e-05,0.41436443,1.0793839,1.0
334,2.8359485,2.0109491,2.0555654,0.3360123,0.0,0.0,1.0,102.42581,2.609847,0.0031054942,0.47891226,1.2475255,1.0
335,3.3702123,2.0575018,2.0893962,0.17263916,0.0,0.0,1.0,102.42581,2.6777828,0.0031054942,0.66751105,1.7388092,1.0
336,3.2976775,2.0619984,2.0979438,0.13534391,0.0,0.0,1.0,102.42581,2.6843448,0.0031054942,0.63449866,1.6528147,1.0
337,2.9598684,2.0884004,2.0947773,0.04151962,0.0,0.0,1.0,102.42581,2.7228742,0.0031054942,0.4793558,1.2486808,1.0
338,2.7910178,2.0691135,2.096362,0.14902641,0.0,0.0,1.0,102.42581,2.6947281,0.0031054942,0.42308226,1.1020931,1.0
339,2.8706007,2.0526674,2.0775294,0.2197875,0.0,0.0,1.0,102.42581,2.6707277,0.0031054942,0.46597463,1.213824,1.0
340,2.942659,2.0515208,2.07774,0.12961432,0.0,0.0,1.0,102.42581,2.6690545,0.0031054942,0.4963254,1.2928852,1.0
341,2.7988832,2.04426,2.061801,0.15019746,0.0,0.0,1.0,102.42581,2.6584587,0.0031054942,0.44182616,1.1509193,1.0
342,3.3910034,2.0847156,2.1101997,0.17263916,0.0,0.0,1.0,102.42581,2.7174969,0.0031054942,0.6557284,1.7081164,1.0
343,3.2018876,2.1019466,2.1039226,0.127131,0.0,0.0,1.0,102.42581,2.7426426,0.0031054942,0.5675494,1.4784176,1.0
344,3.010106,2.09768,2.0983505,0.18571891,0.0,0.0,1.0,102.42581,2.7364163,0.0031054942,0.4935918,1.2857643,1.0
345,2.9545002,2.0854812,2.1192708,0.13456424,0.0,0.0,1.0,102.42581,2.718614,0.0031054942,0.47905833,1.247906,1.0
346,3.1496105,2.0553823,2.0577507,0.04151962,0.0,0.0,1.0,102.42581,2.6746898,0.0031054942,0.5786437,1.5073173,1.0
347,3.018806,2.0624309,2.0708716,0.10539733,0.0,0.0,1.0,102.42581,2.684976,0.0031054942,0.52026117,1.3552358,1.0
348,3.2419755,2.0646431,2.0666301,0.12799148,0.0,0.0,1.0,102.42581,2.6882045,0.0031054942,0.6098367,1.5885724,1.0
349,2.735796,2.0575714,2.0583222,0.048415843,0.0,0.0,1.0,102.42581,2.6778843,0.0031054942,0.40760964,1.0617882,1.0
350,2.9891996,2.0490937,2.049051,0.05089051,0.0,0.0,1.0,102.42581,2.6655126,0.0031054942,0.5170832,1.3469576,1.0
351,2.902281,2.017039,2.0167363,0.05089051,0.0,0.0,1.0,102.42581,2.6187344,0.0031054942,0.50265014,1.3093606,1.0
352,2.9729514,1.9861343,2.0253925,0.11159886,0.0,0.0,1.0,102.42581,2.573634,0.0031054942,0.55407035,1.4433059,1.0
353,3.2347305,2.0175123,2.015355,0.07663558,0.0,0.0,1.0,102.42581,2.6194248,0.0031054942,0.6415359,1.671146,1.0
354,3.1832447,2.0115585,2.009117,0.09252977,0.0,0.0,1.0,102.42581,2.6107364,0.0031054942,0.6244132,1.6265429,1.0
355,3.3012216,2.0126905,2.0130553,0.08321061,0.0,0.0,1.0,102.42581,2.6123884,0.0031054942,0.67310077,1.7533699,1.0
356,3.0679197,2.012041,2.0122714,0.10122893,0.0,0.0,1.0,102.42581,2.6114407,0.0031054942,0.57561487,1.4994276,1.0
357,3.2463787,1.9725564,1.9879609,0.16166005,0.0,0.0,1.0,102.42581,2.5538192,0.0031054942,0.6813339,1.7748165,1.0
358,2.924976,1.9408573,1.941485,0.15212026,0.0,0.0,1.0,102.42581,2.5075598,0.0031054942,0.56647116,1.475609,1.0
359,3.155119,1.9406488,1.9756798,0.3230679,0.0,0.0,1.0,102.42581,2.5072553,0.0031054942,0.66730523,1.738273,1.0
360,2.7826226,1.9740313,1.9652412,0.2683676,0.0,0.0,1.0,102.42581,2.5559716,0.0031054942,0.48115104,1.2533573,1.0
361,3.1158516,1.9523503,1.9293495,0.45390528,0.0,0.0,1.0,102.42581,2.5243318,0.0031054942,0.6409065,1.6695067,1.0
362,2.9321816,1.9446229,1.9435798,0.08944122,0.0,0.0,1.0,102.42581,2.5130548,0.0031054942,0.5668184,1.4765135,1.0
363,3.1250463,1.9243051,1.9123219,0.42006811,0.0,0.0,1.0,0.0,2.4834044,0.0,0.66727924,1.7382053,1.0
364,2.5992525,1.8905965,1.9291747,0.2811978,0.0,0.0,1.0,0.0,2.4342124,0.0,0.4582548,1.1937146,1.0
365,2.8994493,1.8909987,1.897747,0.105319336,0.0,0.0,1.0,0.0,2.4347994,0.0,0.59320515,1.5452486,1.0
366,3.2829392,1.9020338,1.9431896,0.18078597,0.0,0.0,1.0,0.0,2.4509032,0.0,0.7562424,1.9699467,1.0
367,2.4672532,1.9132375,1.9290341,0.3394356,0.0,0.0,1.0,0.0,2.4672532,0.0,0.34491846,0.8984831,0.0
368,2.8317528,1.9505843,1.9472193,0.18046634,0.0,0.0,1.0,0.0,2.5217545,0.0,0.5187224,1.3512275,1.0
369,2.4735084,1.9153023,1.9347651,0.15970406,0.0,0.0,1.0,0.0,2.4702663,0.0,0.3853292,1.0037496,1.0
370,2.9392252,1.9631019,1.962186,0.16939524,0.0,0.0,1.0,0.0,2.540022,0.0,0.5562731,1.4490439,1.0
371,2.8860035,1.9657016,1.9545014,0.4334467,0.0,0.0,1.0,0.0,2.5438159,0.0,0.5314323,1.3843356,1.0
372,2.8421707,1.9231105,1.9422349,0.15531,0.0,0.0,1.0,0.0,2.481661,0.0,0.5432254,1.4150558,1.0
373,2.4729993,1.9171749,1.9242164,0.14405929,0.0,0.0,1.0,0.0,2.4729993,0.0,0.38255632,0.9965265,0.0
374,3.1405444,1.9701335,1.9745415,0.16939524,0.0,0.0,1.0,0.0,2.5502834,0.0,0.6377496,1.6612831,1.0
375,3.2050934,1.975349,1.9759587,0.19057699,0.0,0.0,1.0,0.0,2.5578945,0.0,0.6614094,1.7229148,1.0
376,3.4436316,1.9585779,1.9907523,0.16329241,0.0,0.0,1.0,0.0,2.5334198,0.0,0.77796024,2.0265198,1.0
377,3.370881,1.9796633,1.9857389,0.16939524,0.0,0.0,1.0,0.0,2.5641904,0.0,0.7289503,1.8988532,1.0
378,3.2483714,1.9795188,1.9842697,0.16360149,0.0,0.0,1.0,0.0,2.5639796,0.0,0.6766612,1.7626445,1.0
379,3.1148942,1.9795,1.980586,0.15851538,0.0,0.0,1.0,0.0,2.5639524,0.0,0.619576,1.6139424,1.0
380,3.0039475,1.9755057,1.9774781,0.09421531,0.0,0.0,1.0,0.0,2.5581234,0.0,0.57504255,1.4979366,1.0
381,3.3444471,1.9712837,1.9710517,0.10283396,0.0,0.0,1.0,0.0,2.551962,0.0,0.7244982,1.8872559,1.0
382,3.2083476,1.9670522,1.9710065,0.098906785,0.0,0.0,1.0,0.0,2.5457869,0.0,0.6693477,1.7435935,1.0
383,3.1798422,1.963576,1.9705952,0.06755421,0.0,0.0,1.0,0.0,2.5407138,0.0,0.659802,1.7187278,1.0
384,2.9507668,1.9607408,1.9652418,0.123482324,0.0,0.0,1.0,0.0,2.5365763,0.0,0.56298774,1.466535,1.0
385,2.885417,1.9579016,1.9686929,0.10539733,0.0,0.0,1.0,0.0,2.532433,0.0,0.53677154,1.3982439,1.0
386,2.9191139,1.955176,1.9663385,0.15435316,0.0,0.0,1.0,0.0,2.5284555,0.0,0.553355,1.4414424,1.0
387,3.0249863,1.92476,1.9272338,0.14370829,0.0,0.0,1.0,0.0,2.4840684,0.0,0.62272936,1.6221567,1.0
388,2.7561255,1.9303676,1.9568901,0.27863514,0.0,0.0,1.0,0.0,2.4922516,0.0,0.5000193,1.3025075,1.0
389,3.0371823,1.9177247,1.9530423,0.15631723,0.0,0.0,1.0,0.0,2.4738016,0.0,0.6336801,1.6506824,1.0
390,2.8919563,1.9438981,1.950453,0.04151962,0.0,0.0,1.0,0.0,2.5119972,0.0,0.54979354,1.4321651,1.0
391,2.840246,1.9391023,1.939164,0.10283396,0.0,0.0,1.0,0.0,2.5049984,0.0,0.5306797,1.3823752,1.0
392,2.8279686,1.9344139,1.9396634,0.12662676,0.0,0.0,1.0,0.0,2.4981565,0.0,0.52869534,1.3772062,1.0
393,2.731719,1.934316,1.9371587,0.05089051,0.0,0.0,1.0,0.0,2.4980137,0.0,0.486505,1.267304,1.0
394,2.4868903,1.9266938,1.9232345,0.35677356,0.0,0.0,1.0,0.0,2.4868903,0.0,0.3499494,0.91158825,0.0
395,2.5023365,1.9235841,1.9272432,0.32939103,0.0,0.0,1.0,0.0,2.4823523,0.0,0.39271986,1.0230017,1.0
396,2.425104,1.860102,1.9175022,0.12022631,0.0,0.0,1.0,0.0,2.389711,0.0,0.4001344,1.042316,1.0
397,2.5681734,1.9188702,1.9317783,0.116685554,0.0,0.0,1.0,0.0,2.4754732,0.0,0.42496315,1.1069926,1.0
398,2.7765906,1.9061223,1.8738941,0.36190316,0.0,0.0,1.0,0.0,2.4568698,0.0,0.5266237,1.3718097,1.0
399,2.4329207,1.8897113,1.8993177,0.10341296,0.0,0.0,1.0,0.0,2.4329207,0.0,0.37516025,0.97726035,0.0
400,2.4251115,1.8512248,1.889235,0.060304042,0.0,0.0,1.0,0.0,2.376756,0.0,0.40620494,1.0581291,1.0
401,2.46225,1.8435755,1.8847632,0.055768188,0.0,0.0,1.0,0.0,2.3655932,0.0,0.42870557,1.1167413,1.0
402,2.4009867,1.8678287,1.8778291,0.09991405,0.0,0.0,1.0,0.0,2.4009867,0.0,0.36280903,0.9450865,0.0
403,2.3909261,1.8609347,1.8663291,0.14362875,0.0,0.0,1.0,0.0,2.3909261,0.0,0.36213845,0.9433397,0.0
404,2.3808281,1.8540151,1.8545375,0.10094923,0.0,0.0,1.0,0.0,2.3808281,0.0,0.35813746,0.9329174,0.0
405,2.5914972,1.8500998,1.8513893,0.054773025,0.0,0.0,1.0,0.0,2.3751142,0.0,0.48381546,1.2602979,1.0
406,2.4281616,1.8047824,1.8426974,0.16497292,0.0,0.0,1.0,0.0,2.3089812,0.0,0.4405037,1.1474744,1.0
407,2.3955338,1.8640922,1.8677421,0.14362875,0.0,0.0,1.0,0.0,2.3955338,0.0,0.34646544,0.90251285,0.0
408,2.4018772,1.8684388,1.8680345,0.09023756,0.0,0.0,1.0,0.0,2.4018772,0.0,0.3335006,0.8687405,0.0
409,2.608855,1.8612914,1.856138,0.17972262,0.0,0.0,1.0,0.0,2.3914466,0.0,0.4836033,1.2597452,1.0
410,2.5027514,1.8609682,1.8594185,0.10094923,0.0,0.0,1.0,0.0,2.390975,0.0,0.43516567,1.1335694,1.0
411,2.4254932,1.8584704,1.85805,0.090237565,0.0,0.0,1.0,0.0,2.3873298,0.0,0.40142345,1.0456737,1.0
412,2.606003,1.8559766,1.8599336,0.09473299,0.0,0.0,1.0,0.0,2.3836904,0.0,0.48618442,1.2664688,1.0
413,2.6820178,1.8534901,1.8498971,0.3094072,0.0,0.0,1.0,0.0,2.3800619,0.0,0.52304316,1.3624827,1.0
414,2.4383574,1.8486199,1.8564982,0.10539733,0.0,0.0,1.0,0.0,2.3729546,0.0,0.41412032,1.078748,1.0
415,2.4707298,1.8437521,1.8486378,0.14362875,0.0,0.0,1.0,0.0,2.365851,0.0,0.4325125,1.1266581,1.0
416,2.5100775,1.8388928,1.839735,0.05089051,0.0,0.0,1.0,0.0,2.3587596,0.0,0.45425287,1.1832899,1.0
417,2.5091584,1.8340453,1.8331698,0.12295217,0.0,0.0,1.0,0.0,2.3516855,0.0,0.45733514,1.191319,1.0
418,2.5744302,1.8284978,1.8315535,0.12554918,0.0,0.0,1.0,0.0,2.3435898,0.0,0.49192584,1.2814248,1.0
419,2.5571241,1.8204998,1.8235185,0.09421531,0.0,0.0,1.0,0.0,2.331918,0.0,0.48981643,1.2759299,1.0
420,2.6249316,1.8141533,1.812072,0.14649524,0.0,0.0,1.0,0.0,2.3226564,0.0,0.52663314,1.3718343,1.0
421,2.639803,1.8043821,1.8050708,0.14649524,0.0,0.0,1.0,0.0,2.3083968,0.0,0.54135644,1.4101872,1.0
422,2.6148796,1.7878214,1.794296,0.14649524,0.0,0.0,1.0,0.0,2.2842293,0.0,0.5426595,1.4135816,1.0
423,2.527716,1.7824433,1.8096415,0.100511186,0.0,0.0,1.0,0.0,2.276381,0.0,0.5049904,1.3154567,1.0
424,2.4737046,1.7765526,1.8124703,0.094733,0.0,0.0,1.0,0.0,2.2677844,0.0,0.48348436,1.2594354,1.0
425,2.7794561,1.7840959,1.8123894,0.14649524,0.0,0.0,1.0,0.0,2.2787926,0.0,0.6248689,1.6277301,1.0
426,2.7174726,1.7391174,1.8135588,0.15374063,0.0,0.0,1.0,0.0,2.213154,0.0,0.6338274,1.6510662,1.0
427,2.7235432,1.7425103,1.817378,0.17263918,0.0,0.0,1.0,0.0,2.2181053,0.0,0.63382304,1.6510547,1.0
428,2.4694586,1.8005967,1.8304403,0.10094923,0.0,0.0,1.0,0.0,2.302873,0.0,0.46323234,1.2066807,1.0
429,2.58048,1.8153166,1.8457059,0.1069742,0.0,0.0,1.0,0.0,2.324354,0.0,0.5047519,1.3148355,1.0
430,2.404074,1.8220911,1.8491533,0.10127059,0.0,0.0,1.0,0.0,2.3342402,0.0,0.4167037,1.0854775,1.0
431,2.603853,1.9354479,1.9642137,0.10127806,0.0,0.0,1.0,102.42581,2.4996657,0.0031054942,0.429606,1.1190869,1.0
432,2.794208,1.9575493,1.9836564,0.13915387,0.0,0.0,1.0,102.42581,2.531919,0.0031054942,0.49751347,1.2959801,1.0
433,2.904064,2.0353055,2.078523,0.13333449,0.0,0.0,1.0,102.42581,2.645391,0.0031054942,0.49114037,1.2793787,1.0
434,3.0194738,2.0561204,2.0692945,0.1069742,0.0,0.0,1.0,102.42581,2.675767,0.0031054942,0.52477914,1.3670048,1.0
435,2.8294137,2.0794628,2.0955305,0.15693404,0.0,0.0,1.0,102.42581,2.7098312,0.0031054942,0.43229178,1.1260831,1.0
436,2.7961166,2.0862045,2.0915275,0.32274154,0.0,0.0,1.0,102.42581,2.7196696,0.0031054942,0.4147204,1.0803112,1.0
437,2.899293,2.1080036,2.1131027,0.15312086,0.0,0.0,1.0,102.42581,2.7514818,0.0031054942,0.44281206,1.1534876,1.0
438,3.079827,2.1505558,2.1566615,0.13584346,0.0,0.0,1.0,204.85043,2.8135798,0.0062109525,0.48768193,1.2703696,1.0
439,3.0877917,2.2101295,2.2217638,0.08321061,0.0,0.0,1.0,409.6985,2.9005175,0.012421832,0.4547073,1.1844736,1.0
440,3.0393713,2.2410483,2.253835,0.08321061,0.0,0.0,1.0,409.6985,2.9456384,0.012421832,0.4187918,1.0909169,1.0
441,3.272789,2.26365,2.2788832,0.0813348,0.0,0.0,1.0,409.6985,2.9786217,0.012421832,0.49221197,1.28217,1.0
442,3.4580176,2.3071477,2.321169,0.07423923,0.0,0.0,1.0,614.5465,3.0420995,0.018632712,0.5338489,1.3906307,1.0
443,3.4543314,2.333326,2.3406174,0.088992566,0.0,0.0,1.0,819.3886,3.0803022,0.024843412,0.5170733,1.3469317,1.0
444,3.4036674,2.3679752,2.3764598,0.08472896,0.0,0.0,1.0,1024.2307,3.130867,0.031054111,0.47945923,1.2489502,1.0
445,3.7874632,2.3952248,2.4179528,0.12080468,0.0,0.0,1.0,1126.6494,3.170633,0.034159392,0.597272,1.5558424,1.0
446,3.8740432,2.416121,2.440302,0.12080468,0.0,0.0,1.0,1331.4855,3.2011278,0.040369906,0.6144562,1.6006057,1.0
447,3.399585,2.3559992,2.3674376,0.14066933,0.0,0.0,1.0,1433.903,3.11339,0.043475147,0.48471457,1.26264,1.0
448,3.3728492,2.3683197,2.3707383,0.07453023,0.0,0.0,1.0,1638.7367,3.1313698,0.049685594,0.468473,1.220332,1.0
449,3.0942273,2.342868,2.341312,0.048415843,0.0,0.0,1.0,1741.1519,3.0942273,0.052790765,0.351418,0.9154138,0.0
450,3.133385,2.2889645,2.3441274,0.061488327,0.0,0.0,1.0,1945.9796,3.015564,0.059001032,0.4267439,1.1116314,1.0
451,3.13907,2.345592,2.3457913,0.048415843,0.0,0.0,1.0,1945.9796,3.0982025,0.059001032,0.39835772,1.0376878,1.0
452,3.0341697,2.301714,2.3632183,0.061488327,0.0,0.0,1.0,2048.3923,3.0341697,0.06210613,0.3797808,0.9892965,0.0
453,3.067668,2.3017569,2.3648906,0.1057138,0.0,0.0,1.0,2253.2178,3.0342324,0.068316326,0.39597622,1.0314841,1.0
454,3.1280963,2.286676,2.3489125,0.057469,0.0,0.0,1.0,2253.2178,3.0122242,0.068316326,0.42608175,1.1099066,1.0
455,3.0481207,2.2522826,2.3137932,0.2922809,0.0,0.0,1.0,2253.2178,2.962033,0.068316326,0.4157676,1.083039,1.0
456,3.046823,2.2357519,2.301798,0.07058651,0.0,0.0,1.0,2355.628,2.9379091,0.07142134,0.42455137,1.10592,1.0
457,3.1049495,2.229279,2.2483816,0.06331111,0.0,0.0,1.0,2560.4463,2.928463,0.077631325,0.44999102,1.1721882,1.0
458,3.3973386,2.2758498,2.2893069,0.098334365,0.0,0.0,1.0,2560.4463,2.9964254,0.077631325,0.5306422,1.3822776,1.0
459,3.57804,2.2715943,2.2799778,0.35563064,0.0,0.0,1.0,2662.8567,2.990215,0.08073635,0.5995073,1.5616652,1.0
460,3.1950338,2.182327,2.1936681,0.26272115,0.0,0.0,1.0,2662.8567,2.8599443,0.08073635,0.5124011,1.334761,1.0
461,2.943968,2.2399037,2.2421613,0.048415843,0.0,0.0,1.0,2765.2644,2.943968,0.083841294,0.29905558,0.77901417,0.0
462,2.927067,2.2283225,2.230511,0.19696607,0.0,0.0,1.0,2765.2644,2.927067,0.083841294,0.31965235,0.83266705,0.0
463,3.4151955,2.2219682,2.2208934,0.17702594,0.0,0.0,1.0,2970.078,2.917794,0.09005113,0.57086796,1.4870622,1.0
464,3.257396,2.2152238,2.2133684,0.09657698,0.0,0.0,1.0,3072.4858,2.9079518,0.09315608,0.5156938,1.3433383,1.0
465,2.803235,2.1434672,2.2108114,0.076917514,0.0,0.0,1.0,3277.2947,2.803235,0.09936577,0.3203153,0.834394,0.0
466,2.9354222,2.2060096,2.20779,0.05089051,0.0,0.0,1.0,3482.101,2.8945053,0.10557539,0.3993946,1.0403888,1.0
467,2.8959663,2.2070107,2.2090442,0.07788891,0.0,0.0,1.0,3686.9072,2.8959663,0.111785,0.3461236,0.9016224,0.0
468,2.8971837,2.207845,2.2096596,0.12075578,0.0,0.0,1.0,3891.7087,2.8971837,0.117994465,0.32642108,0.850299,0.0
469,3.0172064,2.2058792,2.207578,0.096893415,0.0,0.0,1.0,3994.1096,2.894315,0.121099204,0.43046066,1.1213132,1.0
470,3.0317874,2.2052417,2.206676,0.15570788,0.0,0.0,1.0,3994.1096,2.8933845,0.121099204,0.4363557,1.1366693,1.0
471,2.8972354,2.2078805,2.210233,0.07684727,0.0,0.0,1.0,4301.3047,2.8972354,0.13041319,0.37637937,0.9804361,0.0
472,2.9033926,2.2120996,2.2148278,0.04151962,0.0,0.0,1.0,4608.495,2.9033926,0.13972704,0.35633546,0.9282234,0.0
473,2.9157085,2.220539,2.228907,0.064643174,0.0,0.0,1.0,4915.6763,2.9157085,0.1490406,0.37586892,0.97910637,0.0
474,3.1697657,2.226585,2.233756,0.15483722,0.0,0.0,1.0,4915.6763,2.9245315,0.1490406,0.47586337,1.2395834,1.0
475,2.83113,2.1625822,2.2369816,0.07691752,0.0,0.0,1.0,5222.852,2.83113,0.158354,0.34728295,0.90464234,0.0
476,2.9527771,2.2459402,2.2465312,0.31970194,0.0,0.0,1.0,5632.4126,2.9527771,0.17077164,0.37624615,0.98008907,0.0
477,2.9508543,2.2446225,2.2457798,0.049938887,0.0,0.0,1.0,5632.4126,2.9508543,0.17077164,0.358991,0.93514085,0.0
478,2.832717,2.1636696,2.2419512,0.075273655,0.0,0.0,1.0,5632.4126,2.832717,0.17077164,0.29968593,0.7806562,0.0
479,2.9380057,2.2358181,2.23521,0.07131166,0.0,0.0,1.0,5632.4126,2.9380057,0.17077164,0.32038146,0.8345663,0.0
480,2.9250078,2.2269113,2.2256212,0.082144596,0.0,0.0,1.0,73.506226,2.9250078,0.0022286684,0.28388485,0.73949575,0.0
481,2.9218347,2.21445,2.216126,0.1530687,0.0,0.0,1.0,36.415867,2.9068224,0.001104109,0.38955432,1.0147557,1.0
482,3.1729817,2.1987166,2.1986175,0.08533369,0.0,0.0,1.0,36.415867,2.8838623,0.001104109,0.49385154,1.286441,1.0
483,2.8705657,2.1857915,2.186317,0.09828456,0.0,0.0,1.0,36.415867,2.8650002,0.001104109,0.3860204,1.0055501,1.0
484,3.0102942,2.1732252,2.1769824,0.08533368,0.0,0.0,1.0,36.415867,2.8466618,0.001104109,0.44693795,1.1642351,1.0
485,3.081433,2.1641445,2.1740394,0.0671306,0.0,0.0,1.0,24.052511,2.83341,0.0007292589,0.47990078,1.2501005,1.0
486,2.931856,2.152785,2.168302,0.08533369,0.0,0.0,1.0,11.689082,2.8168328,0.00035440654,0.4286778,1.1166689,1.0
487,2.7983215,2.1401002,2.1534696,0.048415843,0.0,0.0,1.0,8.5982065,2.7983215,0.0002606929,0.30664995,0.7987969,0.0
488,2.705823,2.0730095,2.1557858,0.15573537,0.0,0.0,1.0,8.5982065,2.7004137,0.0002606929,0.38608682,1.0057231,1.0
489,2.676261,2.056459,2.1352882,0.07527366,0.0,0.0,1.0,6.7436757,2.676261,0.00020446454,0.3547139,0.9239993,0.0
490,2.942487,2.2116725,2.290045,0.07691752,0.0,0.0,1.0,74.57942,2.9027693,0.002261207,0.39889735,1.0390935,1.0
491,3.1155138,2.3574545,2.3801124,0.05054707,0.0,0.0,1.0,58.156467,3.1155138,0.0017632721,0.30466756,0.7936329,0.0
492,3.2264433,2.4334683,2.445631,0.048415843,0.0,0.0,1.0,49.944965,3.2264433,0.0015143038,0.3685863,0.9601358,0.0
493,3.429633,2.4190748,2.4343338,0.48637062,0.0,0.0,1.0,43.7864,3.2054381,0.0013275795,0.46060407,1.1998342,1.0
494,3.879822,2.460056,2.4970753,0.49119475,0.0,0.0,1.0,38.99637,3.2652435,0.0011823485,0.5903328,1.5377665,1.0
495,3.3227699,2.4994757,2.5632253,0.27770558,0.0,0.0,1.0,35.1661,3.3227699,0.0010662167,0.35679573,0.9294224,0.0
496,3.8726144,2.5767953,2.590572,0.05666412,0.0,0.0,1.0,34.095535,3.435605,0.0010337578,0.52340645,1.3634291,1.0
497,3.5912914,2.6083992,2.62099,0.07447677,0.0,0.0,1.0,31.146786,3.4817255,0.0009443534,0.41840577,1.0899112,1.0
498,3.5312555,2.6423392,2.644761,0.2606574,0.0,0.0,1.0,29.453976,3.5312555,0.00089302834,0.3576828,0.9317331,0.0
499,4.424882,2.6643865,2.6652012,0.08376834,0.0,0.0,1.0,28.676203,3.5634296,0.00086944667,0.64904577,1.6907088,1.0
500,3.7870455,2.6546843,2.68206,0.11315846,0.0,0.0,1.0,28.732866,3.5492709,0.0008711647,0.4573691,1.1914073,1.0
501,3.5934744,2.6849744,2.6866522,0.08484651,0.0,0.0,1.0,28.012709,3.5934744,0.0008493299,0.34229895,0.8916595,0.0
502,3.9139638,2.652642,2.6848338,0.18886122,0.0,0.0,1.0,28.012709,3.5462906,0.0008493299,0.4976069,1.2962234,1.0
503,4.2133975,2.6835234,2.6932132,0.07896686,0.0,0.0,1.0,28.030458,3.5913568,0.00084986805,0.5738657,1.4948711,1.0
504,3.929911,2.699649,2.7039728,0.05054707,0.0,0.0,1.0,26.677896,3.6148896,0.0008088591,0.47947335,1.2489871,1.0
505,3.8456097,2.5255847,2.661187,0.4721548,0.0,0.0,1.0,25.439728,3.3608716,0.00077131856,0.5420852,1.4120855,1.0
506,3.4648657,2.5728204,2.60546,0.11596454,0.0,0.0,1.0,23.954706,3.4298043,0.00072629354,0.3951021,1.0292072,1.0
507,3.7757833,2.5765007,2.6002998,0.08912511,0.0,0.0,1.0,25.40744,3.435175,0.0007703396,0.49264374,1.2832948,1.0
508,3.6942434,2.5642667,2.593996,0.16156335,0.0,0.0,1.0,25.698038,3.4173214,0.0007791504,0.47277102,1.231528,1.0
509,3.513842,2.6304069,2.6388178,0.120828465,0.0,0.0,1.0,25.698038,3.513842,0.0007791504,0.29265043,0.76232934,0.0
510,3.6325815,2.6553066,2.6550345,0.2052182,0.0,0.0,1.0,25.698038,3.550179,0.0007791504,0.40934804,1.0663166,1.0
511,3.7912874,2.6651673,2.7173915,0.10100008,0.0,0.0,1.0,25.698038,3.5645692,0.0007791504,0.45365164,1.1817237,1.0
512,3.977539,2.7007205,2.6973958,0.22944212,0.0,0.0,1.0,25.698038,3.6164532,0.0007791504,0.4934028,1.2852721,1.0
513,4.0810537,2.717166,2.7461197,0.18629825,0.0,0.0,1.0,25.698038,3.6404524,0.0007791504,0.516638,1.3457978,1.0
514,3.7446706,2.7169096,2.7619317,0.13755406,0.0,0.0,1.0,25.698038,3.6400785,0.0007791504,0.4154055,1.0820959,1.0
515,4.2899656,2.742136,2.7650394,0.22052307,0.0,0.0,1.0,25.698038,3.676892,0.0007791504,0.5667715,1.4763913,1.0
516,4.0995555,2.7109485,2.773267,0.42411664,0.0,0.0,1.0,25.698038,3.6313791,0.0007791504,0.52529854,1.3683578,1.0
517,3.6377592,2.7153203,2.7888434,0.57531506,0.0,0.0,1.0,25.698038,3.6377592,0.0007791504,0.3820059,0.9950927,0.0
518,3.8451006,2.8574,2.8611174,0.075713985,0.0,0.0,1.0,25.698038,3.8451006,0.0007791504,0.38142097,0.993569,0.0
519,3.9483292,2.8762097,2.8875666,0.07877491,0.0,0.0,1.0,25.698038,3.8725502,0.0007791504,0.40535277,1.0559093,1.0
520,4.3385487,2.9059696,2.909311,0.08569662,0.0,0.0,1.0,25.102266,3.9159799,0.0007610869,0.50224715,1.3083109,1.0
521,3.942952,2.8302996,2.9037447,0.36884233,0.0,0.0,1.0,24.533493,3.8055522,0.000743842,0.42349082,1.1031574,1.0
522,3.9725418,2.934046,2.9627771,0.123482324,0.0,0.0,1.0,23.98836,3.9569528,0.00072731386,0.3882108,1.011256,1.0
523,4.0159917,2.8766885,2.9155192,0.10066371,0.0,0.0,1.0,23.466925,3.873249,0.00071150425,0.42431158,1.1052954,1.0
524,4.148648,2.8433292,2.8822808,0.2672049,0.0,0.0,1.0,22.081282,3.8245666,0.0006694923,0.4768314,1.242105,1.0
525,3.9424248,2.7983022,2.825071,0.34569004,0.0,0.0,1.0,0.82126117,3.7588573,2.4900186e-05,0.43745443,1.1395314,1.0
526,3.752165,2.73691,2.7502055,0.3034092,0.0,0.0,1.0,0.73326063,3.6692657,2.223206e-05,0.40867022,1.064551,1.0
527,3.6248662,2.7064855,2.7310815,0.31082416,0.0,0.0,1.0,0.64526284,3.6248662,1.9564015e-05,0.3512461,0.914966,0.0
528,3.6152456,2.6861875,2.676852,0.4681972,0.0,0.0,1.0,0.64526284,3.5952446,1.9564015e-05,0.3899916,1.0158948,1.0
529,3.229734,2.4357233,2.6444402,0.49871022,0.0,0.0,1.0,0.5572668,3.229734,1.6896021e-05,0.36362657,0.9472161,0.0
530,3.2368307,2.4405863,2.6251469,0.5513122,0.0,0.0,1.0,0.5865203,3.2368307,1.7782973e-05,0.37502626,0.9769113,0.0
531,3.24469,2.4459717,2.6076257,0.5172132,0.0,0.0,1.0,0.67449075,3.24469,2.0450188e-05,0.24758217,0.64493036,0.0
532,3.7487457,2.6240826,2.6565344,0.2543163,0.0,0.0,1.0,0.7624599,3.504613,2.3117364e-05,0.4602952,1.1990297,1.0
533,3.3061092,2.4515748,2.617775,0.40773395,0.0,0.0,1.0,0.8504283,3.2528665,2.5784517e-05,0.4018426,1.0467656,1.0
534,3.556805,2.594484,2.60047,0.2684492,0.0,0.0,1.0,0.8797497,3.4614189,2.6673528e-05,0.41411498,1.0787342,1.0
535,3.4557443,2.5905957,2.5985699,0.2775321,0.0,0.0,1.0,0.9677154,3.4557443,2.9340597e-05,0.3837663,0.9996784,0.0
536,3.7357705,2.5848348,2.6283777,0.2672049,0.0,0.0,1.0,1.0556784,3.4473374,3.200759e-05,0.47565955,1.2390524,1.0
537,3.9257433,2.57105,2.6133354,0.15702751,0.0,0.0,1.0,1.0556784,3.4272206,3.200759e-05,0.5434341,1.4155993,1.0
538,3.751865,2.5567875,2.5554726,0.30923238,0.0,0.0,1.0,1.1436399,3.4064069,3.4674533e-05,0.49512374,1.289755,1.0
539,3.7095938,2.5421946,2.5869613,0.29511845,0.0,0.0,1.0,1.2316002,3.385111,3.734144e-05,0.48902708,1.2738737,1.0
540,3.469947,2.5357258,2.5809007,0.061488327,0.0,0.0,1.0,1.2609196,3.375671,3.8230388e-05,0.41452217,1.0797948,1.0
541,3.5347216,2.5356731,2.580916,0.24808064,0.0,0.0,1.0,1.3488764,3.3755941,4.089719e-05,0.43559483,1.1346873,1.0
542,3.8252378,2.5379276,2.5372393,0.31032544,0.0,0.0,1.0,1.4075145,3.378884,4.2675063e-05,0.5287817,1.3774312,1.0
543,3.382594,2.54047,2.584897,0.11031856,0.0,0.0,1.0,1.4954685,3.382594,4.534178e-05,0.35758308,0.9314733,0.0
544,3.9152417,2.5383537,2.5419476,0.15818612,0.0,0.0,1.0,1.4954685,3.3795059,4.534178e-05,0.55776423,1.4529281,1.0
545,3.855671,2.533899,2.5281954,0.3284839,0.0,0.0,1.0,1.5834206,3.3730052,4.800844e-05,0.54084224,1.4088478,1.0
546,3.652893,2.5350807,2.5638318,0.16234417,0.0,0.0,1.0,1.6127379,3.3747294,4.8897324e-05,0.4742963,1.2355013,1.0
547,3.4261875,2.535514,2.5805666,0.24808064,0.0,0.0,1.0,1.7006886,3.375362,5.1563944e-05,0.40040562,1.0430224,1.0
548,3.4852061,2.5359368,2.563185,0.11333136,0.0,0.0,1.0,1.7006886,3.375979,5.1563944e-05,0.41937676,1.0924406,1.0
549,3.4563165,2.5374172,2.579661,0.2672049,0.0,0.0,1.0,1.714116,3.3781393,5.1971052e-05,0.40927267,1.0661203,1.0
550,3.621475,2.535483,2.5347698,0.31162593,0.0,0.0,1.0,1.6455561,3.3753164,4.9892355e-05,0.46388033,1.2083685,1.0
551,3.3750165,2.5352774,2.5414796,0.19864722,0.0,0.0,1.0,1.7264681,3.3750165,5.2345564e-05,0.35888743,0.9348711,0.0
552,3.373012,2.5339038,2.517976,0.2561125,0.0,0.0,1.0,1.7263234,3.373012,5.2341176e-05,0.3024088,0.7877491,0.0
553,3.3773084,2.5368478,2.5255573,0.34370023,0.0,0.0,1.0,1.7717965,3.3773084,5.3719894e-05,0.372756,0.9709975,0.0
554,3.5651476,2.53629,2.53333,0.3109254,0.0,0.0,1.0,1.7378701,3.3764942,5.2691266e-05,0.4451724,1.159636,1.0
555,3.3836007,2.5411596,2.572352,0.1613029,0.0,0.0,1.0,1.815668,3.3836007,5.5050055e-05,0.3761146,0.9797464,0.0
556,3.3893745,2.5451162,2.5544622,0.15836997,0.0,0.0,1.0,1.815668,3.3893745,5.5050055e-05,0.3762653,0.9801389,0.0
557,3.396402,2.5499315,2.5472186,0.21564604,0.0,0.0,1.0,1.8934622,3.396402,5.740873e-05,0.2796227,0.7283932,0.0
558,3.4012356,2.5532439,2.5561268,0.15342808,0.0,0.0,1.0,1.8934622,3.4012356,5.740873e-05,0.33576757,0.87464577,0.0
559,3.4020073,2.5537727,2.5621653,0.15318297,0.0,0.0,1.0,1.8980665,3.4020073,5.7548332e-05,0.32276478,0.84077466,0.0
560,3.559277,2.5592954,2.544162,0.59590274,0.0,0.0,1.0,1.7981856,3.4100668,5.452e-05,0.43188226,1.1250163,1.0
561,3.4139466,2.561954,2.5687187,0.15818614,0.0,0.0,1.0,1.8059607,3.4139466,5.4755732e-05,0.36779377,0.9580713,0.0
562,3.425524,2.5698874,2.6212885,0.15035994,0.0,0.0,1.0,1.7127113,3.425524,5.1928466e-05,0.37490895,0.9766058,0.0
563,3.5808375,2.5507143,2.62179,0.13028467,0.0,0.0,1.0,1.6224217,3.3975441,4.9190934e-05,0.44306228,1.1541393,1.0
564,3.4686387,2.575892,2.631443,0.12915583,0.0,0.0,1.0,1.5735565,3.4342868,4.7709367e-05,0.39486092,1.0285789,1.0
565,3.433929,2.5756469,2.612646,0.1613029,0.0,0.0,1.0,1.5645576,3.433929,4.7436522e-05,0.33818525,0.88094366,0.0
566,3.5439925,2.5788124,2.6393576,0.06451296,0.0,0.0,1.0,1.4486789,3.4385486,4.3923144e-05,0.4175243,1.0876151,1.0
567,3.7354765,2.5817118,2.5877478,0.5171669,0.0,0.0,1.0,1.4122403,3.4427798,4.281835e-05,0.47713935,1.2429072,1.0
568,3.458106,2.592214,2.6242316,0.4073124,0.0,0.0,1.0,1.3639289,3.458106,4.1353574e-05,0.3806083,0.99145204,0.0
569,3.4513204,2.5875642,2.585008,0.37405938,0.0,0.0,1.0,1.3344238,3.4513204,4.0458995e-05,0.37258998,0.970565,0.0
570,3.464358,2.5964983,2.6076553,0.3509654,0.0,0.0,1.0,1.3561832,3.464358,4.111873e-05,0.3423916,0.89190084,0.0
571,3.5346427,2.6037278,2.6620822,0.26646024,0.0,0.0,1.0,1.4518986,3.4749086,4.4020766e-05,0.4027443,1.0491145,1.0
572,3.4804943,2.6075554,2.645102,0.4073124,0.0,0.0,1.0,1.4803443,3.4804943,4.4883225e-05,0.3812161,0.9930354,0.0
573,3.4702563,2.60054,2.6033309,0.14467733,0.0,0.0,1.0,1.5621537,3.4702563,4.736364e-05,0.31101415,0.8101652,0.0
574,3.5344484,2.633991,2.6644263,0.07131166,0.0,0.0,1.0,1.6235945,3.5190725,4.922649e-05,0.38868213,1.0124837,1.0
575,3.5844436,2.6075597,2.6567438,0.35574841,0.0,0.0,1.0,1.5915244,3.4805005,4.8254144e-05,0.41664594,1.085327,1.0
576,3.5126336,2.610944,2.6530929,0.20584515,0.0,0.0,1.0,1.5705864,3.4854393,4.7619316e-05,0.39244747,1.0222921,1.0
577,3.4841917,2.610089,2.6080859,0.22236681,0.0,0.0,1.0,1.5672691,3.4841917,4.7518737e-05,0.36902907,0.96128917,0.0
578,3.4842606,2.6101363,2.6808279,0.058682974,0.0,0.0,1.0,1.5981802,3.4842606,4.8455942e-05,0.36614463,0.9537754,0.0
579,3.501861,2.622197,2.682931,0.051763523,0.0,0.0,1.0,1.5981804,3.501861,4.845595e-05,0.36013377,0.9381177,0.0
580,3.4935608,2.6165092,2.6140382,0.21508498,0.0,0.0,1.0,1.6279649,3.4935608,4.9358998e-05,0.3646302,0.9498305,0.0
581,3.4962249,2.6183348,2.6156971,0.21393113,0.0,0.0,1.0,1.6712754,3.4962249,5.0672148e-05,0.34970173,0.9109431,0.0
582,3.5419831,2.6212397,2.634595,0.12714988,0.0,0.0,1.0,1.7008294,3.5004642,5.156821e-05,0.39689913,1.0338883,1.0
583,3.5077572,2.6262372,2.6217608,0.19990069,0.0,0.0,1.0,1.7008306,3.5077572,5.1568248e-05,0.32781968,0.8539422,0.0
584,3.509854,2.627674,2.640104,0.20164923,0.0,0.0,1.0,1.6907853,3.509854,5.126368e-05,0.37701958,0.98210377,0.0
585,3.521557,2.6356936,2.6411335,0.1916934,0.0,0.0,1.0,1.7741096,3.521557,5.3790027e-05,0.3591249,0.93548965,0.0
586,3.5490909,2.645533,2.654836,0.20141162,0.0,0.0,1.0,1.7118794,3.5359163,5.190324e-05,0.3879764,1.0106454,1.0
587,3.6636987,2.6557567,2.7349298,0.16697976,0.0,0.0,1.0,1.7595204,3.5508358,5.3347692e-05,0.41875228,1.0908139,1.0
588,3.568375,2.6677754,2.661668,0.19953819,0.0,0.0,1.0,1.7662164,3.568375,5.355071e-05,0.34247172,0.8921095,0.0
589,3.593125,2.684735,2.6797762,0.19990069,0.0,0.0,1.0,1.8350037,3.593125,5.5636305e-05,0.35885808,0.9347946,0.0
590,3.638062,2.69784,2.712349,0.12635966,0.0,0.0,1.0,1.8093979,3.6122494,5.485995e-05,0.39172757,1.0204169,1.0
591,3.7170918,2.7155938,2.7346826,0.16733281,0.0,0.0,1.0,1.8430848,3.6381583,5.588132e-05,0.4076865,1.0619885,1.0
592,3.6485145,2.7226903,2.8069756,0.06282036,0.0,0.0,1.0,1.8093969,3.6485145,5.4859916e-05,0.36997336,0.96374893,0.0
593,3.7337918,2.7367911,2.821176,0.16572896,0.0,0.0,1.0,1.848544,3.6690922,5.6046836e-05,0.4032309,1.050382,1.0
594,3.8448064,2.7470157,2.795879,0.16778116,0.0,0.0,1.0,1.8809814,3.6840131,5.7030324e-05,0.4317622,1.1247035,1.0
595,3.7978554,2.7542722,2.8402328,0.075273655,0.0,0.0,1.0,1.8691471,3.694603,5.667151e-05,0.41454256,1.0798479,1.0
596,4.0492005,2.8462844,2.846779,0.127131,0.0,0.0,1.0,1.8574932,3.8288794,5.631817e-05,0.44700336,1.1644056,1.0
597,3.9933267,2.8557212,2.8557532,0.17497598,0.0,0.0,1.0,1.9265949,3.842651,5.8413294e-05,0.42689788,1.1120324,1.0
598,4.0729346,2.7772956,2.8635724,0.06373384,0.0,0.0,1.0,1.9605043,3.7282016,5.9441412e-05,0.48530927,1.2641891,1.0
599,3.874475,2.781302,2.8668976,0.06471273,0.0,0.0,1.0,1.8541878,3.7340484,5.6217956e-05,0.4251383,1.1074489,1.0
600,3.8991082,2.87192,2.8707628,0.127131,0.0,0.0,1.0,1.8759962,3.8662903,5.6879173e-05,0.3931999,1.024252,1.0
601,3.9238737,2.8739681,2.8725893,0.04151962,0.0,0.0,1.0,1.8730961,3.8692791,5.6791243e-05,0.3993657,1.0403135,1.0
602,3.8670743,2.8724573,2.8713207,0.14434479,0.0,0.0,1.0,1.8356633,3.8670743,5.5656303e-05,0.3481696,0.906952,0.0
603,3.9785993,2.8702998,2.8696663,0.03753552,0.0,0.0,1.0,1.8321251,3.8639257,5.5549022e-05,0.41644147,1.0847944,1.0
604,3.8690195,2.7774303,2.870181,0.057469,0.0,0.0,1.0,1.7939819,3.7283983,5.4392545e-05,0.42525807,1.1077609,1.0
605,4.0200157,2.8718143,2.870618,0.037535522,0.0,0.0,1.0,1.7558035,3.8661358,5.3234995e-05,0.42754567,1.1137199,1.0
606,3.9289937,2.870257,2.8692503,0.037535522,0.0,0.0,1.0,1.6858472,3.8638632,5.111396e-05,0.40237826,1.0481609,1.0
607,3.8283365,2.7679617,2.8642583,0.057469,0.0,0.0,1.0,1.711937,3.7145805,5.1904986e-05,0.41747925,1.0874977,1.0
608,4.2539825,2.8639517,2.8640242,0.03753552,0.0,0.0,1.0,1.6411791,3.8546617,4.975965e-05,0.4975149,1.2959838,1.0
609,3.7087023,2.7624147,2.8613627,0.057469,0.0,0.0,1.0,1.6528133,3.7064855,5.011239e-05,0.38454568,1.0017086,1.0
610,3.9242792,2.8158348,2.8647983,0.051763523,0.0,0.0,1.0,1.5395602,3.7844431,4.667862e-05,0.42441776,1.105572,1.0
611,3.8195064,2.8184187,2.8683343,0.051763523,0.0,0.0,1.0,1.4886845,3.788214,4.5136097e-05,0.39295012,1.0236014,1.0
612,3.857924,2.866187,2.8730721,0.050875798,0.0,0.0,1.0,1.4236495,3.857924,4.316427e-05,0.32528085,0.8473288,0.0
613,3.9071372,2.8999102,2.9985664,0.06318643,0.0,0.0,1.0,22.664856,3.9071372,0.00068718597,0.37219873,0.96954584,0.0
614,4.0397334,2.990771,3.0862403,0.24808064,0.0,0.0,1.0,22.700262,4.0397334,0.00068825943,0.3557548,0.9267108,0.0
615,4.1485434,3.0653324,3.1591892,0.24808064,0.0,0.0,1.0,22.326443,4.1485434,0.00067692547,0.343474,0.8947204,0.0
616,4.34596,3.200611,3.206015,0.037535522,0.0,0.0,1.0,22.373867,4.34596,0.0006783633,0.2981507,0.77665704,0.0
617,4.2660537,3.1458557,3.2409313,0.07691752,0.0,0.0,1.0,22.012589,4.2660537,0.00066740956,0.31238976,0.8137486,0.0
618,4.4455023,3.268822,3.27646,0.049938887,0.0,0.0,1.0,22.049152,4.4455023,0.0006685182,0.27296722,0.71105623,0.0
619,4.3729854,3.21913,3.3100634,0.0667194,0.0,0.0,1.0,22.085285,4.3729854,0.0006696137,0.3218017,0.8382659,0.0
620,4.531516,3.3277626,3.336373,0.14362875,0.0,0.0,1.0,22.121878,4.531516,0.00067072315,0.28702646,0.7476794,0.0
621,4.4567814,3.276551,3.3619874,0.06318642,0.0,0.0,1.0,21.805283,4.4567814,0.0006611242,0.3658643,0.95304525,0.0
622,4.583791,3.3635836,3.4117432,0.25170377,0.0,0.0,1.0,21.840782,4.583791,0.0006622005,0.36548397,0.9520545,0.0
623,4.7843866,3.492681,3.5133529,0.14434479,0.0,0.0,1.0,22.670004,4.772187,0.000687342,0.38669363,1.0073038,1.0
624,4.7717237,3.4923635,3.5761063,0.24808064,0.0,0.0,1.0,23.566158,4.7717237,0.00071451295,0.33925042,0.8837183,0.0
625,4.8423204,3.5407395,3.6173642,0.07527366,0.0,0.0,1.0,24.060543,4.8423204,0.0007295024,0.32962078,0.85863394,0.0
626,4.9304924,3.5721765,3.6477246,0.1683314,0.0,0.0,1.0,26.706602,4.8881974,0.0008097295,0.39338,1.0247213,1.0
627,5.027263,3.6674705,3.6743565,0.050875798,0.0,0.0,1.0,28.587013,5.027263,0.0008667425,0.3188953,0.83069503,0.0
628,4.79744,3.5099854,3.7028747,0.44759965,0.0,0.0,1.0,30.742783,4.79744,0.00093210425,0.34914082,0.909482,0.0
629,4.6799746,3.4294927,3.6268823,0.35751435,0.0,0.0,1.0,30.08068,4.6799746,0.0009120297,0.31231806,0.8135618,0.0
630,4.938111,3.5146787,3.5913777,0.054104898,0.0,0.0,1.0,30.08068,4.8042893,0.0009120297,0.41444138,1.0795844,1.0
631,5.029024,3.6013644,3.6078405,0.037535522,0.0,0.0,1.0,30.08068,4.9307923,0.0009120297,0.40574098,1.0569205,1.0
632,4.960377,3.621637,3.637237,0.050875798,0.0,0.0,1.0,30.08068,4.960377,0.0009120297,0.2828865,0.73689514,0.0
633,4.7237124,3.4594638,3.5554101,0.46512622,0.0,0.0,1.0,30.08068,4.7237124,0.0009120297,0.3686259,0.96023893,0.0
634,4.845243,3.5427423,3.694427,0.26342836,0.0,0.0,1.0,30.08068,4.845243,0.0009120297,0.3339875,0.8700089,0.0
635,4.9928365,3.6438797,3.7094479,0.150375,0.0,0.0,1.0,30.08068,4.9928365,0.0009120297,0.27142453,0.7070377,0.0
636,4.9564595,3.6189525,3.7693496,0.32939103,0.0,0.0,1.0,30.08068,4.9564595,0.0009120297,0.32936987,0.8579804,0.0
637,5.1079283,3.722746,3.8131456,0.35170403,0.0,0.0,1.0,30.08068,5.1079283,0.0009120297,0.27532628,0.7172014,0.0
638,5.14087,3.745319,3.8189893,0.0571494,0.0,0.0,1.0,29.882069,5.14087,0.0009060079,0.37106037,0.9665805,0.0
639,5.2254434,3.8032725,3.8168352,0.05335021,0.0,0.0,1.0,29.882069,5.2254434,0.0009060079,0.37671772,0.9813174,0.0
640,5.0645843,3.6930444,3.8142157,0.32939103,0.0,0.0,1.0,29.882069,5.0645843,0.0009060079,0.3831366,0.99803805,0.0
641,5.0475187,3.6813505,3.8248968,0.26583093,0.0,0.0,1.0,29.882069,5.0475187,0.0009060079,0.3001686,0.7819135,0.0
642,5.4183717,3.766206,3.8376498,0.07257246,0.0,0.0,1.0,29.882069,5.1713514,0.0009060079,0.43628204,1.1364774,1.0
643,5.197683,3.7842498,3.8561041,0.23236412,0.0,0.0,1.0,29.882069,5.197683,0.0009060079,0.31585702,0.82278055,0.0
644,5.2761683,3.8380313,3.9037263,0.1871581,0.0,0.0,1.0,29.882069,5.2761683,0.0009060079,0.33816758,0.88089764,0.0
645,5.358201,3.8942437,3.936528,0.25120643,0.0,0.0,1.0,29.882069,5.358201,0.0009060079,0.2826751,0.7363444,0.0
646,5.436472,3.9478786,3.9711351,0.19492958,0.0,0.0,1.0,29.882069,5.436472,0.0009060079,0.29697502,0.7735945,0.0
647,6.0806546,3.952073,3.95672,0.035983514,0.0,0.0,1.0,29.782764,5.442593,0.00090299704,0.5124762,1.3349566,1.0
648,5.5533547,3.9155965,3.932264,0.08228602,0.0,0.0,1.0,29.782764,5.389362,0.00090299704,0.4172652,1.0869402,1.0
649,5.367805,3.9008248,3.9090223,0.16850215,0.0,0.0,1.0,29.075771,5.367805,0.00088156137,0.34286568,0.8931358,0.0
650,5.2898016,3.8473735,3.917643,0.18359831,0.0,0.0,1.0,27.756126,5.2898016,0.00084155047,0.31581932,0.8226823,0.0
651,5.3846116,3.9123416,3.9250684,0.06755421,0.0,0.0,1.0,26.5494,5.3846116,0.00080496323,0.34814045,0.9068761,0.0
652,5.483098,3.9205997,3.9259965,0.04151962,0.0,0.0,1.0,25.414967,5.396663,0.0007705678,0.40145695,1.045761,1.0
653,5.626733,3.9243894,3.9286666,0.03753552,0.0,0.0,1.0,24.896341,5.4021935,0.00075484335,0.42947888,1.1187557,1.0
654,5.5724173,3.877495,3.9253402,0.13663222,0.0,0.0,1.0,24.896341,5.333759,0.00075484335,0.4329671,1.1278423,1.0
655,5.393018,3.9181018,3.9676037,0.17964332,0.0,0.0,1.0,24.053167,5.393018,0.0007292788,0.3793867,0.98826987,0.0
656,5.5350065,3.9848,3.9880204,0.035983514,0.0,0.0,1.0,22.717012,5.4903526,0.0006887673,0.3928105,1.0232377,1.0
657,5.6954103,3.964435,4.007936,0.15734099,0.0,0.0,1.0,22.304039,5.4606333,0.0006762462,0.4310473,1.1228414,1.0
658,6.023514,4.025151,4.0472846,0.14893723,0.0,0.0,1.0,22.304039,5.5492377,0.0006762462,0.47763225,1.2441912,1.0
659,6.001599,4.0279555,4.0690517,0.14373335,0.0,0.0,1.0,21.905775,5.553331,0.00066417106,0.47242635,1.2306303,1.0
660,6.02793,3.9722714,4.053708,0.12697044,0.0,0.0,1.0,10.37404,5.4720693,0.00031453517,0.49530712,1.2902327,1.0
661,5.9570804,4.0355015,4.0502114,0.15056196,0.0,0.0,1.0,6.2456946,5.564343,0.00018936602,0.46130502,1.2016602,1.0
662,5.8376803,4.0191154,4.0301595,0.1579415,0.0,0.0,1.0,6.1334395,5.54043,0.00018596252,0.4427358,1.1532888,1.0
663,5.8837066,3.9885755,4.043586,0.13867284,0.0,0.0,1.0,6.0120497,5.4958625,0.00018228203,0.4612932,1.2016293,1.0
664,5.7389755,4.046684,4.056677,0.048415843,0.0,0.0,1.0,5.835191,5.580662,0.00017691977,0.41500476,1.081052,1.0
665,5.7992706,4.0613947,4.0708075,0.050875798,0.0,0.0,1.0,5.6125093,5.60213,0.00017016819,0.4224875,1.1005437,1.0
666,6.1648655,4.0747666,4.0804844,0.07656743,0.0,0.0,1.0,5.3771424,5.621644,0.000163032,0.4898766,1.2760867,1.0
667,6.165373,4.082606,4.0892825,0.07702329,0.0,0.0,1.0,4.061916,5.633084,0.00012315506,0.48753276,1.2699811,1.0
668,5.8204837,4.0570583,4.064241,0.07158258,0.0,0.0,1.0,2.985758,5.5958014,9.052654e-05,0.42792958,1.11472,1.0
669,5.658015,4.0416393,4.04632,0.048415843,0.0,0.0,1.0,2.9536319,5.5733,8.955249e-05,0.40056172,1.043429,1.0
670,5.554617,4.0235467,4.0269084,0.053350214,0.0,0.0,1.0,2.9417324,5.546897,8.919171e-05,0.38541624,1.0039763,1.0
671,5.466098,3.9681795,3.9725907,0.048415843,0.0,0.0,1.0,2.7648022,5.466098,8.382728e-05,0.3832079,0.9982238,0.0
672,5.416131,3.9339402,3.9394932,0.048415843,0.0,0.0,1.0,2.7117534,5.416131,8.221887e-05,0.37064025,0.96548617,0.0
673,5.3644905,3.8985536,3.9064715,0.050875798,0.0,0.0,1.0,0.2153914,5.3644905,6.5305485e-06,0.38105142,0.99260634,0.0
674,5.679296,3.8149576,3.8528054,0.13408683,0.0,0.0,1.0,0.22876327,5.242496,6.935976e-06,0.4752764,1.2380544,1.0
675,5.778208,3.7979505,3.806038,0.09361434,0.0,0.0,1.0,0.29366088,5.217677,8.903637e-06,0.501721,1.3069403,1.0
676,5.533585,3.7781944,3.7853625,0.050875798,0.0,0.0,1.0,0.4179105,5.188846,1.2670816e-05,0.45676133,1.1898242,1.0
677,5.367253,3.7483778,3.755365,0.050875798,0.0,0.0,1.0,0.44414735,5.145334,1.3466303e-05,0.43119612,1.123229,1.0
678,5.599095,3.6755345,3.7292833,0.26114708,0.0,0.0,1.0,0.4577391,5.039031,1.3878398e-05,0.5057969,1.3175577,1.0
679,5.5557055,3.6541743,3.7039762,0.26114708,0.0,0.0,1.0,0.49348593,5.0078597,1.4962222e-05,0.50387967,1.3125634,1.0
680,5.1591983,3.6509101,3.6723776,0.07638278,0.0,0.0,1.0,0.5315631,5.003096,1.61167e-05,0.41811204,1.0891461,1.0
681,4.919179,3.5934062,3.6402452,0.13408683,0.0,0.0,1.0,0.5722066,4.919179,1.734899e-05,0.30612335,0.79742515,0.0
682,4.971567,3.5839803,3.594591,0.0863408,0.0,0.0,1.0,0.8021388,4.905423,2.4320407e-05,0.3986793,1.0385255,1.0
683,5.0712647,3.483761,3.5734324,0.10442903,0.0,0.0,1.0,1.2196308,4.75917,3.6978538e-05,0.45581707,1.1873645,1.0
684,4.815756,3.5225363,3.5397909,0.050875798,0.0,0.0,1.0,1.2650698,4.815756,3.8356222e-05,0.2991479,0.7792547,0.0
685,4.668479,3.4216156,3.5118651,0.24769932,0.0,0.0,1.0,1.3105085,4.668479,3.9733895e-05,0.37970343,0.989095,0.0
686,5.093525,3.3927834,3.4808216,0.25056884,0.0,0.0,1.0,1.3105085,4.6264033,3.9733895e-05,0.49463493,1.2884817,1.0
687,4.823703,3.4316084,3.4486887,0.050875798,0.0,0.0,1.0,1.3559453,4.683062,4.1111518e-05,0.41682956,1.0858053,1.0
688,4.9244704,3.3902383,3.418884,0.283411,0.0,0.0,1.0,1.3862365,4.6226892,4.202993e-05,0.4554935,1.1865216,1.0
689,4.6127996,3.3834615,3.3965125,0.050875798,0.0,0.0,1.0,1.4316723,4.6127996,4.340752e-05,0.3057844,0.7965422,0.0
690,4.8853397,3.3594062,3.3755488,0.2602699,0.0,0.0,1.0,1.4468178,4.577695,4.386672e-05,0.45760235,1.1920149,1.0
691,4.6801906,3.3311253,3.3538375,0.076330915,0.0,0.0,1.0,1.4922522,4.5364237,4.5244265e-05,0.4186501,1.0905477,1.0
692,4.322097,3.1842592,3.3341057,0.39147797,0.0,0.0,1.0,1.5376856,4.322097,4.6621783e-05,0.34260002,0.8924437,0.0
693,4.522087,3.2624004,3.3102276,0.054418698,0.0,0.0,1.0,1.4715388,4.436131,4.4616245e-05,0.4051424,1.0553613,1.0
694,4.440907,3.2014608,3.2883456,0.3274732,0.0,0.0,1.0,1.4325652,4.3472,4.343459e-05,0.40753278,1.061588,1.0
695,4.4234204,3.1771996,3.265837,0.3274732,0.0,0.0,1.0,1.488724,4.3117948,4.513729e-05,0.41228497,1.0739671,1.0
696,4.2577853,3.1130471,3.2361887,0.41654685,0.0,0.0,1.0,1.488724,4.218175,4.513729e-05,0.39418942,1.0268297,1.0
697,4.1985025,3.0926406,3.192787,0.27515718,0.0,0.0,1.0,1.5308423,4.188395,4.6414298e-05,0.3865367,1.0068951,1.0
698,4.185058,3.0663953,3.1791089,0.42819354,0.0,0.0,1.0,1.5448813,4.1500945,4.6839952e-05,0.39313027,1.0240707,1.0
699,4.2855496,3.1592152,3.1571143,0.15734099,0.0,0.0,1.0,1.5869987,4.2855496,4.8116926e-05,0.33037582,0.86060077,0.0
700,4.154066,3.0691168,3.1295707,0.12853079,0.0,0.0,1.0,1.5869987,4.154066,4.8116926e-05,0.34586185,0.90094054,0.0
701,4.2554665,3.0809443,3.0990405,0.050875798,0.0,0.0,1.0,1.6291144,4.171326,4.9393853e-05,0.40601403,1.0576319,1.0
702,4.12945,3.0522487,3.070852,0.2602699,0.0,0.0,1.0,1.5914766,4.12945,4.8252692e-05,0.38042462,0.9909736,0.0
703,4.1027145,3.0339286,3.052214,0.06147055,0.0,0.0,1.0,1.5595926,4.1027145,4.728599e-05,0.28935912,0.75375575,0.0
704,4.0007715,2.9640727,3.0250647,0.25949624,0.0,0.0,1.0,1.5139728,4.0007715,4.590282e-05,0.30707583,0.79990625,0.0
705,4.1343913,2.9965265,3.011014,0.27631894,0.0,0.0,1.0,1.392344,4.0481324,4.2215102e-05,0.40726137,1.060881,1.0
706,4.3394637,2.9498165,2.992916,0.27379775,0.0,0.0,1.0,1.266833,3.979967,3.840968e-05,0.48296246,1.258076,1.0
707,4.0179687,2.975857,2.9725084,0.15734099,0.0,0.0,1.0,1.262147,4.0179687,3.82676e-05,0.3838284,0.99984014,0.0
708,4.3757563,2.9526207,2.9483933,0.20541318,0.0,0.0,1.0,1.2102879,3.9840593,3.6695263e-05,0.49172553,1.280903,1.0
709,4.171585,2.8733077,2.9236019,0.18609276,0.0,0.0,1.0,1.2207302,3.8683152,3.701187e-05,0.4698794,1.2239956,1.0
710,4.4018297,2.8536227,2.9033194,0.15558699,0.0,0.0,1.0,1.2063336,3.8395882,3.6575373e-05,0.54450136,1.4183794,1.0
711,3.9832428,2.8744676,2.8795762,0.13588646,0.0,0.0,1.0,1.21365,3.870008,3.67972e-05,0.41598243,1.0835986,1.0
712,4.0464516,2.849578,2.861411,0.035983514,0.0,0.0,1.0,1.1890587,3.8336856,3.6051606e-05,0.44476265,1.1585686,1.0
713,3.7928782,2.8216147,2.8419187,0.057289902,0.0,0.0,1.0,1.2445462,3.7928782,3.7733957e-05,0.36992216,0.9636156,0.0
714,3.732652,2.7479959,2.8216083,0.12853079,0.0,0.0,1.0,1.3042209,3.6854436,3.954326e-05,0.39793944,1.0365982,1.0
715,3.7584767,2.7785308,2.7952478,0.18365403,0.0,0.0,1.0,1.3420116,3.7300043,4.0689054e-05,0.39226225,1.0218096,1.0
716,3.6677067,2.699004,2.748296,0.15735142,0.0,0.0,1.0,1.4119642,3.613948,4.2809977e-05,0.4002054,1.0425009,1.0
717,3.6889863,2.7121084,2.7490897,0.07638278,0.0,0.0,1.0,1.4733441,3.633072,4.4670982e-05,0.40077043,1.0439727,1.0
718,3.6986308,2.6940026,2.7159925,0.08139372,0.0,0.0,1.0,1.5761193,3.6066494,4.778707e-05,0.41186243,1.0728664,1.0
719,3.5772386,2.6738489,2.7078953,0.18243848,0.0,0.0,1.0,1.6574454,3.5772386,5.0252835e-05,0.33477736,0.8720664,0.0
720,3.503772,2.6225755,2.677066,0.2714027,0.0,0.0,1.0,1.6943111,3.5024135,5.137058e-05,0.38431528,1.0011084,1.0
721,3.60557,2.6332343,2.6483197,0.1777639,0.0,0.0,1.0,1.8316689,3.5179682,5.553519e-05,0.4112022,1.0711465,1.0
722,3.4781718,2.605964,2.6207497,0.14470899,0.0,0.0,1.0,1.9278114,3.4781718,5.845018e-05,0.38288134,0.99737316,0.0
723,3.4177237,2.5645423,2.5811217,0.07482398,0.0,0.0,1.0,1.9088374,3.4177237,5.7874902e-05,0.34669647,0.9031146,0.0
724,3.3872585,2.5436661,2.5664132,0.13743065,0.0,0.0,1.0,1.8314337,3.3872585,5.552806e-05,0.28464875,0.74148566,0.0
725,3.3726795,2.533676,2.5550213,0.23336351,0.0,0.0,1.0,1.8223445,3.3726795,5.5252483e-05,0.37317994,0.9721018,0.0
726,3.3438644,2.5139306,2.5328834,0.25355104,0.0,0.0,1.0,1.8496513,3.3438644,5.608041e-05,0.35143453,0.9154569,0.0
727,3.373519,2.4958813,2.5118885,0.12906542,0.0,0.0,1.0,1.8067919,3.3175244,5.4780936e-05,0.40240246,1.048224,1.0
728,3.6091435,2.480872,2.4970417,0.050913867,0.0,0.0,1.0,1.8314348,3.295621,5.5528097e-05,0.48823434,1.2718087,1.0
729,3.6251502,2.4547956,2.4562852,0.11766079,0.0,0.0,1.0,1.831447,3.2575667,5.5528464e-05,0.5076558,1.3224,1.0
730,3.5206218,2.4457684,2.4643803,0.05585955,0.0,0.0,1.0,1.8041264,3.244393,5.470012e-05,0.47727403,1.243258,1.0
731,3.5023663,2.444268,2.4546933,0.22648641,0.0,0.0,1.0,1.8898386,3.2422035,5.7298865e-05,0.47190207,1.2292645,1.0
732,3.3571906,2.4459138,2.4446397,0.071359456,0.0,0.0,1.0,1.9090556,3.2446053,5.7881516e-05,0.42194885,1.0991406,1.0
733,3.4537535,2.4454014,2.4480019,0.15394053,0.0,0.0,1.0,1.9071941,3.2438576,5.7825077e-05,0.45486066,1.1848731,1.0
734,3.440305,2.4434822,2.443943,0.05585955,0.0,0.0,1.0,1.8975828,3.2410567,5.7533667e-05,0.4513187,1.1756467,1.0
735,3.3924747,2.4417708,2.4408333,0.07917333,0.0,0.0,1.0,1.9072194,3.2385592,5.7825844e-05,0.43601742,1.1357881,1.0
736,3.3130817,2.4459817,2.4451857,0.05666412,0.0,0.0,1.0,1.9423016,3.2447045,5.8889516e-05,0.4070037,1.0602099,1.0
737,3.2599194,2.4465299,2.4465196,0.05585955,0.0,0.0,1.0,1.8862224,3.2455044,5.7189223e-05,0.38876137,1.0126901,1.0
738,3.525747,2.4456563,2.4458055,0.047277767,0.0,0.0,1.0,1.9717242,3.2442296,5.9781592e-05,0.47906673,1.2479279,1.0
739,3.3514647,2.447621,2.449003,0.04151962,0.0,0.0,1.0,1.9219649,3.2470968,5.827292e-05,0.4191439,1.091834,1.0
740,3.480104,2.4327292,2.4525032,0.40996766,0.0,0.0,1.0,1.8469406,3.2253647,5.5998225e-05,0.47051728,1.2256572,1.0
741,3.6341994,2.4327335,2.4335656,0.49176756,0.0,0.0,1.0,1.9002393,3.225371,5.7614212e-05,0.52291703,1.3621541,1.0
742,3.316711,2.4482262,2.451384,0.050875798,0.0,0.0,1.0,1.8389606,3.2479799,5.5756274e-05,0.4070999,1.0604604,1.0
743,3.3538682,2.4444416,2.4475589,0.050875798,0.0,0.0,1.0,1.8185463,3.242457,5.5137323e-05,0.42157704,1.0981721,1.0
744,3.719231,2.4270654,2.451894,0.44899413,0.0,0.0,1.0,1.8363421,3.2170992,5.5676883e-05,0.555085,1.445949,1.0
745,3.6192875,2.4239986,2.448138,0.44759965,0.0,0.0,1.0,1.8227179,3.2126236,5.5263805e-05,0.52272964,1.361666,1.0
746,3.3574183,2.4470952,2.447032,0.04151962,0.0,0.0,1.0,1.8016276,3.2463293,5.4624357e-05,0.42142305,1.097771,1.0
747,3.795505,2.4209075,2.4482331,0.41060796,0.0,0.0,1.0,1.7981367,3.2081127,5.4518514e-05,0.58471453,1.5231314,1.0
748,3.3416913,2.4378576,2.4396994,0.047277767,0.0,0.0,1.0,1.7115047,3.2328486,5.1891882e-05,0.42081743,1.0961934,1.0
749,3.6545415,2.4340653,2.4347754,0.11841493,0.0,0.0,1.0,1.6551039,3.2273145,5.018184e-05,0.5290862,1.3782243,1.0
750,3.3315842,2.443516,2.444697,0.035983514,0.0,0.0,1.0,1.6244774,3.241106,4.925326e-05,0.4145086,1.0797595,1.0
751,3.5127528,2.444507,2.4437726,0.050913867,0.0,0.0,1.0,1.6436361,3.242552,4.9834143e-05,0.4752881,1.2380848,1.0
752,3.410725,2.4462388,2.4471962,0.03753552,0.0,0.0,1.0,1.6120526,3.2450795,4.8876547e-05,0.43987757,1.1458434,1.0
753,3.320643,2.4467878,2.4463387,0.035983514,0.0,0.0,1.0,1.5804355,3.2458808,4.7917936e-05,0.40915295,1.0658084,1.0
754,3.5568874,2.4002395,2.4353666,0.4827557,0.0,0.0,1.0,1.5019059,3.1779513,4.5536963e-05,0.51467454,1.3406832,1.0
755,3.3358104,2.4129364,2.4441335,0.21535036,0.0,0.0,1.0,1.4940561,3.1964803,4.529896e-05,0.43169907,1.1245391,1.0
756,3.2459633,2.4468443,2.4464812,0.25015095,0.0,0.0,1.0,1.4856273,3.2459633,4.50434e-05,0.38067955,0.99163765,0.0
757,3.3305209,2.4446995,2.4437675,0.050875798,0.0,0.0,1.0,1.4225818,3.2428334,4.31319e-05,0.41354838,1.0772581,1.0
758,3.4442708,2.4447708,2.4438822,0.050913867,0.0,0.0,1.0,1.3808076,3.2429373,4.186533e-05,0.451985,1.1773822,1.0
759,3.4292624,2.445881,2.4456203,0.04442583,0.0,0.0,1.0,1.3486887,3.2445574,4.08915e-05,0.44632965,1.1626506,1.0
760,3.2887893,2.4477131,2.4463322,0.050913867,0.0,0.0,1.0,1.3597648,3.247231,4.1227322e-05,0.397927,1.0365658,1.0
761,3.5651538,2.395366,2.4462087,0.063127495,0.0,0.0,1.0,1.2328043,3.170839,3.7377948e-05,0.5202876,1.3553046,1.0
762,3.4377928,2.4472039,2.446456,0.037535522,0.0,0.0,1.0,1.180143,3.2464879,3.5781286e-05,0.44852224,1.168362,1.0
763,3.4968708,2.3907044,2.4459128,0.40996766,0.0,0.0,1.0,1.106393,3.1640363,3.3545228e-05,0.49926844,1.3005515,1.0
764,3.257106,2.45448,2.4561508,0.04151962,0.0,0.0,1.0,1.0537198,3.257106,3.1948202e-05,0.30116695,0.7845141,0.0
765,3.402455,2.4588578,2.458792,0.04727777,0.0,0.0,1.0,0.9159582,3.263495,2.777135e-05,0.43059278,1.1216574,1.0
766,3.4758093,2.4545317,2.4541936,0.04727777,0.0,0.0,1.0,0.86853385,3.2571816,2.6333468e-05,0.4575107,1.1917763,1.0
767,3.4263916,2.4572735,2.4577916,0.050875798,0.0,0.0,1.0,0.776592,3.2611828,2.3545843e-05,0.43945408,1.1447403,1.0
768,3.3883412,2.38737,2.4543447,0.41091815,0.0,0.0,1.0,0.72549975,3.1591706,2.1996753e-05,0.46345514,1.207261,1.0
769,3.343204,2.3874168,2.4396842,0.460409,0.0,0.0,1.0,0.602961,3.1592388,1.8281446e-05,0.4477591,1.1663741,1.0
770,3.6519668,2.3887112,2.4408646,0.4591377,0.0,0.0,1.0,0.54602647,3.1611276,1.6555223e-05,0.554198,1.4436384,1.0
771,3.5502262,2.4587543,2.4625874,0.24179174,0.0,0.0,1.0,0.46872723,3.2633438,1.4211551e-05,0.4803125,1.251173,1.0
772,3.2703633,2.4635644,2.4712458,0.04151962,0.0,0.0,1.0,0.40467915,3.2703633,1.2269649e-05,0.33485094,0.87225807,0.0
773,3.4400268,2.4644582,2.4749913,0.048415843,0.0,0.0,1.0,0.5121509,3.2716677,1.5528132e-05,0.4403321,1.1470275,1.0
774,3.6380887,2.402355,2.5507436,0.4847784,0.0,0.0,1.0,0.63492,3.1810384,1.9250425e-05,0.5414816,1.4105133,1.0
775,3.9382057,2.461586,2.496641,0.08852524,0.0,0.0,1.0,0.8467869,3.2674763,2.5674113e-05,0.6090405,1.5864984,1.0
776,3.7035913,2.419839,2.4933496,0.07847245,0.0,0.0,1.0,1.0271858,3.2065532,3.1143707e-05,0.5539057,1.442877,1.0
777,4.026245,2.558247,2.6281433,0.15719375,0.0,0.0,1.0,27.862888,3.408537,0.00084478746,0.58266115,1.5177824,1.0
778,3.997297,2.655564,2.6686256,0.20655933,0.0,0.0,1.0,28.464617,3.5505548,0.00086303154,0.5218962,1.3594949,1.0
779,4.010535,2.7468033,2.7795358,0.20762666,0.0,0.0,1.0,29.853046,3.6837032,0.00090512796,0.48120433,1.2534962,1.0
780,4.079172,2.8345504,2.8474762,0.20655933,0.0,0.0,1.0,31.383871,3.8117554,0.0009515417,0.4608385,1.2004448,1.0
781,3.9366496,2.9201334,2.960332,0.1231221,0.0,0.0,1.0,32.20776,3.9366496,0.0009765216,0.36934996,0.96212506,0.0
782,4.0569797,3.002589,3.0188072,0.06589584,0.0,0.0,1.0,33.076077,4.0569797,0.0010028485,0.29302123,0.76329523,0.0
783,4.120059,3.0444694,3.0497367,0.035983514,0.0,0.0,1.0,33.078117,4.1180973,0.0010029103,0.3844122,1.0013609,1.0
784,4.382438,3.0262015,3.0895212,0.07847245,0.0,0.0,1.0,33.997105,4.0914383,0.0010307735,0.4619007,1.2032118,1.0
785,4.570379,3.1196032,3.1244931,0.06943701,0.0,0.0,1.0,33.997105,4.227742,0.0010307735,0.47278202,1.2315567,1.0
786,4.277439,3.1536574,3.1577709,0.14360058,0.0,0.0,1.0,33.997105,4.277439,0.0010307735,0.35273048,0.9188327,0.0
787,4.673898,3.1764734,3.1781647,0.05585955,0.0,0.0,1.0,33.997105,4.3107347,0.0010307735,0.47629347,1.2407037,1.0
788,5.323435,3.1990843,3.202361,0.08228602,0.0,0.0,1.0,33.997105,4.343732,0.0010307735,0.6312728,1.6444117,1.0
789,4.5713577,3.1481774,3.215596,0.06503232,0.0,0.0,1.0,33.997105,4.2694416,0.0010307735,0.4614525,1.2020444,1.0
790,4.723073,3.1995275,3.2260933,0.1354147,0.0,0.0,1.0,33.997105,4.3443785,0.0010307735,0.4794989,1.2490536,1.0
791,4.6034207,3.235946,3.2390747,0.05585955,0.0,0.0,1.0,33.997105,4.3975253,0.0010307735,0.43524408,1.1337736,1.0
792,4.4181623,3.2500873,3.2566893,0.05585955,0.0,0.0,1.0,33.997105,4.4181623,0.0010307735,0.3053849,0.79550153,0.0
793,4.244106,3.1308162,3.167497,0.05454669,0.0,0.0,1.0,33.997105,4.244106,0.0010307735,0.36577046,0.95280075,0.0
794,4.3991776,3.065041,3.1044645,0.05454669,0.0,0.0,1.0,32.413868,4.148118,0.0009827707,0.45027396,1.1729251,1.0
795,4.1903896,2.9638052,3.0416062,0.06288073,0.0,0.0,1.0,8.118601,4.0003815,0.0002461515,0.43598628,1.135707,1.0
796,4.6615157,3.0458267,3.0496316,0.05666412,0.0,0.0,1.0,34.37413,4.120078,0.0010422047,0.5280288,1.3754698,1.0
